<?xml version="1.0" encoding="UTF-8"?>
<gpx xmlns:xsi="http://www.w3.org/2001/XMLSchema-instance" xmlns="http://www.topografix.com/GPX/1/1" xsi:schemaLocation="http://www.topografix.com/GPX/1/1 http://www.topografix.com/GPX/1/1/gpx.xsd http://www.garmin.com/xmlschemas/GpxExtensions/v3 http://www.garmin.com/xmlschemas/GpxExtensionsv3.xsd http://www.garmin.com/xmlschemas/TrackPointExtension/v1 http://www.garmin.com/xmlschemas/TrackPointExtensionv1.xsd http://www.topografix.com/GPX/gpx_style/0/2 http://www.topografix.com/GPX/gpx_style/0/2/gpx_style.xsd" xmlns:gpxtpx="http://www.garmin.com/xmlschemas/TrackPointExtension/v1" xmlns:gpxx="http://www.garmin.com/xmlschemas/GpxExtensions/v3" xmlns:gpx_style="http://www.topografix.com/GPX/gpx_style/0/2" version="1.1" creator="Wikiloc - https://www.wikiloc.com">
<metadata>
    <name>R10 - Sant Martí i Sant Miquel del Corb</name>
    <author>
        <name>gpx.studio</name>
        <link href="https://gpx.studio"></link>
    </author>
</metadata>
<wpt lat="42.157044" lon="2.513372">
    <ele>547.5</ele>
    <name>Sortida</name>
    <sym>Flag, Green</sym>
</wpt>
<wpt lat="42.14234086245075" lon="2.491981242154103">
    <ele>539.9</ele>
    <name>Els Camps</name>
    <sym>House</sym>
</wpt>
<wpt lat="42.14392258759164" lon="2.484969422221184">
    <ele>608.5</ele>
    <name>Sant Miquel del Corb</name>
    <sym>Church</sym>
</wpt>
<wpt lat="42.157076" lon="2.513381">
    <ele>547.4</ele>
    <name>Arribada</name>
    <sym>Flag, Blue</sym>
</wpt>
<wpt lat="42.13952529715849" lon="2.4915039539337163">
    <ele>603.0</ele>
    <name>Sant Martí del Corb</name>
    <sym>Church</sym>
</wpt>
<wpt lat="42.151414536388046" lon="2.500904455179023">
    <ele>547.3</ele>
    <name>Can Maià</name>
    <sym>House</sym>
</wpt>
<wpt lat="42.14277" lon="2.4851761">
    <ele>595.0</ele>
    <name>Parking</name>
    <cmt>amenity: parking</cmt>
    <sym>Parking Area</sym>
</wpt>
<wpt lat="42.1589314" lon="2.5114723">
    <ele>545.7</ele>
    <name>Font</name>
    <cmt>amenity: drinking_water</cmt>
    <sym>Drinking Water</sym>
</wpt>
<wpt lat="42.1596286" lon="2.5114529">
    <ele>543.5</ele>
    <name>Font

</name>
    <cmt>amenity: drinking_water</cmt>
    <sym>Drinking Water</sym>
</wpt>
<wpt lat="42.1614552" lon="2.5108038">
    <ele>539.8</ele>
    <name>Font</name>
    <cmt>amenity: drinking_water</cmt>
    <sym>Drinking Water</sym>
</wpt>
<wpt lat="42.155252065561335" lon="2.5087695324288637">
    <ele>565.5</ele>
    <name>G74</name>
    <cmt>Fageda d&apos;en Jordà</cmt>
    <desc>Fageda d&apos;en Jordà</desc>
    <sym>Flag, Green</sym>
</wpt>
<wpt lat="42.15382780227023" lon="2.5088953971862797">
    <ele>562.0</ele>
    <name>SP6</name>
    <cmt>Can Batet</cmt>
    <desc>Can Batet</desc>
    <sym>Flag, Green</sym>
</wpt>
<wpt lat="42.14520532169969" lon="2.4998617172241615">
    <ele>538.4</ele>
    <name>G75</name>
    <cmt>Pla de Sant Miquel del Corb</cmt>
    <desc>Pla de Sant Miquel del Corb</desc>
    <sym>Flag, Green</sym>
</wpt>
<wpt lat="42.14473423232641" lon="2.492367664862334">
    <ele>512.7</ele>
    <name>P8</name>
    <cmt>Pla de Sant Miquel del Corb</cmt>
    <desc>Pla de Sant Miquel del Corb</desc>
    <sym>Flag, Green</sym>
</wpt>
<trk>
    <name>Fageda d’en Jordà – Pla de Sant Miquel - Sant Martí del Corb...</name>
    <type>Running</type>
    <extensions>
        <gpx_style:line>
        <color>1100ff</color>
        <opacity>0.7</opacity>
        <weight>3</weight>
        </gpx_style:line>
    </extensions>
    <trkseg>
    <trkpt lat="42.157075" lon="2.51338">
        <ele>555.3</ele>
        <time>2018-08-19T11:46:13.606Z</time>
        <extensions>
        <gpxtpx:TrackPointExtension>
        <gpxtpx:Extensions>
            <surface>asphalt</surface>
        </gpxtpx:Extensions>
        </gpxtpx:TrackPointExtension>
        </extensions>
    </trkpt>
    </trkseg>
    <trkseg>
    <trkpt lat="42.141781" lon="2.486197">
        <ele>581.3</ele>
        <time>2018-08-19T13:08:26.758Z</time>
    </trkpt>
    </trkseg>
    <trkseg>
    <trkpt lat="42.157044" lon="2.513372">
        <ele>570.1</ele>
        <time>2018-08-19T08:18:22.000Z</time>
    </trkpt>
    <trkpt lat="42.157044" lon="2.513372">
        <ele>570.0</ele>
        <time>2018-08-19T08:18:23.000Z</time>
    </trkpt>
    <trkpt lat="42.15699" lon="2.513448">
        <ele>569.9</ele>
        <time>2018-08-19T08:18:33.000Z</time>
    </trkpt>
    <trkpt lat="42.15689" lon="2.513564">
        <ele>570.1</ele>
        <time>2018-08-19T08:18:43.000Z</time>
    </trkpt>
    <trkpt lat="42.156865" lon="2.513588">
        <ele>570.4</ele>
        <time>2018-08-19T08:18:53.000Z</time>
    </trkpt>
    <trkpt lat="42.156797" lon="2.51363">
        <ele>570.8</ele>
        <time>2018-08-19T08:19:03.000Z</time>
    </trkpt>
    <trkpt lat="42.156724" lon="2.513698">
        <ele>571.3</ele>
        <time>2018-08-19T08:19:13.000Z</time>
    </trkpt>
    <trkpt lat="42.156608" lon="2.513793">
        <ele>572.3</ele>
        <time>2018-08-19T08:19:23.000Z</time>
    </trkpt>
    <trkpt lat="42.156526" lon="2.513846">
        <ele>573.2</ele>
        <time>2018-08-19T08:19:33.000Z</time>
    </trkpt>
    <trkpt lat="42.156428" lon="2.513932">
        <ele>574.6</ele>
        <time>2018-08-19T08:19:43.000Z</time>
    </trkpt>
    <trkpt lat="42.156355" lon="2.514003">
        <ele>575.7</ele>
        <time>2018-08-19T08:19:53.000Z</time>
    </trkpt>
    <trkpt lat="42.156276" lon="2.514077">
        <ele>576.7</ele>
        <time>2018-08-19T08:20:03.000Z</time>
    </trkpt>
    <trkpt lat="42.156194" lon="2.514106">
        <ele>577.8</ele>
        <time>2018-08-19T08:20:13.000Z</time>
    </trkpt>
    <trkpt lat="42.156102" lon="2.514136">
        <ele>578.2</ele>
        <time>2018-08-19T08:20:23.000Z</time>
    </trkpt>
    <trkpt lat="42.156056" lon="2.514154">
        <ele>578.5</ele>
        <time>2018-08-19T08:20:33.000Z</time>
    </trkpt>
    <trkpt lat="42.156049" lon="2.51415">
        <ele>578.5</ele>
        <time>2018-08-19T08:20:43.000Z</time>
    </trkpt>
    <trkpt lat="42.156014" lon="2.514159">
        <ele>578.6</ele>
        <time>2018-08-19T08:20:53.000Z</time>
    </trkpt>
    <trkpt lat="42.15601" lon="2.514156">
        <ele>578.7</ele>
        <time>2018-08-19T08:21:03.000Z</time>
    </trkpt>
    <trkpt lat="42.15601" lon="2.514155">
        <ele>579.1</ele>
        <time>2018-08-19T08:21:13.000Z</time>
    </trkpt>
    <trkpt lat="42.156008" lon="2.514154">
        <ele>579.0</ele>
        <time>2018-08-19T08:21:23.000Z</time>
    </trkpt>
    <trkpt lat="42.155911" lon="2.514164">
        <ele>579.3</ele>
        <time>2018-08-19T08:21:33.000Z</time>
    </trkpt>
    <trkpt lat="42.155786" lon="2.514195">
        <ele>579.5</ele>
        <time>2018-08-19T08:21:43.000Z</time>
    </trkpt>
    <trkpt lat="42.155693" lon="2.514226">
        <ele>579.5</ele>
        <time>2018-08-19T08:21:53.000Z</time>
    </trkpt>
    <trkpt lat="42.155666" lon="2.514229">
        <ele>579.7</ele>
        <time>2018-08-19T08:22:03.000Z</time>
    </trkpt>
    <trkpt lat="42.155669" lon="2.514121">
        <ele>579.8</ele>
        <time>2018-08-19T08:22:13.000Z</time>
    </trkpt>
    <trkpt lat="42.155667" lon="2.514033">
        <ele>580.0</ele>
        <time>2018-08-19T08:22:23.000Z</time>
    </trkpt>
    <trkpt lat="42.155697" lon="2.513956">
        <ele>580.2</ele>
        <time>2018-08-19T08:22:33.000Z</time>
    </trkpt>
    <trkpt lat="42.155723" lon="2.513807">
        <ele>580.5</ele>
        <time>2018-08-19T08:22:43.000Z</time>
    </trkpt>
    <trkpt lat="42.15572" lon="2.51369">
        <ele>581.1</ele>
        <time>2018-08-19T08:22:53.000Z</time>
    </trkpt>
    <trkpt lat="42.155731" lon="2.513632">
        <ele>581.6</ele>
        <time>2018-08-19T08:23:03.000Z</time>
    </trkpt>
    <trkpt lat="42.155743" lon="2.513583">
        <ele>581.0</ele>
        <time>2018-08-19T08:23:13.000Z</time>
    </trkpt>
    <trkpt lat="42.155727" lon="2.51333">
        <ele>580.6</ele>
        <time>2018-08-19T08:23:23.000Z</time>
    </trkpt>
    <trkpt lat="42.155718" lon="2.513132">
        <ele>580.4</ele>
        <time>2018-08-19T08:23:33.000Z</time>
    </trkpt>
    <trkpt lat="42.15572" lon="2.512971">
        <ele>580.1</ele>
        <time>2018-08-19T08:23:43.000Z</time>
    </trkpt>
    <trkpt lat="42.155715" lon="2.512815">
        <ele>579.7</ele>
        <time>2018-08-19T08:23:53.000Z</time>
    </trkpt>
    <trkpt lat="42.155722" lon="2.512715">
        <ele>579.3</ele>
        <time>2018-08-19T08:24:03.000Z</time>
    </trkpt>
    <trkpt lat="42.155732" lon="2.512547">
        <ele>578.5</ele>
        <time>2018-08-19T08:24:13.000Z</time>
    </trkpt>
    <trkpt lat="42.155715" lon="2.512352">
        <ele>578.3</ele>
        <time>2018-08-19T08:24:23.000Z</time>
    </trkpt>
    <trkpt lat="42.155686" lon="2.512251">
        <ele>578.0</ele>
        <time>2018-08-19T08:24:33.000Z</time>
    </trkpt>
    <trkpt lat="42.155635" lon="2.51214">
        <ele>577.5</ele>
        <time>2018-08-19T08:24:43.000Z</time>
    </trkpt>
    <trkpt lat="42.155572" lon="2.512">
        <ele>576.6</ele>
        <time>2018-08-19T08:24:53.000Z</time>
    </trkpt>
    <trkpt lat="42.155514" lon="2.511878">
        <ele>575.8</ele>
        <time>2018-08-19T08:25:03.000Z</time>
    </trkpt>
    <trkpt lat="42.155489" lon="2.511766">
        <ele>575.6</ele>
        <time>2018-08-19T08:25:13.000Z</time>
    </trkpt>
    <trkpt lat="42.15548" lon="2.511604">
        <ele>575.3</ele>
        <time>2018-08-19T08:25:23.000Z</time>
    </trkpt>
    <trkpt lat="42.155471" lon="2.511413">
        <ele>575.1</ele>
        <time>2018-08-19T08:25:33.000Z</time>
    </trkpt>
    <trkpt lat="42.155463" lon="2.511241">
        <ele>575.3</ele>
        <time>2018-08-19T08:25:43.000Z</time>
    </trkpt>
    <trkpt lat="42.155465" lon="2.511088">
        <ele>575.2</ele>
        <time>2018-08-19T08:25:53.000Z</time>
    </trkpt>
    <trkpt lat="42.155481" lon="2.510925">
        <ele>575.5</ele>
        <time>2018-08-19T08:26:03.000Z</time>
    </trkpt>
    <trkpt lat="42.155516" lon="2.510826">
        <ele>575.5</ele>
        <time>2018-08-19T08:26:13.000Z</time>
    </trkpt>
    <trkpt lat="42.15551" lon="2.510812">
        <ele>575.5</ele>
        <time>2018-08-19T08:26:23.000Z</time>
    </trkpt>
    <trkpt lat="42.155494" lon="2.510776">
        <ele>575.7</ele>
        <time>2018-08-19T08:26:33.000Z</time>
    </trkpt>
    <trkpt lat="42.1555" lon="2.510623">
        <ele>575.5</ele>
        <time>2018-08-19T08:26:43.000Z</time>
    </trkpt>
    <trkpt lat="42.155501" lon="2.510456">
        <ele>575.6</ele>
        <time>2018-08-19T08:26:53.000Z</time>
    </trkpt>
    <trkpt lat="42.155496" lon="2.510314">
        <ele>575.6</ele>
        <time>2018-08-19T08:27:03.000Z</time>
    </trkpt>
    <trkpt lat="42.155514" lon="2.510176">
        <ele>575.5</ele>
        <time>2018-08-19T08:27:13.000Z</time>
    </trkpt>
    <trkpt lat="42.155494" lon="2.509983">
        <ele>575.8</ele>
        <time>2018-08-19T08:27:23.000Z</time>
    </trkpt>
    <trkpt lat="42.1555" lon="2.509829">
        <ele>576.1</ele>
        <time>2018-08-19T08:27:33.000Z</time>
    </trkpt>
    <trkpt lat="42.155451" lon="2.50966">
        <ele>576.5</ele>
        <time>2018-08-19T08:27:43.000Z</time>
    </trkpt>
    <trkpt lat="42.155412" lon="2.509529">
        <ele>577.1</ele>
        <time>2018-08-19T08:27:53.000Z</time>
    </trkpt>
    <trkpt lat="42.155398" lon="2.509399">
        <ele>577.0</ele>
        <time>2018-08-19T08:28:03.000Z</time>
    </trkpt>
    <trkpt lat="42.155379" lon="2.509237">
        <ele>576.7</ele>
        <time>2018-08-19T08:28:13.000Z</time>
    </trkpt>
    <trkpt lat="42.155326" lon="2.509115">
        <ele>576.6</ele>
        <time>2018-08-19T08:28:23.000Z</time>
    </trkpt>
    <trkpt lat="42.155301" lon="2.508994">
        <ele>576.5</ele>
        <time>2018-08-19T08:28:33.000Z</time>
    </trkpt>
    <trkpt lat="42.155289" lon="2.508925">
        <ele>576.4</ele>
        <time>2018-08-19T08:28:43.000Z</time>
    </trkpt>
    <trkpt lat="42.155271" lon="2.508798">
        <ele>576.0</ele>
        <time>2018-08-19T08:28:53.000Z</time>
    </trkpt>
    <trkpt lat="42.155269" lon="2.50879">
        <ele>576.0</ele>
        <time>2018-08-19T08:29:03.000Z</time>
    </trkpt>
    <trkpt lat="42.155259" lon="2.508788">
        <ele>576.3</ele>
        <time>2018-08-19T08:29:13.000Z</time>
    </trkpt>
    <trkpt lat="42.155263" lon="2.508807">
        <ele>576.6</ele>
        <time>2018-08-19T08:29:23.000Z</time>
    </trkpt>
    <trkpt lat="42.155266" lon="2.508798">
        <ele>576.5</ele>
        <time>2018-08-19T08:29:33.000Z</time>
    </trkpt>
    <trkpt lat="42.15521" lon="2.508799">
        <ele>575.9</ele>
        <time>2018-08-19T08:29:43.000Z</time>
    </trkpt>
    <trkpt lat="42.155096" lon="2.508798">
        <ele>576.0</ele>
        <time>2018-08-19T08:29:53.000Z</time>
    </trkpt>
    <trkpt lat="42.154995" lon="2.508852">
        <ele>575.6</ele>
        <time>2018-08-19T08:30:03.000Z</time>
    </trkpt>
    <trkpt lat="42.154947" lon="2.508835">
        <ele>575.6</ele>
        <time>2018-08-19T08:30:13.000Z</time>
    </trkpt>
    <trkpt lat="42.154938" lon="2.508837">
        <ele>575.7</ele>
        <time>2018-08-19T08:30:23.000Z</time>
    </trkpt>
    <trkpt lat="42.154925" lon="2.508844">
        <ele>575.7</ele>
        <time>2018-08-19T08:30:33.000Z</time>
    </trkpt>
    <trkpt lat="42.154913" lon="2.508832">
        <ele>575.9</ele>
        <time>2018-08-19T08:30:43.000Z</time>
    </trkpt>
    <trkpt lat="42.1549" lon="2.508827">
        <ele>575.8</ele>
        <time>2018-08-19T08:30:53.000Z</time>
    </trkpt>
    <trkpt lat="42.154889" lon="2.508834">
        <ele>575.8</ele>
        <time>2018-08-19T08:31:03.000Z</time>
    </trkpt>
    <trkpt lat="42.154817" lon="2.508893">
        <ele>575.6</ele>
        <time>2018-08-19T08:31:13.000Z</time>
    </trkpt>
    <trkpt lat="42.154738" lon="2.508948">
        <ele>575.5</ele>
        <time>2018-08-19T08:31:23.000Z</time>
    </trkpt>
    <trkpt lat="42.154622" lon="2.508991">
        <ele>575.6</ele>
        <time>2018-08-19T08:31:33.000Z</time>
    </trkpt>
    <trkpt lat="42.154463" lon="2.508997">
        <ele>575.8</ele>
        <time>2018-08-19T08:31:43.000Z</time>
    </trkpt>
    <trkpt lat="42.154334" lon="2.509039">
        <ele>575.8</ele>
        <time>2018-08-19T08:31:53.000Z</time>
    </trkpt>
    <trkpt lat="42.154234" lon="2.509032">
        <ele>575.7</ele>
        <time>2018-08-19T08:32:03.000Z</time>
    </trkpt>
    <trkpt lat="42.154046" lon="2.508968">
        <ele>575.1</ele>
        <time>2018-08-19T08:32:13.000Z</time>
    </trkpt>
    <trkpt lat="42.153907" lon="2.508938">
        <ele>574.7</ele>
        <time>2018-08-19T08:32:23.000Z</time>
    </trkpt>
    <trkpt lat="42.153812" lon="2.508918">
        <ele>574.4</ele>
        <time>2018-08-19T08:32:33.000Z</time>
    </trkpt>
    <trkpt lat="42.153808" lon="2.508885">
        <ele>574.5</ele>
        <time>2018-08-19T08:32:43.000Z</time>
    </trkpt>
    <trkpt lat="42.15376" lon="2.508752">
        <ele>575.0</ele>
        <time>2018-08-19T08:32:53.000Z</time>
    </trkpt>
    <trkpt lat="42.153747" lon="2.508664">
        <ele>575.8</ele>
        <time>2018-08-19T08:33:03.000Z</time>
    </trkpt>
    <trkpt lat="42.153709" lon="2.508575">
        <ele>576.6</ele>
        <time>2018-08-19T08:33:13.000Z</time>
    </trkpt>
    <trkpt lat="42.153695" lon="2.508552">
        <ele>576.7</ele>
        <time>2018-08-19T08:33:23.000Z</time>
    </trkpt>
    <trkpt lat="42.153585" lon="2.508398">
        <ele>576.6</ele>
        <time>2018-08-19T08:33:33.000Z</time>
    </trkpt>
    <trkpt lat="42.153484" lon="2.508325">
        <ele>575.7</ele>
        <time>2018-08-19T08:33:43.000Z</time>
    </trkpt>
    <trkpt lat="42.152893" lon="2.507786">
        <ele>564.3</ele>
        <time>2018-08-19T08:34:43.000Z</time>
    </trkpt>
    <trkpt lat="42.152885" lon="2.50778">
        <ele>563.6</ele>
        <time>2018-08-19T08:34:44.000Z</time>
    </trkpt>
    <trkpt lat="42.15284" lon="2.5077">
        <ele>561.1</ele>
        <time>2018-08-19T08:34:54.000Z</time>
    </trkpt>
    <trkpt lat="42.152787" lon="2.507641">
        <ele>559.8</ele>
        <time>2018-08-19T08:35:04.000Z</time>
    </trkpt>
    <trkpt lat="42.152748" lon="2.507619">
        <ele>558.0</ele>
        <time>2018-08-19T08:35:14.000Z</time>
    </trkpt>
    <trkpt lat="42.152746" lon="2.507619">
        <ele>557.2</ele>
        <time>2018-08-19T08:35:24.000Z</time>
    </trkpt>
    <trkpt lat="42.152742" lon="2.507618">
        <ele>556.8</ele>
        <time>2018-08-19T08:35:34.000Z</time>
    </trkpt>
    <trkpt lat="42.152746" lon="2.507626">
        <ele>556.6</ele>
        <time>2018-08-19T08:35:44.000Z</time>
    </trkpt>
    <trkpt lat="42.15275" lon="2.507632">
        <ele>557.6</ele>
        <time>2018-08-19T08:35:54.000Z</time>
    </trkpt>
    <trkpt lat="42.152755" lon="2.507588">
        <ele>557.8</ele>
        <time>2018-08-19T08:36:04.000Z</time>
    </trkpt>
    <trkpt lat="42.152777" lon="2.507574">
        <ele>557.7</ele>
        <time>2018-08-19T08:36:14.000Z</time>
    </trkpt>
    <trkpt lat="42.152753" lon="2.507564">
        <ele>557.7</ele>
        <time>2018-08-19T08:36:24.000Z</time>
    </trkpt>
    <trkpt lat="42.152707" lon="2.507568">
        <ele>558.0</ele>
        <time>2018-08-19T08:36:34.000Z</time>
    </trkpt>
    <trkpt lat="42.152621" lon="2.5076">
        <ele>557.8</ele>
        <time>2018-08-19T08:36:44.000Z</time>
    </trkpt>
    <trkpt lat="42.152479" lon="2.507637">
        <ele>557.7</ele>
        <time>2018-08-19T08:36:54.000Z</time>
    </trkpt>
    <trkpt lat="42.152428" lon="2.507681">
        <ele>557.7</ele>
        <time>2018-08-19T08:37:04.000Z</time>
    </trkpt>
    <trkpt lat="42.152414" lon="2.507698">
        <ele>557.9</ele>
        <time>2018-08-19T08:37:14.000Z</time>
    </trkpt>
    <trkpt lat="42.152304" lon="2.507813">
        <ele>557.5</ele>
        <time>2018-08-19T08:37:24.000Z</time>
    </trkpt>
    <trkpt lat="42.152228" lon="2.507936">
        <ele>558.5</ele>
        <time>2018-08-19T08:37:34.000Z</time>
    </trkpt>
    <trkpt lat="42.152149" lon="2.507979">
        <ele>558.9</ele>
        <time>2018-08-19T08:37:44.000Z</time>
    </trkpt>
    <trkpt lat="42.152006" lon="2.50801">
        <ele>558.3</ele>
        <time>2018-08-19T08:37:54.000Z</time>
    </trkpt>
    <trkpt lat="42.151909" lon="2.507945">
        <ele>557.4</ele>
        <time>2018-08-19T08:38:04.000Z</time>
    </trkpt>
    <trkpt lat="42.151723" lon="2.507864">
        <ele>557.3</ele>
        <time>2018-08-19T08:38:14.000Z</time>
    </trkpt>
    <trkpt lat="42.151643" lon="2.507824">
        <ele>557.6</ele>
        <time>2018-08-19T08:38:24.000Z</time>
    </trkpt>
    <trkpt lat="42.151598" lon="2.507771">
        <ele>558.0</ele>
        <time>2018-08-19T08:38:34.000Z</time>
    </trkpt>
    <trkpt lat="42.151508" lon="2.507609">
        <ele>558.1</ele>
        <time>2018-08-19T08:38:44.000Z</time>
    </trkpt>
    <trkpt lat="42.151475" lon="2.507582">
        <ele>557.6</ele>
        <time>2018-08-19T08:38:54.000Z</time>
    </trkpt>
    <trkpt lat="42.151395" lon="2.507552">
        <ele>558.0</ele>
        <time>2018-08-19T08:39:04.000Z</time>
    </trkpt>
    <trkpt lat="42.151277" lon="2.507484">
        <ele>558.0</ele>
        <time>2018-08-19T08:39:14.000Z</time>
    </trkpt>
    <trkpt lat="42.151146" lon="2.50744">
        <ele>558.2</ele>
        <time>2018-08-19T08:39:24.000Z</time>
    </trkpt>
    <trkpt lat="42.151038" lon="2.507429">
        <ele>557.7</ele>
        <time>2018-08-19T08:39:34.000Z</time>
    </trkpt>
    <trkpt lat="42.150949" lon="2.507384">
        <ele>557.0</ele>
        <time>2018-08-19T08:39:44.000Z</time>
    </trkpt>
    <trkpt lat="42.150838" lon="2.507305">
        <ele>557.1</ele>
        <time>2018-08-19T08:39:54.000Z</time>
    </trkpt>
    <trkpt lat="42.150808" lon="2.507286">
        <ele>556.8</ele>
        <time>2018-08-19T08:40:04.000Z</time>
    </trkpt>
    <trkpt lat="42.150674" lon="2.507241">
        <ele>557.0</ele>
        <time>2018-08-19T08:40:14.000Z</time>
    </trkpt>
    <trkpt lat="42.150624" lon="2.507148">
        <ele>556.5</ele>
        <time>2018-08-19T08:40:24.000Z</time>
    </trkpt>
    <trkpt lat="42.150631" lon="2.507049">
        <ele>556.0</ele>
        <time>2018-08-19T08:40:34.000Z</time>
    </trkpt>
    <trkpt lat="42.150601" lon="2.506947">
        <ele>556.3</ele>
        <time>2018-08-19T08:40:44.000Z</time>
    </trkpt>
    <trkpt lat="42.150543" lon="2.506828">
        <ele>556.5</ele>
        <time>2018-08-19T08:40:54.000Z</time>
    </trkpt>
    <trkpt lat="42.15046" lon="2.506768">
        <ele>556.3</ele>
        <time>2018-08-19T08:41:04.000Z</time>
    </trkpt>
    <trkpt lat="42.150363" lon="2.506695">
        <ele>556.2</ele>
        <time>2018-08-19T08:41:14.000Z</time>
    </trkpt>
    <trkpt lat="42.150317" lon="2.506639">
        <ele>556.0</ele>
        <time>2018-08-19T08:41:24.000Z</time>
    </trkpt>
    <trkpt lat="42.150197" lon="2.506491">
        <ele>556.0</ele>
        <time>2018-08-19T08:41:34.000Z</time>
    </trkpt>
    <trkpt lat="42.150129" lon="2.506409">
        <ele>556.1</ele>
        <time>2018-08-19T08:41:44.000Z</time>
    </trkpt>
    <trkpt lat="42.150049" lon="2.506318">
        <ele>557.0</ele>
        <time>2018-08-19T08:41:54.000Z</time>
    </trkpt>
    <trkpt lat="42.149952" lon="2.506243">
        <ele>556.8</ele>
        <time>2018-08-19T08:42:04.000Z</time>
    </trkpt>
    <trkpt lat="42.149882" lon="2.506219">
        <ele>555.7</ele>
        <time>2018-08-19T08:42:14.000Z</time>
    </trkpt>
    <trkpt lat="42.149868" lon="2.506232">
        <ele>554.9</ele>
        <time>2018-08-19T08:42:24.000Z</time>
    </trkpt>
    <trkpt lat="42.149869" lon="2.506221">
        <ele>554.2</ele>
        <time>2018-08-19T08:42:34.000Z</time>
    </trkpt>
    <trkpt lat="42.149856" lon="2.506209">
        <ele>554.4</ele>
        <time>2018-08-19T08:42:44.000Z</time>
    </trkpt>
    <trkpt lat="42.14981" lon="2.506178">
        <ele>554.3</ele>
        <time>2018-08-19T08:42:54.000Z</time>
    </trkpt>
    <trkpt lat="42.149798" lon="2.506164">
        <ele>554.5</ele>
        <time>2018-08-19T08:43:04.000Z</time>
    </trkpt>
    <trkpt lat="42.149801" lon="2.506172">
        <ele>554.7</ele>
        <time>2018-08-19T08:43:14.000Z</time>
    </trkpt>
    <trkpt lat="42.149799" lon="2.506168">
        <ele>554.7</ele>
        <time>2018-08-19T08:43:24.000Z</time>
    </trkpt>
    <trkpt lat="42.149785" lon="2.505978">
        <ele>554.8</ele>
        <time>2018-08-19T08:43:34.000Z</time>
    </trkpt>
    <trkpt lat="42.149756" lon="2.505887">
        <ele>554.8</ele>
        <time>2018-08-19T08:43:44.000Z</time>
    </trkpt>
    <trkpt lat="42.149746" lon="2.505795">
        <ele>554.7</ele>
        <time>2018-08-19T08:43:54.000Z</time>
    </trkpt>
    <trkpt lat="42.149734" lon="2.505744">
        <ele>554.3</ele>
        <time>2018-08-19T08:44:04.000Z</time>
    </trkpt>
    <trkpt lat="42.149743" lon="2.505757">
        <ele>554.0</ele>
        <time>2018-08-19T08:44:14.000Z</time>
    </trkpt>
    <trkpt lat="42.149728" lon="2.505678">
        <ele>554.1</ele>
        <time>2018-08-19T08:44:24.000Z</time>
    </trkpt>
    <trkpt lat="42.149744" lon="2.505551">
        <ele>554.4</ele>
        <time>2018-08-19T08:44:34.000Z</time>
    </trkpt>
    <trkpt lat="42.149748" lon="2.505424">
        <ele>554.0</ele>
        <time>2018-08-19T08:44:44.000Z</time>
    </trkpt>
    <trkpt lat="42.149681" lon="2.505284">
        <ele>554.0</ele>
        <time>2018-08-19T08:44:54.000Z</time>
    </trkpt>
    <trkpt lat="42.149593" lon="2.505189">
        <ele>554.2</ele>
        <time>2018-08-19T08:45:04.000Z</time>
    </trkpt>
    <trkpt lat="42.149529" lon="2.505053">
        <ele>554.5</ele>
        <time>2018-08-19T08:45:14.000Z</time>
    </trkpt>
    <trkpt lat="42.149498" lon="2.504975">
        <ele>554.2</ele>
        <time>2018-08-19T08:45:24.000Z</time>
    </trkpt>
    <trkpt lat="42.149415" lon="2.504859">
        <ele>554.1</ele>
        <time>2018-08-19T08:45:34.000Z</time>
    </trkpt>
    <trkpt lat="42.149387" lon="2.504808">
        <ele>553.8</ele>
        <time>2018-08-19T08:45:44.000Z</time>
    </trkpt>
    <trkpt lat="42.149385" lon="2.504641">
        <ele>553.8</ele>
        <time>2018-08-19T08:45:54.000Z</time>
    </trkpt>
    <trkpt lat="42.149379" lon="2.504562">
        <ele>554.5</ele>
        <time>2018-08-19T08:46:04.000Z</time>
    </trkpt>
    <trkpt lat="42.149364" lon="2.504489">
        <ele>555.2</ele>
        <time>2018-08-19T08:46:14.000Z</time>
    </trkpt>
    <trkpt lat="42.149369" lon="2.504414">
        <ele>555.6</ele>
        <time>2018-08-19T08:46:24.000Z</time>
    </trkpt>
    <trkpt lat="42.149304" lon="2.504266">
        <ele>556.3</ele>
        <time>2018-08-19T08:46:34.000Z</time>
    </trkpt>
    <trkpt lat="42.149309" lon="2.504131">
        <ele>556.9</ele>
        <time>2018-08-19T08:46:44.000Z</time>
    </trkpt>
    <trkpt lat="42.149263" lon="2.504019">
        <ele>557.0</ele>
        <time>2018-08-19T08:46:54.000Z</time>
    </trkpt>
    <trkpt lat="42.149258" lon="2.503881">
        <ele>556.5</ele>
        <time>2018-08-19T08:47:04.000Z</time>
    </trkpt>
    <trkpt lat="42.149294" lon="2.503868">
        <ele>556.0</ele>
        <time>2018-08-19T08:47:14.000Z</time>
    </trkpt>
    <trkpt lat="42.149224" lon="2.503779">
        <ele>555.9</ele>
        <time>2018-08-19T08:47:24.000Z</time>
    </trkpt>
    <trkpt lat="42.149167" lon="2.503687">
        <ele>556.2</ele>
        <time>2018-08-19T08:47:34.000Z</time>
    </trkpt>
    <trkpt lat="42.149206" lon="2.503713">
        <ele>556.3</ele>
        <time>2018-08-19T08:47:44.000Z</time>
    </trkpt>
    <trkpt lat="42.149148" lon="2.503679">
        <ele>556.0</ele>
        <time>2018-08-19T08:47:54.000Z</time>
    </trkpt>
    <trkpt lat="42.149081" lon="2.503681">
        <ele>555.5</ele>
        <time>2018-08-19T08:48:04.000Z</time>
    </trkpt>
    <trkpt lat="42.148993" lon="2.503696">
        <ele>555.1</ele>
        <time>2018-08-19T08:48:14.000Z</time>
    </trkpt>
    <trkpt lat="42.148968" lon="2.503681">
        <ele>554.7</ele>
        <time>2018-08-19T08:48:24.000Z</time>
    </trkpt>
    <trkpt lat="42.148882" lon="2.503599">
        <ele>554.7</ele>
        <time>2018-08-19T08:48:34.000Z</time>
    </trkpt>
    <trkpt lat="42.148761" lon="2.503509">
        <ele>554.5</ele>
        <time>2018-08-19T08:48:44.000Z</time>
    </trkpt>
    <trkpt lat="42.148655" lon="2.503519">
        <ele>553.5</ele>
        <time>2018-08-19T08:48:54.000Z</time>
    </trkpt>
    <trkpt lat="42.148584" lon="2.50354">
        <ele>553.3</ele>
        <time>2018-08-19T08:49:04.000Z</time>
    </trkpt>
    <trkpt lat="42.148472" lon="2.503524">
        <ele>553.5</ele>
        <time>2018-08-19T08:49:14.000Z</time>
    </trkpt>
    <trkpt lat="42.148374" lon="2.503536">
        <ele>552.7</ele>
        <time>2018-08-19T08:49:24.000Z</time>
    </trkpt>
    <trkpt lat="42.148334" lon="2.503552">
        <ele>552.7</ele>
        <time>2018-08-19T08:49:34.000Z</time>
    </trkpt>
    <trkpt lat="42.148162" lon="2.503531">
        <ele>552.5</ele>
        <time>2018-08-19T08:49:44.000Z</time>
    </trkpt>
    <trkpt lat="42.148076" lon="2.50351">
        <ele>552.7</ele>
        <time>2018-08-19T08:49:54.000Z</time>
    </trkpt>
    <trkpt lat="42.148013" lon="2.503486">
        <ele>552.8</ele>
        <time>2018-08-19T08:50:04.000Z</time>
    </trkpt>
    <trkpt lat="42.147926" lon="2.503456">
        <ele>552.3</ele>
        <time>2018-08-19T08:50:14.000Z</time>
    </trkpt>
    <trkpt lat="42.1478" lon="2.503515">
        <ele>552.1</ele>
        <time>2018-08-19T08:50:24.000Z</time>
    </trkpt>
    <trkpt lat="42.147686" lon="2.5035">
        <ele>552.4</ele>
        <time>2018-08-19T08:50:34.000Z</time>
    </trkpt>
    <trkpt lat="42.147584" lon="2.503457">
        <ele>552.5</ele>
        <time>2018-08-19T08:50:44.000Z</time>
    </trkpt>
    <trkpt lat="42.147477" lon="2.5034">
        <ele>552.6</ele>
        <time>2018-08-19T08:50:54.000Z</time>
    </trkpt>
    <trkpt lat="42.147453" lon="2.503331">
        <ele>552.5</ele>
        <time>2018-08-19T08:51:04.000Z</time>
    </trkpt>
    <trkpt lat="42.147362" lon="2.503252">
        <ele>551.7</ele>
        <time>2018-08-19T08:51:14.000Z</time>
    </trkpt>
    <trkpt lat="42.147283" lon="2.503124">
        <ele>551.0</ele>
        <time>2018-08-19T08:51:24.000Z</time>
    </trkpt>
    <trkpt lat="42.147246" lon="2.503085">
        <ele>550.6</ele>
        <time>2018-08-19T08:51:34.000Z</time>
    </trkpt>
    <trkpt lat="42.147214" lon="2.503028">
        <ele>550.4</ele>
        <time>2018-08-19T08:51:44.000Z</time>
    </trkpt>
    <trkpt lat="42.147139" lon="2.502893">
        <ele>550.3</ele>
        <time>2018-08-19T08:51:54.000Z</time>
    </trkpt>
    <trkpt lat="42.147023" lon="2.50285">
        <ele>549.8</ele>
        <time>2018-08-19T08:52:04.000Z</time>
    </trkpt>
    <trkpt lat="42.14693" lon="2.502854">
        <ele>548.6</ele>
        <time>2018-08-19T08:52:14.000Z</time>
    </trkpt>
    <trkpt lat="42.146848" lon="2.502849">
        <ele>547.6</ele>
        <time>2018-08-19T08:52:24.000Z</time>
    </trkpt>
    <trkpt lat="42.146774" lon="2.502847">
        <ele>547.0</ele>
        <time>2018-08-19T08:52:34.000Z</time>
    </trkpt>
    <trkpt lat="42.146672" lon="2.502865">
        <ele>546.6</ele>
        <time>2018-08-19T08:52:44.000Z</time>
    </trkpt>
    <trkpt lat="42.14653" lon="2.50287">
        <ele>546.5</ele>
        <time>2018-08-19T08:52:54.000Z</time>
    </trkpt>
    <trkpt lat="42.146436" lon="2.502829">
        <ele>546.7</ele>
        <time>2018-08-19T08:53:04.000Z</time>
    </trkpt>
    <trkpt lat="42.14634" lon="2.50275">
        <ele>547.0</ele>
        <time>2018-08-19T08:53:14.000Z</time>
    </trkpt>
    <trkpt lat="42.146247" lon="2.502701">
        <ele>547.5</ele>
        <time>2018-08-19T08:53:24.000Z</time>
    </trkpt>
    <trkpt lat="42.146216" lon="2.502666">
        <ele>547.7</ele>
        <time>2018-08-19T08:53:34.000Z</time>
    </trkpt>
    <trkpt lat="42.146231" lon="2.502625">
        <ele>547.9</ele>
        <time>2018-08-19T08:53:44.000Z</time>
    </trkpt>
    <trkpt lat="42.146239" lon="2.502606">
        <ele>547.8</ele>
        <time>2018-08-19T08:53:54.000Z</time>
    </trkpt>
    <trkpt lat="42.146264" lon="2.502624">
        <ele>548.0</ele>
        <time>2018-08-19T08:54:04.000Z</time>
    </trkpt>
    <trkpt lat="42.146241" lon="2.502537">
        <ele>548.5</ele>
        <time>2018-08-19T08:54:14.000Z</time>
    </trkpt>
    <trkpt lat="42.14624" lon="2.502467">
        <ele>548.5</ele>
        <time>2018-08-19T08:54:24.000Z</time>
    </trkpt>
    <trkpt lat="42.146201" lon="2.502398">
        <ele>548.4</ele>
        <time>2018-08-19T08:54:34.000Z</time>
    </trkpt>
    <trkpt lat="42.14616" lon="2.50235">
        <ele>548.8</ele>
        <time>2018-08-19T08:54:44.000Z</time>
    </trkpt>
    <trkpt lat="42.14613" lon="2.50233">
        <ele>549.5</ele>
        <time>2018-08-19T08:54:54.000Z</time>
    </trkpt>
    <trkpt lat="42.146023" lon="2.502216">
        <ele>550.1</ele>
        <time>2018-08-19T08:55:04.000Z</time>
    </trkpt>
    <trkpt lat="42.145921" lon="2.502086">
        <ele>549.9</ele>
        <time>2018-08-19T08:55:14.000Z</time>
    </trkpt>
    <trkpt lat="42.145871" lon="2.501983">
        <ele>549.5</ele>
        <time>2018-08-19T08:55:24.000Z</time>
    </trkpt>
    <trkpt lat="42.145857" lon="2.501921">
        <ele>549.7</ele>
        <time>2018-08-19T08:55:34.000Z</time>
    </trkpt>
    <trkpt lat="42.1459" lon="2.501894">
        <ele>549.5</ele>
        <time>2018-08-19T08:55:44.000Z</time>
    </trkpt>
    <trkpt lat="42.145855" lon="2.501747">
        <ele>549.6</ele>
        <time>2018-08-19T08:55:54.000Z</time>
    </trkpt>
    <trkpt lat="42.145834" lon="2.501751">
        <ele>547.7</ele>
        <time>2018-08-19T08:56:54.000Z</time>
    </trkpt>
    <trkpt lat="42.145718" lon="2.501752">
        <ele>547.7</ele>
        <time>2018-08-19T08:57:04.000Z</time>
    </trkpt>
    <trkpt lat="42.145639" lon="2.501624">
        <ele>547.4</ele>
        <time>2018-08-19T08:57:14.000Z</time>
    </trkpt>
    <trkpt lat="42.145588" lon="2.501522">
        <ele>546.7</ele>
        <time>2018-08-19T08:57:24.000Z</time>
    </trkpt>
    <trkpt lat="42.145579" lon="2.501509">
        <ele>547.1</ele>
        <time>2018-08-19T08:57:34.000Z</time>
    </trkpt>
    <trkpt lat="42.145559" lon="2.501464">
        <ele>546.7</ele>
        <time>2018-08-19T08:57:44.000Z</time>
    </trkpt>
    <trkpt lat="42.145499" lon="2.501394">
        <ele>546.5</ele>
        <time>2018-08-19T08:57:54.000Z</time>
    </trkpt>
    <trkpt lat="42.145434" lon="2.501298">
        <ele>546.0</ele>
        <time>2018-08-19T08:58:04.000Z</time>
    </trkpt>
    <trkpt lat="42.145423" lon="2.50129">
        <ele>546.2</ele>
        <time>2018-08-19T08:58:14.000Z</time>
    </trkpt>
    <trkpt lat="42.145371" lon="2.501187">
        <ele>546.3</ele>
        <time>2018-08-19T08:58:24.000Z</time>
    </trkpt>
    <trkpt lat="42.145297" lon="2.501109">
        <ele>545.8</ele>
        <time>2018-08-19T08:58:34.000Z</time>
    </trkpt>
    <trkpt lat="42.145289" lon="2.500991">
        <ele>546.0</ele>
        <time>2018-08-19T08:58:44.000Z</time>
    </trkpt>
    <trkpt lat="42.145232" lon="2.500817">
        <ele>546.1</ele>
        <time>2018-08-19T08:58:54.000Z</time>
    </trkpt>
    <trkpt lat="42.145165" lon="2.500751">
        <ele>546.0</ele>
        <time>2018-08-19T08:59:04.000Z</time>
    </trkpt>
    <trkpt lat="42.145045" lon="2.500584">
        <ele>545.5</ele>
        <time>2018-08-19T08:59:14.000Z</time>
    </trkpt>
    <trkpt lat="42.145028" lon="2.500473">
        <ele>545.2</ele>
        <time>2018-08-19T08:59:24.000Z</time>
    </trkpt>
    <trkpt lat="42.145059" lon="2.500347">
        <ele>544.0</ele>
        <time>2018-08-19T08:59:34.000Z</time>
    </trkpt>
    <trkpt lat="42.145097" lon="2.500178">
        <ele>543.0</ele>
        <time>2018-08-19T08:59:44.000Z</time>
    </trkpt>
    <trkpt lat="42.145063" lon="2.500102">
        <ele>542.8</ele>
        <time>2018-08-19T08:59:54.000Z</time>
    </trkpt>
    <trkpt lat="42.145077" lon="2.500101">
        <ele>542.8</ele>
        <time>2018-08-19T09:00:04.000Z</time>
    </trkpt>
    <trkpt lat="42.145121" lon="2.499935">
        <ele>541.9</ele>
        <time>2018-08-19T09:00:14.000Z</time>
    </trkpt>
    <trkpt lat="42.145164" lon="2.499761">
        <ele>540.2</ele>
        <time>2018-08-19T09:00:24.000Z</time>
    </trkpt>
    <trkpt lat="42.145201" lon="2.499712">
        <ele>538.6</ele>
        <time>2018-08-19T09:00:34.000Z</time>
    </trkpt>
    <trkpt lat="42.14524" lon="2.499592">
        <ele>537.2</ele>
        <time>2018-08-19T09:00:44.000Z</time>
    </trkpt>
    <trkpt lat="42.145236" lon="2.499433">
        <ele>535.6</ele>
        <time>2018-08-19T09:00:54.000Z</time>
    </trkpt>
    <trkpt lat="42.145168" lon="2.499249">
        <ele>534.2</ele>
        <time>2018-08-19T09:01:04.000Z</time>
    </trkpt>
    <trkpt lat="42.14512" lon="2.499081">
        <ele>533.4</ele>
        <time>2018-08-19T09:01:14.000Z</time>
    </trkpt>
    <trkpt lat="42.14507" lon="2.49893">
        <ele>532.5</ele>
        <time>2018-08-19T09:01:24.000Z</time>
    </trkpt>
    <trkpt lat="42.145063" lon="2.498797">
        <ele>531.2</ele>
        <time>2018-08-19T09:01:34.000Z</time>
    </trkpt>
    <trkpt lat="42.14506425038896" lon="2.4987340351800174">
        <ele>530.0</ele>
        <time>2018-08-19T09:01:39.000Z</time>
    </trkpt>
    <trkpt lat="42.14503" lon="2.498629">
        <ele>528.9</ele>
        <time>2018-08-19T09:01:44.000Z</time>
    </trkpt>
    <trkpt lat="42.14503" lon="2.498583">
        <ele>528.5</ele>
        <time>2018-08-19T09:01:54.000Z</time>
    </trkpt>
    <trkpt lat="42.144996" lon="2.498476">
        <ele>527.7</ele>
        <time>2018-08-19T09:02:04.000Z</time>
    </trkpt>
    <trkpt lat="42.144875" lon="2.498336">
        <ele>527.5</ele>
        <time>2018-08-19T09:02:14.000Z</time>
    </trkpt>
    <trkpt lat="42.144792" lon="2.498197">
        <ele>527.1</ele>
        <time>2018-08-19T09:02:24.000Z</time>
    </trkpt>
    <trkpt lat="42.144764" lon="2.498127">
        <ele>526.7</ele>
        <time>2018-08-19T09:02:34.000Z</time>
    </trkpt>
    <trkpt lat="42.144712" lon="2.498014">
        <ele>527.0</ele>
        <time>2018-08-19T09:02:44.000Z</time>
    </trkpt>
    <trkpt lat="42.144639" lon="2.497916">
        <ele>526.6</ele>
        <time>2018-08-19T09:02:54.000Z</time>
    </trkpt>
    <trkpt lat="42.144574" lon="2.497837">
        <ele>525.7</ele>
        <time>2018-08-19T09:03:04.000Z</time>
    </trkpt>
    <trkpt lat="42.144547" lon="2.497805">
        <ele>525.7</ele>
        <time>2018-08-19T09:03:14.000Z</time>
    </trkpt>
    <trkpt lat="42.144415" lon="2.497727">
        <ele>525.7</ele>
        <time>2018-08-19T09:03:24.000Z</time>
    </trkpt>
    <trkpt lat="42.144396" lon="2.497736">
        <ele>525.8</ele>
        <time>2018-08-19T09:03:34.000Z</time>
    </trkpt>
    <trkpt lat="42.144284" lon="2.497663">
        <ele>525.7</ele>
        <time>2018-08-19T09:03:44.000Z</time>
    </trkpt>
    <trkpt lat="42.144193" lon="2.497561">
        <ele>525.5</ele>
        <time>2018-08-19T09:03:54.000Z</time>
    </trkpt>
    <trkpt lat="42.14412" lon="2.497475">
        <ele>525.5</ele>
        <time>2018-08-19T09:04:04.000Z</time>
    </trkpt>
    <trkpt lat="42.144069" lon="2.49741">
        <ele>525.5</ele>
        <time>2018-08-19T09:04:14.000Z</time>
    </trkpt>
    <trkpt lat="42.144078" lon="2.497323">
        <ele>525.0</ele>
        <time>2018-08-19T09:04:24.000Z</time>
    </trkpt>
    <trkpt lat="42.144095" lon="2.497118">
        <ele>524.3</ele>
        <time>2018-08-19T09:04:34.000Z</time>
    </trkpt>
    <trkpt lat="42.144119" lon="2.496948">
        <ele>523.7</ele>
        <time>2018-08-19T09:04:44.000Z</time>
    </trkpt>
    <trkpt lat="42.144144" lon="2.496864">
        <ele>523.2</ele>
        <time>2018-08-19T09:04:54.000Z</time>
    </trkpt>
    <trkpt lat="42.144168" lon="2.496734">
        <ele>523.5</ele>
        <time>2018-08-19T09:05:04.000Z</time>
    </trkpt>
    <trkpt lat="42.144209" lon="2.496658">
        <ele>523.0</ele>
        <time>2018-08-19T09:05:14.000Z</time>
    </trkpt>
    <trkpt lat="42.144271" lon="2.496493">
        <ele>523.4</ele>
        <time>2018-08-19T09:05:24.000Z</time>
    </trkpt>
    <trkpt lat="42.144343" lon="2.496334">
        <ele>523.5</ele>
        <time>2018-08-19T09:05:34.000Z</time>
    </trkpt>
    <trkpt lat="42.144404" lon="2.496162">
        <ele>523.5</ele>
        <time>2018-08-19T09:05:44.000Z</time>
    </trkpt>
    <trkpt lat="42.144463" lon="2.496002">
        <ele>523.2</ele>
        <time>2018-08-19T09:05:54.000Z</time>
    </trkpt>
    <trkpt lat="42.144484" lon="2.49581">
        <ele>523.1</ele>
        <time>2018-08-19T09:06:04.000Z</time>
    </trkpt>
    <trkpt lat="42.144489" lon="2.495608">
        <ele>523.0</ele>
        <time>2018-08-19T09:06:14.000Z</time>
    </trkpt>
    <trkpt lat="42.14451" lon="2.495446">
        <ele>523.1</ele>
        <time>2018-08-19T09:06:24.000Z</time>
    </trkpt>
    <trkpt lat="42.14452" lon="2.495311">
        <ele>523.1</ele>
        <time>2018-08-19T09:06:34.000Z</time>
    </trkpt>
    <trkpt lat="42.144508" lon="2.495164">
        <ele>523.0</ele>
        <time>2018-08-19T09:06:44.000Z</time>
    </trkpt>
    <trkpt lat="42.144477" lon="2.495013">
        <ele>523.3</ele>
        <time>2018-08-19T09:06:54.000Z</time>
    </trkpt>
    <trkpt lat="42.144486" lon="2.494898">
        <ele>522.9</ele>
        <time>2018-08-19T09:07:04.000Z</time>
    </trkpt>
    <trkpt lat="42.144452" lon="2.494861">
        <ele>522.5</ele>
        <time>2018-08-19T09:07:14.000Z</time>
    </trkpt>
    <trkpt lat="42.144407" lon="2.49472">
        <ele>522.5</ele>
        <time>2018-08-19T09:07:24.000Z</time>
    </trkpt>
    <trkpt lat="42.144362" lon="2.494552">
        <ele>522.5</ele>
        <time>2018-08-19T09:07:34.000Z</time>
    </trkpt>
    <trkpt lat="42.14434" lon="2.494378">
        <ele>522.7</ele>
        <time>2018-08-19T09:07:44.000Z</time>
    </trkpt>
    <trkpt lat="42.144315" lon="2.494208">
        <ele>522.5</ele>
        <time>2018-08-19T09:07:54.000Z</time>
    </trkpt>
    <trkpt lat="42.144284" lon="2.494047">
        <ele>522.6</ele>
        <time>2018-08-19T09:08:04.000Z</time>
    </trkpt>
    <trkpt lat="42.14426" lon="2.493884">
        <ele>522.7</ele>
        <time>2018-08-19T09:08:14.000Z</time>
    </trkpt>
    <trkpt lat="42.144273" lon="2.493824">
        <ele>522.7</ele>
        <time>2018-08-19T09:08:24.000Z</time>
    </trkpt>
    <trkpt lat="42.144292" lon="2.493683">
        <ele>523.1</ele>
        <time>2018-08-19T09:08:34.000Z</time>
    </trkpt>
    <trkpt lat="42.144317" lon="2.493543">
        <ele>523.2</ele>
        <time>2018-08-19T09:08:44.000Z</time>
    </trkpt>
    <trkpt lat="42.144338" lon="2.493461">
        <ele>523.9</ele>
        <time>2018-08-19T09:08:54.000Z</time>
    </trkpt>
    <trkpt lat="42.144388" lon="2.493283">
        <ele>524.0</ele>
        <time>2018-08-19T09:09:04.000Z</time>
    </trkpt>
    <trkpt lat="42.144412" lon="2.493111">
        <ele>524.2</ele>
        <time>2018-08-19T09:09:14.000Z</time>
    </trkpt>
    <trkpt lat="42.144437" lon="2.492956">
        <ele>524.5</ele>
        <time>2018-08-19T09:09:24.000Z</time>
    </trkpt>
    <trkpt lat="42.144485" lon="2.492785">
        <ele>524.8</ele>
        <time>2018-08-19T09:09:34.000Z</time>
    </trkpt>
    <trkpt lat="42.144537" lon="2.492657">
        <ele>525.0</ele>
        <time>2018-08-19T09:09:44.000Z</time>
    </trkpt>
    <trkpt lat="42.144583" lon="2.492604">
        <ele>525.3</ele>
        <time>2018-08-19T09:09:54.000Z</time>
    </trkpt>
    <trkpt lat="42.144615" lon="2.492574">
        <ele>525.4</ele>
        <time>2018-08-19T09:10:04.000Z</time>
    </trkpt>
    <trkpt lat="42.144638" lon="2.492578">
        <ele>525.5</ele>
        <time>2018-08-19T09:10:14.000Z</time>
    </trkpt>
    <trkpt lat="42.144638" lon="2.492578">
        <ele>525.6</ele>
        <time>2018-08-19T09:10:24.000Z</time>
    </trkpt>
    <trkpt lat="42.144685" lon="2.492416">
        <ele>526.0</ele>
        <time>2018-08-19T09:10:34.000Z</time>
    </trkpt>
    <trkpt lat="42.144684" lon="2.492368">
        <ele>526.0</ele>
        <time>2018-08-19T09:10:44.000Z</time>
    </trkpt>
    <trkpt lat="42.144658" lon="2.492395">
        <ele>525.7</ele>
        <time>2018-08-19T09:10:54.000Z</time>
    </trkpt>
    <trkpt lat="42.144593" lon="2.492342">
        <ele>526.1</ele>
        <time>2018-08-19T09:11:04.000Z</time>
    </trkpt>
    <trkpt lat="42.144549" lon="2.492293">
        <ele>526.4</ele>
        <time>2018-08-19T09:11:14.000Z</time>
    </trkpt>
    <trkpt lat="42.144486" lon="2.492236">
        <ele>526.4</ele>
        <time>2018-08-19T09:11:24.000Z</time>
    </trkpt>
    <trkpt lat="42.144477" lon="2.492207">
        <ele>526.4</ele>
        <time>2018-08-19T09:11:34.000Z</time>
    </trkpt>
    <trkpt lat="42.144478" lon="2.492204">
        <ele>526.1</ele>
        <time>2018-08-19T09:11:44.000Z</time>
    </trkpt>
    <trkpt lat="42.144471" lon="2.492206">
        <ele>526.0</ele>
        <time>2018-08-19T09:11:54.000Z</time>
    </trkpt>
    <trkpt lat="42.144455" lon="2.492196">
        <ele>526.3</ele>
        <time>2018-08-19T09:12:04.000Z</time>
    </trkpt>
    <trkpt lat="42.144458" lon="2.492187">
        <ele>526.3</ele>
        <time>2018-08-19T09:12:14.000Z</time>
    </trkpt>
    <trkpt lat="42.144428" lon="2.492152">
        <ele>526.3</ele>
        <time>2018-08-19T09:12:24.000Z</time>
    </trkpt>
    <trkpt lat="42.144434" lon="2.492154">
        <ele>526.5</ele>
        <time>2018-08-19T09:12:34.000Z</time>
    </trkpt>
    <trkpt lat="42.144287" lon="2.492082">
        <ele>526.5</ele>
        <time>2018-08-19T09:13:13.000Z</time>
    </trkpt>
    <trkpt lat="42.144231" lon="2.492077">
        <ele>527.0</ele>
        <time>2018-08-19T09:13:23.000Z</time>
    </trkpt>
    <trkpt lat="42.144136" lon="2.492042">
        <ele>527.3</ele>
        <time>2018-08-19T09:13:33.000Z</time>
    </trkpt>
    <trkpt lat="42.144047" lon="2.492009">
        <ele>527.5</ele>
        <time>2018-08-19T09:13:43.000Z</time>
    </trkpt>
    <trkpt lat="42.143976" lon="2.491989">
        <ele>527.5</ele>
        <time>2018-08-19T09:13:53.000Z</time>
    </trkpt>
    <trkpt lat="42.143904" lon="2.491974">
        <ele>527.7</ele>
        <time>2018-08-19T09:14:03.000Z</time>
    </trkpt>
    <trkpt lat="42.143803" lon="2.491952">
        <ele>528.1</ele>
        <time>2018-08-19T09:14:13.000Z</time>
    </trkpt>
    <trkpt lat="42.143705" lon="2.491944">
        <ele>528.6</ele>
        <time>2018-08-19T09:14:23.000Z</time>
    </trkpt>
    <trkpt lat="42.14361" lon="2.491931">
        <ele>529.5</ele>
        <time>2018-08-19T09:14:33.000Z</time>
    </trkpt>
    <trkpt lat="42.143463" lon="2.491911">
        <ele>531.1</ele>
        <time>2018-08-19T09:16:13.000Z</time>
    </trkpt>
    <trkpt lat="42.143362" lon="2.491884">
        <ele>531.5</ele>
        <time>2018-08-19T09:16:23.000Z</time>
    </trkpt>
    <trkpt lat="42.143263" lon="2.491893">
        <ele>532.2</ele>
        <time>2018-08-19T09:16:33.000Z</time>
    </trkpt>
    <trkpt lat="42.143167" lon="2.491949">
        <ele>533.1</ele>
        <time>2018-08-19T09:16:43.000Z</time>
    </trkpt>
    <trkpt lat="42.143093" lon="2.491999">
        <ele>534.3</ele>
        <time>2018-08-19T09:16:53.000Z</time>
    </trkpt>
    <trkpt lat="42.143066" lon="2.492059">
        <ele>534.7</ele>
        <time>2018-08-19T09:17:03.000Z</time>
    </trkpt>
    <trkpt lat="42.143024" lon="2.492067">
        <ele>535.5</ele>
        <time>2018-08-19T09:17:13.000Z</time>
    </trkpt>
    <trkpt lat="42.142922" lon="2.49208">
        <ele>536.0</ele>
        <time>2018-08-19T09:17:23.000Z</time>
    </trkpt>
    <trkpt lat="42.14283" lon="2.492095">
        <ele>537.1</ele>
        <time>2018-08-19T09:17:33.000Z</time>
    </trkpt>
    <trkpt lat="42.142658" lon="2.492168">
        <ele>542.1</ele>
        <time>2018-08-19T09:18:23.000Z</time>
    </trkpt>
    <trkpt lat="42.142601" lon="2.492147">
        <ele>542.8</ele>
        <time>2018-08-19T09:18:33.000Z</time>
    </trkpt>
    <trkpt lat="42.142514" lon="2.492102">
        <ele>543.1</ele>
        <time>2018-08-19T09:18:43.000Z</time>
    </trkpt>
    <trkpt lat="42.142406" lon="2.49204">
        <ele>543.7</ele>
        <time>2018-08-19T09:18:53.000Z</time>
    </trkpt>
    <trkpt lat="42.142365" lon="2.491977">
        <ele>544.2</ele>
        <time>2018-08-19T09:19:03.000Z</time>
    </trkpt>
    <trkpt lat="42.142306" lon="2.491996">
        <ele>544.9</ele>
        <time>2018-08-19T09:19:13.000Z</time>
    </trkpt>
    <trkpt lat="42.142212" lon="2.492006">
        <ele>546.0</ele>
        <time>2018-08-19T09:19:23.000Z</time>
    </trkpt>
    <trkpt lat="42.142109" lon="2.491956">
        <ele>547.2</ele>
        <time>2018-08-19T09:19:33.000Z</time>
    </trkpt>
    <trkpt lat="42.142008" lon="2.491842">
        <ele>548.2</ele>
        <time>2018-08-19T09:19:43.000Z</time>
    </trkpt>
    <trkpt lat="42.141954" lon="2.491828">
        <ele>548.9</ele>
        <time>2018-08-19T09:19:53.000Z</time>
    </trkpt>
    <trkpt lat="42.141908" lon="2.491787">
        <ele>549.3</ele>
        <time>2018-08-19T09:20:03.000Z</time>
    </trkpt>
    <trkpt lat="42.14186" lon="2.491773">
        <ele>550.2</ele>
        <time>2018-08-19T09:20:13.000Z</time>
    </trkpt>
    <trkpt lat="42.141812" lon="2.4918">
        <ele>551.5</ele>
        <time>2018-08-19T09:20:23.000Z</time>
    </trkpt>
    <trkpt lat="42.141768" lon="2.491774">
        <ele>552.9</ele>
        <time>2018-08-19T09:20:33.000Z</time>
    </trkpt>
    <trkpt lat="42.141755" lon="2.491735">
        <ele>553.5</ele>
        <time>2018-08-19T09:20:43.000Z</time>
    </trkpt>
    <trkpt lat="42.141755" lon="2.491742">
        <ele>553.2</ele>
        <time>2018-08-19T09:20:53.000Z</time>
    </trkpt>
    <trkpt lat="42.141751" lon="2.491736">
        <ele>553.3</ele>
        <time>2018-08-19T09:21:03.000Z</time>
    </trkpt>
    <trkpt lat="42.141749" lon="2.49173">
        <ele>553.5</ele>
        <time>2018-08-19T09:21:13.000Z</time>
    </trkpt>
    <trkpt lat="42.141712" lon="2.491737">
        <ele>553.5</ele>
        <time>2018-08-19T09:21:23.000Z</time>
    </trkpt>
    <trkpt lat="42.141624" lon="2.491736">
        <ele>554.9</ele>
        <time>2018-08-19T09:21:33.000Z</time>
    </trkpt>
    <trkpt lat="42.141569" lon="2.491785">
        <ele>556.5</ele>
        <time>2018-08-19T09:21:43.000Z</time>
    </trkpt>
    <trkpt lat="42.141556" lon="2.49187">
        <ele>557.7</ele>
        <time>2018-08-19T09:21:53.000Z</time>
    </trkpt>
    <trkpt lat="42.141521" lon="2.491954">
        <ele>558.8</ele>
        <time>2018-08-19T09:22:03.000Z</time>
    </trkpt>
    <trkpt lat="42.141476" lon="2.491987">
        <ele>560.0</ele>
        <time>2018-08-19T09:22:13.000Z</time>
    </trkpt>
    <trkpt lat="42.141392" lon="2.491954">
        <ele>561.0</ele>
        <time>2018-08-19T09:22:23.000Z</time>
    </trkpt>
    <trkpt lat="42.141281" lon="2.491904">
        <ele>563.3</ele>
        <time>2018-08-19T09:22:33.000Z</time>
    </trkpt>
    <trkpt lat="42.141246" lon="2.491899">
        <ele>564.3</ele>
        <time>2018-08-19T09:22:43.000Z</time>
    </trkpt>
    <trkpt lat="42.141149" lon="2.491879">
        <ele>566.0</ele>
        <time>2018-08-19T09:22:53.000Z</time>
    </trkpt>
    <trkpt lat="42.141057" lon="2.491847">
        <ele>567.4</ele>
        <time>2018-08-19T09:23:03.000Z</time>
    </trkpt>
    <trkpt lat="42.140919" lon="2.491774">
        <ele>568.6</ele>
        <time>2018-08-19T09:23:13.000Z</time>
    </trkpt>
    <trkpt lat="42.140815" lon="2.491771">
        <ele>569.7</ele>
        <time>2018-08-19T09:23:23.000Z</time>
    </trkpt>
    <trkpt lat="42.14074" lon="2.491769">
        <ele>570.0</ele>
        <time>2018-08-19T09:23:33.000Z</time>
    </trkpt>
    <trkpt lat="42.140701" lon="2.491811">
        <ele>570.4</ele>
        <time>2018-08-19T09:23:43.000Z</time>
    </trkpt>
    <trkpt lat="42.140588" lon="2.49183">
        <ele>571.7</ele>
        <time>2018-08-19T09:23:53.000Z</time>
    </trkpt>
    <trkpt lat="42.140352" lon="2.491827">
        <ele>576.5</ele>
        <time>2018-08-19T09:24:53.000Z</time>
    </trkpt>
    <trkpt lat="42.140294" lon="2.491805">
        <ele>577.4</ele>
        <time>2018-08-19T09:25:03.000Z</time>
    </trkpt>
    <trkpt lat="42.140233" lon="2.491782">
        <ele>578.2</ele>
        <time>2018-08-19T09:25:13.000Z</time>
    </trkpt>
    <trkpt lat="42.1402" lon="2.491767">
        <ele>579.0</ele>
        <time>2018-08-19T09:25:23.000Z</time>
    </trkpt>
    <trkpt lat="42.140123" lon="2.491721">
        <ele>579.9</ele>
        <time>2018-08-19T09:25:33.000Z</time>
    </trkpt>
    <trkpt lat="42.140028" lon="2.49173">
        <ele>581.2</ele>
        <time>2018-08-19T09:25:43.000Z</time>
    </trkpt>
    <trkpt lat="42.139982" lon="2.491709">
        <ele>582.0</ele>
        <time>2018-08-19T09:25:53.000Z</time>
    </trkpt>
    <trkpt lat="42.139923" lon="2.491689">
        <ele>590.5</ele>
        <time>2018-08-19T09:26:04.573Z</time>
    </trkpt>
    <trkpt lat="42.139761" lon="2.491628">
        <ele>595.5</ele>
        <time>2018-08-19T09:26:36.570Z</time>
    </trkpt>
    <trkpt lat="42.139738" lon="2.491596">
        <ele>596.5</ele>
        <time>2018-08-19T09:26:42.856Z</time>
    </trkpt>
    <trkpt lat="42.139704" lon="2.491574">
        <ele>597.8</ele>
        <time>2018-08-19T09:26:50.030Z</time>
    </trkpt>
    <trkpt lat="42.139693" lon="2.491523">
        <ele>598.5</ele>
        <time>2018-08-19T09:26:57.522Z</time>
    </trkpt>
    <trkpt lat="42.13958" lon="2.491522">
        <ele>602.0</ele>
        <time>2018-08-19T09:27:19.019Z</time>
    </trkpt>
    <trkpt lat="42.139703" lon="2.491404">
        <ele>574.2</ele>
        <time>2018-08-19T09:27:47.734Z</time>
    </trkpt>
    <trkpt lat="42.139818" lon="2.491263">
        <ele>573.4</ele>
        <time>2018-08-19T09:28:27.734Z</time>
    </trkpt>
    <trkpt lat="42.139893" lon="2.491168">
        <ele>573.0</ele>
        <time>2018-08-19T09:28:37.734Z</time>
    </trkpt>
    <trkpt lat="42.139958" lon="2.491133">
        <ele>572.1</ele>
        <time>2018-08-19T09:28:47.734Z</time>
    </trkpt>
    <trkpt lat="42.140059" lon="2.491038">
        <ele>571.2</ele>
        <time>2018-08-19T09:28:57.734Z</time>
    </trkpt>
    <trkpt lat="42.140177" lon="2.490949">
        <ele>571.1</ele>
        <time>2018-08-19T09:29:07.734Z</time>
    </trkpt>
    <trkpt lat="42.140258" lon="2.49085">
        <ele>571.3</ele>
        <time>2018-08-19T09:29:17.734Z</time>
    </trkpt>
    <trkpt lat="42.140349" lon="2.490706">
        <ele>572.0</ele>
        <time>2018-08-19T09:29:27.734Z</time>
    </trkpt>
    <trkpt lat="42.140407" lon="2.490647">
        <ele>571.7</ele>
        <time>2018-08-19T09:29:37.734Z</time>
    </trkpt>
    <trkpt lat="42.140497" lon="2.490631">
        <ele>571.8</ele>
        <time>2018-08-19T09:29:47.734Z</time>
    </trkpt>
    <trkpt lat="42.14062" lon="2.490562">
        <ele>571.6</ele>
        <time>2018-08-19T09:29:57.734Z</time>
    </trkpt>
    <trkpt lat="42.140766" lon="2.490457">
        <ele>572.3</ele>
        <time>2018-08-19T09:30:07.734Z</time>
    </trkpt>
    <trkpt lat="42.140801" lon="2.490347">
        <ele>573.4</ele>
        <time>2018-08-19T09:30:17.734Z</time>
    </trkpt>
    <trkpt lat="42.140859" lon="2.49025">
        <ele>574.9</ele>
        <time>2018-08-19T09:30:27.734Z</time>
    </trkpt>
    <trkpt lat="42.140849" lon="2.490113">
        <ele>576.0</ele>
        <time>2018-08-19T09:30:37.734Z</time>
    </trkpt>
    <trkpt lat="42.140852" lon="2.489955">
        <ele>575.3</ele>
        <time>2018-08-19T09:30:47.734Z</time>
    </trkpt>
    <trkpt lat="42.140812" lon="2.489836">
        <ele>574.2</ele>
        <time>2018-08-19T09:30:57.734Z</time>
    </trkpt>
    <trkpt lat="42.140725" lon="2.489735">
        <ele>573.5</ele>
        <time>2018-08-19T09:31:07.734Z</time>
    </trkpt>
    <trkpt lat="42.140681" lon="2.489745">
        <ele>573.0</ele>
        <time>2018-08-19T09:31:17.734Z</time>
    </trkpt>
    <trkpt lat="42.140587" lon="2.489671">
        <ele>572.3</ele>
        <time>2018-08-19T09:31:27.734Z</time>
    </trkpt>
    <trkpt lat="42.140559" lon="2.489533">
        <ele>571.5</ele>
        <time>2018-08-19T09:31:37.734Z</time>
    </trkpt>
    <trkpt lat="42.140529" lon="2.489371">
        <ele>570.9</ele>
        <time>2018-08-19T09:31:47.734Z</time>
    </trkpt>
    <trkpt lat="42.140516" lon="2.489216">
        <ele>569.7</ele>
        <time>2018-08-19T09:31:57.734Z</time>
    </trkpt>
    <trkpt lat="42.140521" lon="2.489055">
        <ele>568.3</ele>
        <time>2018-08-19T09:32:07.734Z</time>
    </trkpt>
    <trkpt lat="42.140521" lon="2.488944">
        <ele>567.2</ele>
        <time>2018-08-19T09:32:17.734Z</time>
    </trkpt>
    <trkpt lat="42.140523" lon="2.488854">
        <ele>566.9</ele>
        <time>2018-08-19T09:32:27.734Z</time>
    </trkpt>
    <trkpt lat="42.140526" lon="2.488827">
        <ele>566.5</ele>
        <time>2018-08-19T09:32:37.734Z</time>
    </trkpt>
    <trkpt lat="42.140527" lon="2.488844">
        <ele>566.5</ele>
        <time>2018-08-19T09:32:47.734Z</time>
    </trkpt>
    <trkpt lat="42.140491" lon="2.488786">
        <ele>566.3</ele>
        <time>2018-08-19T09:32:57.734Z</time>
    </trkpt>
    <trkpt lat="42.140429" lon="2.488639">
        <ele>566.0</ele>
        <time>2018-08-19T09:33:07.734Z</time>
    </trkpt>
    <trkpt lat="42.140426" lon="2.488578">
        <ele>565.8</ele>
        <time>2018-08-19T09:33:17.734Z</time>
    </trkpt>
    <trkpt lat="42.14031" lon="2.488244">
        <ele>565.1</ele>
        <time>2018-08-19T09:37:37.734Z</time>
    </trkpt>
    <trkpt lat="42.14026" lon="2.48818">
        <ele>566.1</ele>
        <time>2018-08-19T09:37:47.734Z</time>
    </trkpt>
    <trkpt lat="42.140231" lon="2.488094">
        <ele>567.0</ele>
        <time>2018-08-19T09:37:57.734Z</time>
    </trkpt>
    <trkpt lat="42.14019" lon="2.487995">
        <ele>568.5</ele>
        <time>2018-08-19T09:38:07.734Z</time>
    </trkpt>
    <trkpt lat="42.140184" lon="2.487894">
        <ele>569.0</ele>
        <time>2018-08-19T09:38:17.734Z</time>
    </trkpt>
    <trkpt lat="42.140167" lon="2.487864">
        <ele>568.0</ele>
        <time>2018-08-19T09:38:27.734Z</time>
    </trkpt>
    <trkpt lat="42.140122" lon="2.487845">
        <ele>567.9</ele>
        <time>2018-08-19T09:38:37.734Z</time>
    </trkpt>
    <trkpt lat="42.140063" lon="2.487845">
        <ele>567.7</ele>
        <time>2018-08-19T09:38:47.734Z</time>
    </trkpt>
    <trkpt lat="42.140076" lon="2.487738">
        <ele>567.8</ele>
        <time>2018-08-19T09:38:57.734Z</time>
    </trkpt>
    <trkpt lat="42.14012" lon="2.487629">
        <ele>568.0</ele>
        <time>2018-08-19T09:39:07.734Z</time>
    </trkpt>
    <trkpt lat="42.140151" lon="2.48754">
        <ele>567.3</ele>
        <time>2018-08-19T09:39:17.734Z</time>
    </trkpt>
    <trkpt lat="42.140193" lon="2.487418">
        <ele>566.7</ele>
        <time>2018-08-19T09:39:27.734Z</time>
    </trkpt>
    <trkpt lat="42.140279" lon="2.487255">
        <ele>566.6</ele>
        <time>2018-08-19T09:39:37.734Z</time>
    </trkpt>
    <trkpt lat="42.140311" lon="2.487146">
        <ele>566.3</ele>
        <time>2018-08-19T09:39:47.734Z</time>
    </trkpt>
    <trkpt lat="42.14033" lon="2.487041">
        <ele>565.3</ele>
        <time>2018-08-19T09:39:57.734Z</time>
    </trkpt>
    <trkpt lat="42.140365" lon="2.48689">
        <ele>564.2</ele>
        <time>2018-08-19T09:40:07.734Z</time>
    </trkpt>
    <trkpt lat="42.140493" lon="2.486776">
        <ele>595.3</ele>
        <time>2018-08-19T09:40:25.697Z</time>
    </trkpt>
    <trkpt lat="42.140541" lon="2.486527">
        <ele>596.5</ele>
        <time>2018-08-19T09:40:48.037Z</time>
    </trkpt>
    <trkpt lat="42.14059" lon="2.486379">
        <ele>597.3</ele>
        <time>2018-08-19T09:41:02.111Z</time>
    </trkpt>
    <trkpt lat="42.141214" lon="2.486262">
        <ele>586.5</ele>
        <time>2018-08-19T09:42:15.887Z</time>
    </trkpt>
    <trkpt lat="42.14145" lon="2.486293">
        <ele>582.5</ele>
        <time>2018-08-19T09:42:43.654Z</time>
    </trkpt>
    <trkpt lat="42.141519" lon="2.486274">
        <ele>582.0</ele>
        <time>2018-08-19T09:42:51.734Z</time>
    </trkpt>
    <trkpt lat="42.141643" lon="2.486242">
        <ele>581.5</ele>
        <time>2018-08-19T09:43:06.219Z</time>
    </trkpt>
    <trkpt lat="42.141781" lon="2.486197">
        <ele>581.3</ele>
        <time>2018-08-19T09:43:22.509Z</time>
    </trkpt>
    <trkpt lat="42.141913" lon="2.486124">
        <ele>581.8</ele>
        <time>2018-08-19T09:43:38.878Z</time>
    </trkpt>
    <trkpt lat="42.142027" lon="2.485978">
        <ele>585.3</ele>
        <time>2018-08-19T09:43:56.916Z</time>
    </trkpt>
    <trkpt lat="42.142077" lon="2.485857">
        <ele>563.5</ele>
        <time>2018-08-19T09:44:08.593Z</time>
    </trkpt>
    <trkpt lat="42.142115" lon="2.485761">
        <ele>564.0</ele>
        <time>2018-08-19T09:44:18.593Z</time>
    </trkpt>
    <trkpt lat="42.142141" lon="2.485631">
        <ele>565.2</ele>
        <time>2018-08-19T09:44:28.593Z</time>
    </trkpt>
    <trkpt lat="42.142236" lon="2.485505">
        <ele>566.2</ele>
        <time>2018-08-19T09:44:38.593Z</time>
    </trkpt>
    <trkpt lat="42.142326" lon="2.485391">
        <ele>566.5</ele>
        <time>2018-08-19T09:44:48.593Z</time>
    </trkpt>
    <trkpt lat="42.142381" lon="2.485338">
        <ele>566.8</ele>
        <time>2018-08-19T09:44:58.593Z</time>
    </trkpt>
    <trkpt lat="42.14239" lon="2.485324">
        <ele>566.5</ele>
        <time>2018-08-19T09:45:08.593Z</time>
    </trkpt>
    <trkpt lat="42.142428" lon="2.485252">
        <ele>567.2</ele>
        <time>2018-08-19T09:45:18.593Z</time>
    </trkpt>
    <trkpt lat="42.142535" lon="2.485225">
        <ele>568.2</ele>
        <time>2018-08-19T09:45:28.593Z</time>
    </trkpt>
    <trkpt lat="42.142637" lon="2.485205">
        <ele>569.4</ele>
        <time>2018-08-19T09:45:38.593Z</time>
    </trkpt>
    <trkpt lat="42.14273" lon="2.485167">
        <ele>570.7</ele>
        <time>2018-08-19T09:45:48.593Z</time>
    </trkpt>
    <trkpt lat="42.142779" lon="2.485154">
        <ele>571.5</ele>
        <time>2018-08-19T09:45:58.593Z</time>
    </trkpt>
    <trkpt lat="42.142802" lon="2.485156">
        <ele>571.6</ele>
        <time>2018-08-19T09:46:08.593Z</time>
    </trkpt>
    <trkpt lat="42.142854" lon="2.485133">
        <ele>572.7</ele>
        <time>2018-08-19T09:46:18.593Z</time>
    </trkpt>
    <trkpt lat="42.142855" lon="2.485128">
        <ele>573.0</ele>
        <time>2018-08-19T09:46:28.593Z</time>
    </trkpt>
    <trkpt lat="42.142891" lon="2.485133">
        <ele>573.5</ele>
        <time>2018-08-19T09:46:38.593Z</time>
    </trkpt>
    <trkpt lat="42.142975" lon="2.485092">
        <ele>602.8</ele>
        <time>2018-08-19T09:46:51.964Z</time>
    </trkpt>
    <trkpt lat="42.143188" lon="2.484998">
        <ele>605.8</ele>
        <time>2018-08-19T09:47:25.510Z</time>
    </trkpt>
    <trkpt lat="42.143284" lon="2.484985">
        <ele>606.0</ele>
        <time>2018-08-19T09:47:39.952Z</time>
    </trkpt>
    <trkpt lat="42.143381" lon="2.485029">
        <ele>605.0</ele>
        <time>2018-08-19T09:47:55.270Z</time>
    </trkpt>
    <trkpt lat="42.143535" lon="2.485204">
        <ele>600.3</ele>
        <time>2018-08-19T09:48:25.413Z</time>
    </trkpt>
    <trkpt lat="42.143807" lon="2.485534">
        <ele>593.8</ele>
        <time>2018-08-19T09:49:20.177Z</time>
    </trkpt>
    <trkpt lat="42.143877" lon="2.485564">
        <ele>593.5</ele>
        <time>2018-08-19T09:49:31.171Z</time>
    </trkpt>
    <trkpt lat="42.14397" lon="2.485388">
        <ele>587.1</ele>
        <time>2018-08-19T09:49:55.157Z</time>
    </trkpt>
    <trkpt lat="42.144038" lon="2.485302">
        <ele>586.9</ele>
        <time>2018-08-19T09:50:05.157Z</time>
    </trkpt>
    <trkpt lat="42.144028" lon="2.485212">
        <ele>587.3</ele>
        <time>2018-08-19T09:50:15.157Z</time>
    </trkpt>
    <trkpt lat="42.144032" lon="2.485201">
        <ele>587.1</ele>
        <time>2018-08-19T09:50:25.157Z</time>
    </trkpt>
    <trkpt lat="42.14403" lon="2.485096">
        <ele>588.0</ele>
        <time>2018-08-19T09:50:35.157Z</time>
    </trkpt>
    <trkpt lat="42.144004" lon="2.484965">
        <ele>589.0</ele>
        <time>2018-08-19T09:50:45.157Z</time>
    </trkpt>
    <trkpt lat="42.143963" lon="2.484916">
        <ele>590.6</ele>
        <time>2018-08-19T09:50:55.157Z</time>
    </trkpt>
    <trkpt lat="42.143981" lon="2.484772">
        <ele>593.1</ele>
        <time>2018-08-19T09:53:35.157Z</time>
    </trkpt>
    <trkpt lat="42.143992" lon="2.484772">
        <ele>592.4</ele>
        <time>2018-08-19T09:53:45.157Z</time>
    </trkpt>
    <trkpt lat="42.144004" lon="2.484792">
        <ele>592.6</ele>
        <time>2018-08-19T09:53:55.157Z</time>
    </trkpt>
    <trkpt lat="42.143999" lon="2.484824">
        <ele>592.4</ele>
        <time>2018-08-19T09:54:05.157Z</time>
    </trkpt>
    <trkpt lat="42.144002" lon="2.484825">
        <ele>592.2</ele>
        <time>2018-08-19T09:54:15.157Z</time>
    </trkpt>
    <trkpt lat="42.144012" lon="2.484847">
        <ele>591.9</ele>
        <time>2018-08-19T09:54:25.157Z</time>
    </trkpt>
    <trkpt lat="42.144042" lon="2.484876">
        <ele>591.5</ele>
        <time>2018-08-19T09:54:35.157Z</time>
    </trkpt>
    <trkpt lat="42.144067" lon="2.484943">
        <ele>590.7</ele>
        <time>2018-08-19T09:54:45.157Z</time>
    </trkpt>
    <trkpt lat="42.14408" lon="2.485038">
        <ele>589.4</ele>
        <time>2018-08-19T09:54:55.157Z</time>
    </trkpt>
    <trkpt lat="42.144111" lon="2.485125">
        <ele>588.4</ele>
        <time>2018-08-19T09:55:05.157Z</time>
    </trkpt>
    <trkpt lat="42.144119" lon="2.485171">
        <ele>587.7</ele>
        <time>2018-08-19T09:55:15.157Z</time>
    </trkpt>
    <trkpt lat="42.144117" lon="2.485254">
        <ele>587.1</ele>
        <time>2018-08-19T09:55:25.157Z</time>
    </trkpt>
    <trkpt lat="42.144128" lon="2.485262">
        <ele>587.0</ele>
        <time>2018-08-19T09:55:35.157Z</time>
    </trkpt>
    <trkpt lat="42.144115" lon="2.485308">
        <ele>586.1</ele>
        <time>2018-08-19T09:55:45.157Z</time>
    </trkpt>
    <trkpt lat="42.144115" lon="2.48533">
        <ele>585.0</ele>
        <time>2018-08-19T09:55:55.157Z</time>
    </trkpt>
    <trkpt lat="42.144099" lon="2.485416">
        <ele>583.8</ele>
        <time>2018-08-19T09:56:05.157Z</time>
    </trkpt>
    <trkpt lat="42.14404" lon="2.485483">
        <ele>582.3</ele>
        <time>2018-08-19T09:56:15.157Z</time>
    </trkpt>
    <trkpt lat="42.144019" lon="2.485532">
        <ele>581.6</ele>
        <time>2018-08-19T09:56:25.157Z</time>
    </trkpt>
    <trkpt lat="42.144003" lon="2.485537">
        <ele>584.9</ele>
        <time>2018-08-19T10:02:15.157Z</time>
    </trkpt>
    <trkpt lat="42.143943" lon="2.485549">
        <ele>585.0</ele>
        <time>2018-08-19T10:02:25.157Z</time>
    </trkpt>
    <trkpt lat="42.143879" lon="2.485565">
        <ele>593.5</ele>
        <time>2018-08-19T10:02:31.496Z</time>
    </trkpt>
    <trkpt lat="42.143807" lon="2.485534">
        <ele>593.8</ele>
        <time>2018-08-19T10:02:39.021Z</time>
    </trkpt>
    <trkpt lat="42.143535" lon="2.485204">
        <ele>600.3</ele>
        <time>2018-08-19T10:03:15.447Z</time>
    </trkpt>
    <trkpt lat="42.143381" lon="2.485029">
        <ele>605.0</ele>
        <time>2018-08-19T10:03:35.496Z</time>
    </trkpt>
    <trkpt lat="42.143284" lon="2.484985">
        <ele>606.0</ele>
        <time>2018-08-19T10:03:45.685Z</time>
    </trkpt>
    <trkpt lat="42.143188" lon="2.484998">
        <ele>605.8</ele>
        <time>2018-08-19T10:03:55.291Z</time>
    </trkpt>
    <trkpt lat="42.142917" lon="2.485118">
        <ele>602.0</ele>
        <time>2018-08-19T10:04:23.689Z</time>
    </trkpt>
    <trkpt lat="42.142833" lon="2.485156">
        <ele>601.0</ele>
        <time>2018-08-19T10:04:33.077Z</time>
    </trkpt>
    <trkpt lat="42.14239" lon="2.485322">
        <ele>598.3</ele>
        <time>2018-08-19T10:05:21.795Z</time>
    </trkpt>
    <trkpt lat="42.14235" lon="2.485382">
        <ele>597.0</ele>
        <time>2018-08-19T10:05:28.063Z</time>
    </trkpt>
    <trkpt lat="42.142207" lon="2.485605">
        <ele>593.0</ele>
        <time>2018-08-19T10:05:50.967Z</time>
    </trkpt>
    <trkpt lat="42.142073" lon="2.48592">
        <ele>585.3</ele>
        <time>2018-08-19T10:06:19.179Z</time>
    </trkpt>
    <trkpt lat="42.142035" lon="2.485968">
        <ele>584.3</ele>
        <time>2018-08-19T10:06:24.342Z</time>
    </trkpt>
    <trkpt lat="42.141913" lon="2.486124">
        <ele>581.8</ele>
        <time>2018-08-19T10:06:41.016Z</time>
    </trkpt>
    <trkpt lat="42.141781" lon="2.486197">
        <ele>581.3</ele>
        <time>2018-08-19T10:06:55.165Z</time>
    </trkpt>
    <trkpt lat="42.141643" lon="2.486242">
        <ele>581.5</ele>
        <time>2018-08-19T10:07:09.246Z</time>
    </trkpt>
    <trkpt lat="42.14145" lon="2.486293">
        <ele>582.5</ele>
        <time>2018-08-19T10:07:28.751Z</time>
    </trkpt>
    <trkpt lat="42.141214" lon="2.486262">
        <ele>586.5</ele>
        <time>2018-08-19T10:07:52.268Z</time>
    </trkpt>
    <trkpt lat="42.14059" lon="2.486379">
        <ele>597.3</ele>
        <time>2018-08-19T10:08:54.751Z</time>
    </trkpt>
    <trkpt lat="42.140541" lon="2.486527">
        <ele>596.5</ele>
        <time>2018-08-19T10:09:06.670Z</time>
    </trkpt>
    <trkpt lat="42.140493" lon="2.486776">
        <ele>595.3</ele>
        <time>2018-08-19T10:09:27.337Z</time>
    </trkpt>
    <trkpt lat="42.140468" lon="2.487043">
        <ele>594.0</ele>
        <time>2018-08-19T10:09:48.955Z</time>
    </trkpt>
    <trkpt lat="42.14043" lon="2.487303">
        <ele>593.5</ele>
        <time>2018-08-19T10:10:10.242Z</time>
    </trkpt>
    <trkpt lat="42.140277" lon="2.487801">
        <ele>594.5</ele>
        <time>2018-08-19T10:10:53.544Z</time>
    </trkpt>
    <trkpt lat="42.140267" lon="2.487886">
        <ele>594.0</ele>
        <time>2018-08-19T10:11:00.457Z</time>
    </trkpt>
    <trkpt lat="42.140262" lon="2.48794">
        <ele>594.0</ele>
        <time>2018-08-19T10:11:04.828Z</time>
    </trkpt>
    <trkpt lat="42.140275" lon="2.488053">
        <ele>592.5</ele>
        <time>2018-08-19T10:11:16.642Z</time>
    </trkpt>
    <trkpt lat="42.140336" lon="2.488197">
        <ele>589.0</ele>
        <time>2018-08-19T10:11:33.776Z</time>
    </trkpt>
    <trkpt lat="42.140456" lon="2.488379">
        <ele>583.8</ele>
        <time>2018-08-19T10:11:58.938Z</time>
    </trkpt>
    <trkpt lat="42.140596" lon="2.488213">
        <ele>579.5</ele>
        <time>2018-08-19T10:12:24.912Z</time>
    </trkpt>
    <trkpt lat="42.140625" lon="2.488163">
        <ele>574.8</ele>
        <time>2018-08-19T10:12:31.470Z</time>
    </trkpt>
    <trkpt lat="42.140582" lon="2.488012">
        <ele>567.7</ele>
        <time>2018-08-19T10:12:48.181Z</time>
    </trkpt>
    <trkpt lat="42.140595" lon="2.487955">
        <ele>566.9</ele>
        <time>2018-08-19T10:12:58.181Z</time>
    </trkpt>
    <trkpt lat="42.140604" lon="2.488009">
        <ele>566.3</ele>
        <time>2018-08-19T10:13:08.181Z</time>
    </trkpt>
    <trkpt lat="42.140693" lon="2.487908">
        <ele>565.7</ele>
        <time>2018-08-19T10:13:18.181Z</time>
    </trkpt>
    <trkpt lat="42.140757" lon="2.48779">
        <ele>565.3</ele>
        <time>2018-08-19T10:13:28.181Z</time>
    </trkpt>
    <trkpt lat="42.14082" lon="2.487661">
        <ele>564.4</ele>
        <time>2018-08-19T10:13:38.181Z</time>
    </trkpt>
    <trkpt lat="42.14083" lon="2.487544">
        <ele>563.0</ele>
        <time>2018-08-19T10:13:48.181Z</time>
    </trkpt>
    <trkpt lat="42.140951" lon="2.487481">
        <ele>562.3</ele>
        <time>2018-08-19T10:13:58.181Z</time>
    </trkpt>
    <trkpt lat="42.141041" lon="2.487561">
        <ele>560.8</ele>
        <time>2018-08-19T10:14:08.181Z</time>
    </trkpt>
    <trkpt lat="42.141104" lon="2.487707">
        <ele>559.9</ele>
        <time>2018-08-19T10:14:18.181Z</time>
    </trkpt>
    <trkpt lat="42.141145" lon="2.487777">
        <ele>559.0</ele>
        <time>2018-08-19T10:14:28.181Z</time>
    </trkpt>
    <trkpt lat="42.141244" lon="2.487768">
        <ele>557.5</ele>
        <time>2018-08-19T10:14:38.181Z</time>
    </trkpt>
    <trkpt lat="42.141342" lon="2.487735">
        <ele>557.0</ele>
        <time>2018-08-19T10:14:48.181Z</time>
    </trkpt>
    <trkpt lat="42.141388" lon="2.487733">
        <ele>555.7</ele>
        <time>2018-08-19T10:14:58.181Z</time>
    </trkpt>
    <trkpt lat="42.141493" lon="2.48777">
        <ele>554.6</ele>
        <time>2018-08-19T10:15:08.181Z</time>
    </trkpt>
    <trkpt lat="42.141548" lon="2.487767">
        <ele>553.1</ele>
        <time>2018-08-19T10:15:18.181Z</time>
    </trkpt>
    <trkpt lat="42.141633" lon="2.487762">
        <ele>551.6</ele>
        <time>2018-08-19T10:15:28.181Z</time>
    </trkpt>
    <trkpt lat="42.141717" lon="2.487796">
        <ele>550.7</ele>
        <time>2018-08-19T10:15:38.181Z</time>
    </trkpt>
    <trkpt lat="42.141901" lon="2.487799">
        <ele>550.0</ele>
        <time>2018-08-19T10:15:48.181Z</time>
    </trkpt>
    <trkpt lat="42.141961" lon="2.487839">
        <ele>548.9</ele>
        <time>2018-08-19T10:15:58.181Z</time>
    </trkpt>
    <trkpt lat="42.142037" lon="2.487914">
        <ele>548.3</ele>
        <time>2018-08-19T10:16:08.181Z</time>
    </trkpt>
    <trkpt lat="42.142137" lon="2.488009">
        <ele>546.7</ele>
        <time>2018-08-19T10:16:18.181Z</time>
    </trkpt>
    <trkpt lat="42.14221" lon="2.488046">
        <ele>545.9</ele>
        <time>2018-08-19T10:16:28.181Z</time>
    </trkpt>
    <trkpt lat="42.142266" lon="2.48805">
        <ele>544.9</ele>
        <time>2018-08-19T10:16:38.181Z</time>
    </trkpt>
    <trkpt lat="42.142351" lon="2.488077">
        <ele>543.7</ele>
        <time>2018-08-19T10:16:48.181Z</time>
    </trkpt>
    <trkpt lat="42.142471" lon="2.488118">
        <ele>542.3</ele>
        <time>2018-08-19T10:16:58.181Z</time>
    </trkpt>
    <trkpt lat="42.142571" lon="2.488132">
        <ele>541.0</ele>
        <time>2018-08-19T10:17:08.181Z</time>
    </trkpt>
    <trkpt lat="42.142597" lon="2.488136">
        <ele>540.5</ele>
        <time>2018-08-19T10:17:18.181Z</time>
    </trkpt>
    <trkpt lat="42.142653" lon="2.488157">
        <ele>540.5</ele>
        <time>2018-08-19T10:17:28.181Z</time>
    </trkpt>
    <trkpt lat="42.142754" lon="2.488211">
        <ele>540.0</ele>
        <time>2018-08-19T10:17:38.181Z</time>
    </trkpt>
    <trkpt lat="42.142788" lon="2.488293">
        <ele>539.1</ele>
        <time>2018-08-19T10:17:48.181Z</time>
    </trkpt>
    <trkpt lat="42.142793" lon="2.488298">
        <ele>538.6</ele>
        <time>2018-08-19T10:17:58.181Z</time>
    </trkpt>
    <trkpt lat="42.142797" lon="2.488292">
        <ele>539.0</ele>
        <time>2018-08-19T10:18:08.181Z</time>
    </trkpt>
    <trkpt lat="42.142791" lon="2.488298">
        <ele>539.4</ele>
        <time>2018-08-19T10:18:18.181Z</time>
    </trkpt>
    <trkpt lat="42.142794" lon="2.488298">
        <ele>539.2</ele>
        <time>2018-08-19T10:18:28.181Z</time>
    </trkpt>
    <trkpt lat="42.142799" lon="2.488298">
        <ele>539.2</ele>
        <time>2018-08-19T10:18:38.181Z</time>
    </trkpt>
    <trkpt lat="42.142795" lon="2.48832">
        <ele>539.0</ele>
        <time>2018-08-19T10:18:48.181Z</time>
    </trkpt>
    <trkpt lat="42.142816" lon="2.488315">
        <ele>538.5</ele>
        <time>2018-08-19T10:18:58.181Z</time>
    </trkpt>
    <trkpt lat="42.142874" lon="2.488355">
        <ele>538.6</ele>
        <time>2018-08-19T10:19:08.181Z</time>
    </trkpt>
    <trkpt lat="42.142976" lon="2.488382">
        <ele>537.9</ele>
        <time>2018-08-19T10:19:18.181Z</time>
    </trkpt>
    <trkpt lat="42.143063" lon="2.488404">
        <ele>537.0</ele>
        <time>2018-08-19T10:19:28.181Z</time>
    </trkpt>
    <trkpt lat="42.143068" lon="2.488417">
        <ele>536.7</ele>
        <time>2018-08-19T10:19:38.181Z</time>
    </trkpt>
    <trkpt lat="42.143088" lon="2.488393">
        <ele>536.9</ele>
        <time>2018-08-19T10:19:48.181Z</time>
    </trkpt>
    <trkpt lat="42.143146" lon="2.488357">
        <ele>536.2</ele>
        <time>2018-08-19T10:19:58.181Z</time>
    </trkpt>
    <trkpt lat="42.143267" lon="2.488284">
        <ele>535.3</ele>
        <time>2018-08-19T10:20:08.181Z</time>
    </trkpt>
    <trkpt lat="42.143337" lon="2.488286">
        <ele>534.1</ele>
        <time>2018-08-19T10:20:18.181Z</time>
    </trkpt>
    <trkpt lat="42.143432" lon="2.488287">
        <ele>533.0</ele>
        <time>2018-08-19T10:20:28.181Z</time>
    </trkpt>
    <trkpt lat="42.143466" lon="2.488317">
        <ele>532.0</ele>
        <time>2018-08-19T10:20:38.181Z</time>
    </trkpt>
    <trkpt lat="42.143543" lon="2.48837">
        <ele>531.5</ele>
        <time>2018-08-19T10:20:48.181Z</time>
    </trkpt>
    <trkpt lat="42.143671" lon="2.488418">
        <ele>530.0</ele>
        <time>2018-08-19T10:20:58.181Z</time>
    </trkpt>
    <trkpt lat="42.143764" lon="2.488479">
        <ele>528.9</ele>
        <time>2018-08-19T10:21:08.181Z</time>
    </trkpt>
    <trkpt lat="42.143867" lon="2.488558">
        <ele>527.8</ele>
        <time>2018-08-19T10:21:18.181Z</time>
    </trkpt>
    <trkpt lat="42.14397" lon="2.488639">
        <ele>527.0</ele>
        <time>2018-08-19T10:21:28.181Z</time>
    </trkpt>
    <trkpt lat="42.144011" lon="2.488684">
        <ele>526.1</ele>
        <time>2018-08-19T10:21:38.181Z</time>
    </trkpt>
    <trkpt lat="42.144053" lon="2.488736">
        <ele>526.0</ele>
        <time>2018-08-19T10:21:48.181Z</time>
    </trkpt>
    <trkpt lat="42.144128" lon="2.488835">
        <ele>525.5</ele>
        <time>2018-08-19T10:21:58.181Z</time>
    </trkpt>
    <trkpt lat="42.144142" lon="2.488821">
        <ele>525.9</ele>
        <time>2018-08-19T10:22:08.181Z</time>
    </trkpt>
    <trkpt lat="42.144144" lon="2.488817">
        <ele>526.2</ele>
        <time>2018-08-19T10:22:18.181Z</time>
    </trkpt>
    <trkpt lat="42.144147" lon="2.488815">
        <ele>526.2</ele>
        <time>2018-08-19T10:22:28.181Z</time>
    </trkpt>
    <trkpt lat="42.14415" lon="2.488809">
        <ele>526.0</ele>
        <time>2018-08-19T10:22:38.181Z</time>
    </trkpt>
    <trkpt lat="42.144167" lon="2.48886">
        <ele>526.2</ele>
        <time>2018-08-19T10:22:48.181Z</time>
    </trkpt>
    <trkpt lat="42.144204" lon="2.488915">
        <ele>525.9</ele>
        <time>2018-08-19T10:22:58.181Z</time>
    </trkpt>
    <trkpt lat="42.14422" lon="2.488905">
        <ele>526.0</ele>
        <time>2018-08-19T10:23:08.181Z</time>
    </trkpt>
    <trkpt lat="42.144246" lon="2.488893">
        <ele>526.0</ele>
        <time>2018-08-19T10:23:18.181Z</time>
    </trkpt>
    <trkpt lat="42.144251" lon="2.488895">
        <ele>526.3</ele>
        <time>2018-08-19T10:23:28.181Z</time>
    </trkpt>
    <trkpt lat="42.144304" lon="2.488973">
        <ele>526.5</ele>
        <time>2018-08-19T10:23:38.181Z</time>
    </trkpt>
    <trkpt lat="42.144394" lon="2.489029">
        <ele>526.2</ele>
        <time>2018-08-19T10:23:48.181Z</time>
    </trkpt>
    <trkpt lat="42.144483" lon="2.489118">
        <ele>525.9</ele>
        <time>2018-08-19T10:23:58.181Z</time>
    </trkpt>
    <trkpt lat="42.14458" lon="2.489221">
        <ele>525.3</ele>
        <time>2018-08-19T10:24:08.181Z</time>
    </trkpt>
    <trkpt lat="42.144689" lon="2.489296">
        <ele>525.1</ele>
        <time>2018-08-19T10:24:18.181Z</time>
    </trkpt>
    <trkpt lat="42.144805" lon="2.489342">
        <ele>523.9</ele>
        <time>2018-08-19T10:24:28.181Z</time>
    </trkpt>
    <trkpt lat="42.144886" lon="2.489371">
        <ele>524.5</ele>
        <time>2018-08-19T10:24:38.181Z</time>
    </trkpt>
    <trkpt lat="42.145023" lon="2.48943">
        <ele>524.7</ele>
        <time>2018-08-19T10:24:48.181Z</time>
    </trkpt>
    <trkpt lat="42.145145" lon="2.489512">
        <ele>524.8</ele>
        <time>2018-08-19T10:24:58.181Z</time>
    </trkpt>
    <trkpt lat="42.145228" lon="2.489568">
        <ele>524.8</ele>
        <time>2018-08-19T10:25:08.181Z</time>
    </trkpt>
    <trkpt lat="42.145341" lon="2.489637">
        <ele>524.8</ele>
        <time>2018-08-19T10:25:18.181Z</time>
    </trkpt>
    <trkpt lat="42.145436" lon="2.489679">
        <ele>524.6</ele>
        <time>2018-08-19T10:25:28.181Z</time>
    </trkpt>
    <trkpt lat="42.145456" lon="2.48968">
        <ele>524.3</ele>
        <time>2018-08-19T10:25:38.181Z</time>
    </trkpt>
    <trkpt lat="42.145491" lon="2.489679">
        <ele>524.4</ele>
        <time>2018-08-19T10:25:48.181Z</time>
    </trkpt>
    <trkpt lat="42.145548" lon="2.489612">
        <ele>524.3</ele>
        <time>2018-08-19T10:25:58.181Z</time>
    </trkpt>
    <trkpt lat="42.14556" lon="2.489603">
        <ele>524.3</ele>
        <time>2018-08-19T10:26:08.181Z</time>
    </trkpt>
    <trkpt lat="42.145564" lon="2.489599">
        <ele>524.1</ele>
        <time>2018-08-19T10:26:18.181Z</time>
    </trkpt>
    <trkpt lat="42.145563" lon="2.489592">
        <ele>524.4</ele>
        <time>2018-08-19T10:26:28.181Z</time>
    </trkpt>
    <trkpt lat="42.145592" lon="2.489578">
        <ele>525.5</ele>
        <time>2018-08-19T10:26:38.181Z</time>
    </trkpt>
    <trkpt lat="42.145597" lon="2.489575">
        <ele>525.5</ele>
        <time>2018-08-19T10:26:48.181Z</time>
    </trkpt>
    <trkpt lat="42.145593" lon="2.48958">
        <ele>525.8</ele>
        <time>2018-08-19T10:26:58.181Z</time>
    </trkpt>
    <trkpt lat="42.145588" lon="2.489578">
        <ele>525.5</ele>
        <time>2018-08-19T10:27:08.181Z</time>
    </trkpt>
    <trkpt lat="42.145587" lon="2.489579">
        <ele>525.6</ele>
        <time>2018-08-19T10:27:18.181Z</time>
    </trkpt>
    <trkpt lat="42.145595" lon="2.489567">
        <ele>525.8</ele>
        <time>2018-08-19T10:27:28.181Z</time>
    </trkpt>
    <trkpt lat="42.145645" lon="2.489457">
        <ele>525.6</ele>
        <time>2018-08-19T10:27:38.181Z</time>
    </trkpt>
    <trkpt lat="42.145712" lon="2.489341">
        <ele>525.3</ele>
        <time>2018-08-19T10:27:48.181Z</time>
    </trkpt>
    <trkpt lat="42.1458" lon="2.489225">
        <ele>525.0</ele>
        <time>2018-08-19T10:27:58.181Z</time>
    </trkpt>
    <trkpt lat="42.145885" lon="2.489134">
        <ele>525.1</ele>
        <time>2018-08-19T10:28:08.181Z</time>
    </trkpt>
    <trkpt lat="42.145978" lon="2.489025">
        <ele>525.1</ele>
        <time>2018-08-19T10:28:18.181Z</time>
    </trkpt>
    <trkpt lat="42.146064" lon="2.488921">
        <ele>524.9</ele>
        <time>2018-08-19T10:28:28.181Z</time>
    </trkpt>
    <trkpt lat="42.14615" lon="2.488803">
        <ele>524.7</ele>
        <time>2018-08-19T10:28:38.181Z</time>
    </trkpt>
    <trkpt lat="42.146235" lon="2.488703">
        <ele>524.7</ele>
        <time>2018-08-19T10:28:48.181Z</time>
    </trkpt>
    <trkpt lat="42.146312" lon="2.488584">
        <ele>524.6</ele>
        <time>2018-08-19T10:28:58.181Z</time>
    </trkpt>
    <trkpt lat="42.146389" lon="2.488465">
        <ele>524.5</ele>
        <time>2018-08-19T10:29:08.181Z</time>
    </trkpt>
    <trkpt lat="42.146471" lon="2.488355">
        <ele>524.2</ele>
        <time>2018-08-19T10:29:18.181Z</time>
    </trkpt>
    <trkpt lat="42.146535" lon="2.488243">
        <ele>524.3</ele>
        <time>2018-08-19T10:29:28.181Z</time>
    </trkpt>
    <trkpt lat="42.146588" lon="2.488171">
        <ele>524.1</ele>
        <time>2018-08-19T10:29:38.181Z</time>
    </trkpt>
    <trkpt lat="42.146577" lon="2.488177">
        <ele>524.3</ele>
        <time>2018-08-19T10:29:48.181Z</time>
    </trkpt>
    <trkpt lat="42.146616" lon="2.488075">
        <ele>524.3</ele>
        <time>2018-08-19T10:29:58.181Z</time>
    </trkpt>
    <trkpt lat="42.146722" lon="2.488058">
        <ele>524.1</ele>
        <time>2018-08-19T10:30:08.181Z</time>
    </trkpt>
    <trkpt lat="42.146835" lon="2.488041">
        <ele>524.0</ele>
        <time>2018-08-19T10:30:18.181Z</time>
    </trkpt>
    <trkpt lat="42.146958" lon="2.488055">
        <ele>523.3</ele>
        <time>2018-08-19T10:30:28.181Z</time>
    </trkpt>
    <trkpt lat="42.147076" lon="2.488093">
        <ele>522.2</ele>
        <time>2018-08-19T10:30:38.181Z</time>
    </trkpt>
    <trkpt lat="42.14711" lon="2.488112">
        <ele>521.7</ele>
        <time>2018-08-19T10:30:48.181Z</time>
    </trkpt>
    <trkpt lat="42.147169" lon="2.488122">
        <ele>521.5</ele>
        <time>2018-08-19T10:30:58.181Z</time>
    </trkpt>
    <trkpt lat="42.147217" lon="2.488136">
        <ele>521.5</ele>
        <time>2018-08-19T10:31:08.181Z</time>
    </trkpt>
    <trkpt lat="42.147249" lon="2.488178">
        <ele>521.8</ele>
        <time>2018-08-19T10:31:18.181Z</time>
    </trkpt>
    <trkpt lat="42.147361" lon="2.488225">
        <ele>521.3</ele>
        <time>2018-08-19T10:31:28.181Z</time>
    </trkpt>
    <trkpt lat="42.147414" lon="2.488238">
        <ele>520.8</ele>
        <time>2018-08-19T10:31:38.181Z</time>
    </trkpt>
    <trkpt lat="42.147428" lon="2.48822">
        <ele>520.7</ele>
        <time>2018-08-19T10:31:48.181Z</time>
    </trkpt>
    <trkpt lat="42.147424" lon="2.488204">
        <ele>520.8</ele>
        <time>2018-08-19T10:31:58.181Z</time>
    </trkpt>
    <trkpt lat="42.147432" lon="2.48822">
        <ele>520.5</ele>
        <time>2018-08-19T10:32:08.181Z</time>
    </trkpt>
    <trkpt lat="42.147513" lon="2.488209">
        <ele>519.6</ele>
        <time>2018-08-19T10:32:18.181Z</time>
    </trkpt>
    <trkpt lat="42.147621" lon="2.488224">
        <ele>518.8</ele>
        <time>2018-08-19T10:32:28.181Z</time>
    </trkpt>
    <trkpt lat="42.147738" lon="2.488247">
        <ele>518.4</ele>
        <time>2018-08-19T10:32:38.181Z</time>
    </trkpt>
    <trkpt lat="42.147845" lon="2.488212">
        <ele>518.0</ele>
        <time>2018-08-19T10:32:48.181Z</time>
    </trkpt>
    <trkpt lat="42.147943" lon="2.48818">
        <ele>517.6</ele>
        <time>2018-08-19T10:32:58.181Z</time>
    </trkpt>
    <trkpt lat="42.148029" lon="2.488109">
        <ele>517.5</ele>
        <time>2018-08-19T10:33:08.181Z</time>
    </trkpt>
    <trkpt lat="42.148153" lon="2.487994">
        <ele>517.0</ele>
        <time>2018-08-19T10:33:18.181Z</time>
    </trkpt>
    <trkpt lat="42.148193" lon="2.487878">
        <ele>516.6</ele>
        <time>2018-08-19T10:33:28.181Z</time>
    </trkpt>
    <trkpt lat="42.148275" lon="2.487765">
        <ele>516.5</ele>
        <time>2018-08-19T10:33:38.181Z</time>
    </trkpt>
    <trkpt lat="42.148316" lon="2.487664">
        <ele>516.1</ele>
        <time>2018-08-19T10:33:48.181Z</time>
    </trkpt>
    <trkpt lat="42.148403" lon="2.487604">
        <ele>515.7</ele>
        <time>2018-08-19T10:33:58.181Z</time>
    </trkpt>
    <trkpt lat="42.148444" lon="2.487626">
        <ele>515.6</ele>
        <time>2018-08-19T10:34:08.181Z</time>
    </trkpt>
    <trkpt lat="42.148498" lon="2.487645">
        <ele>515.7</ele>
        <time>2018-08-19T10:34:18.181Z</time>
    </trkpt>
    <trkpt lat="42.148592" lon="2.48768">
        <ele>515.8</ele>
        <time>2018-08-19T10:34:28.181Z</time>
    </trkpt>
    <trkpt lat="42.148691" lon="2.487768">
        <ele>515.7</ele>
        <time>2018-08-19T10:34:38.181Z</time>
    </trkpt>
    <trkpt lat="42.148787" lon="2.48785">
        <ele>515.5</ele>
        <time>2018-08-19T10:34:48.181Z</time>
    </trkpt>
    <trkpt lat="42.148884" lon="2.487932">
        <ele>515.6</ele>
        <time>2018-08-19T10:34:58.181Z</time>
    </trkpt>
    <trkpt lat="42.148988" lon="2.487969">
        <ele>515.5</ele>
        <time>2018-08-19T10:35:08.181Z</time>
    </trkpt>
    <trkpt lat="42.149061" lon="2.487926">
        <ele>515.2</ele>
        <time>2018-08-19T10:35:18.181Z</time>
    </trkpt>
    <trkpt lat="42.149083" lon="2.487899">
        <ele>515.2</ele>
        <time>2018-08-19T10:35:28.181Z</time>
    </trkpt>
    <trkpt lat="42.149114" lon="2.487863">
        <ele>515.1</ele>
        <time>2018-08-19T10:35:38.181Z</time>
    </trkpt>
    <trkpt lat="42.149174" lon="2.487779">
        <ele>515.1</ele>
        <time>2018-08-19T10:35:48.181Z</time>
    </trkpt>
    <trkpt lat="42.149247" lon="2.487681">
        <ele>515.1</ele>
        <time>2018-08-19T10:35:58.181Z</time>
    </trkpt>
    <trkpt lat="42.14938" lon="2.48761">
        <ele>515.0</ele>
        <time>2018-08-19T10:36:08.181Z</time>
    </trkpt>
    <trkpt lat="42.149476" lon="2.487597">
        <ele>514.7</ele>
        <time>2018-08-19T10:36:18.181Z</time>
    </trkpt>
    <trkpt lat="42.149497" lon="2.487611">
        <ele>514.6</ele>
        <time>2018-08-19T10:36:28.181Z</time>
    </trkpt>
    <trkpt lat="42.149522" lon="2.487557">
        <ele>514.7</ele>
        <time>2018-08-19T10:36:38.181Z</time>
    </trkpt>
    <trkpt lat="42.149549" lon="2.487478">
        <ele>514.5</ele>
        <time>2018-08-19T10:36:48.181Z</time>
    </trkpt>
    <trkpt lat="42.149647" lon="2.487459">
        <ele>514.3</ele>
        <time>2018-08-19T10:36:58.181Z</time>
    </trkpt>
    <trkpt lat="42.149751" lon="2.48744">
        <ele>513.2</ele>
        <time>2018-08-19T10:37:08.181Z</time>
    </trkpt>
    <trkpt lat="42.149838" lon="2.487467">
        <ele>512.8</ele>
        <time>2018-08-19T10:37:18.181Z</time>
    </trkpt>
    <trkpt lat="42.149943" lon="2.487533">
        <ele>512.7</ele>
        <time>2018-08-19T10:37:28.181Z</time>
    </trkpt>
    <trkpt lat="42.150045" lon="2.487621">
        <ele>512.8</ele>
        <time>2018-08-19T10:37:38.181Z</time>
    </trkpt>
    <trkpt lat="42.150161" lon="2.487669">
        <ele>512.7</ele>
        <time>2018-08-19T10:37:48.181Z</time>
    </trkpt>
    <trkpt lat="42.150257" lon="2.487638">
        <ele>513.1</ele>
        <time>2018-08-19T10:37:58.181Z</time>
    </trkpt>
    <trkpt lat="42.150358" lon="2.487545">
        <ele>513.0</ele>
        <time>2018-08-19T10:38:08.181Z</time>
    </trkpt>
    <trkpt lat="42.15046" lon="2.487452">
        <ele>512.7</ele>
        <time>2018-08-19T10:38:18.181Z</time>
    </trkpt>
    <trkpt lat="42.150558" lon="2.487344">
        <ele>512.3</ele>
        <time>2018-08-19T10:38:28.181Z</time>
    </trkpt>
    <trkpt lat="42.150653" lon="2.487225">
        <ele>511.8</ele>
        <time>2018-08-19T10:38:38.181Z</time>
    </trkpt>
    <trkpt lat="42.150691" lon="2.487234">
        <ele>511.3</ele>
        <time>2018-08-19T10:38:48.181Z</time>
    </trkpt>
    <trkpt lat="42.150749" lon="2.487354">
        <ele>511.8</ele>
        <time>2018-08-19T10:38:58.181Z</time>
    </trkpt>
    <trkpt lat="42.150817" lon="2.487423">
        <ele>511.8</ele>
        <time>2018-08-19T10:39:08.181Z</time>
    </trkpt>
    <trkpt lat="42.150904" lon="2.487538">
        <ele>512.3</ele>
        <time>2018-08-19T10:39:18.181Z</time>
    </trkpt>
    <trkpt lat="42.150993" lon="2.487672">
        <ele>512.3</ele>
        <time>2018-08-19T10:39:28.181Z</time>
    </trkpt>
    <trkpt lat="42.151074" lon="2.487765">
        <ele>512.1</ele>
        <time>2018-08-19T10:39:38.181Z</time>
    </trkpt>
    <trkpt lat="42.151129" lon="2.487886">
        <ele>512.1</ele>
        <time>2018-08-19T10:39:48.181Z</time>
    </trkpt>
    <trkpt lat="42.151163" lon="2.488037">
        <ele>512.1</ele>
        <time>2018-08-19T10:39:58.181Z</time>
    </trkpt>
    <trkpt lat="42.151187" lon="2.488229">
        <ele>511.8</ele>
        <time>2018-08-19T10:40:08.181Z</time>
    </trkpt>
    <trkpt lat="42.151225" lon="2.488373">
        <ele>512.0</ele>
        <time>2018-08-19T10:40:18.181Z</time>
    </trkpt>
    <trkpt lat="42.151283" lon="2.488492">
        <ele>512.0</ele>
        <time>2018-08-19T10:40:28.181Z</time>
    </trkpt>
    <trkpt lat="42.151346" lon="2.488554">
        <ele>512.4</ele>
        <time>2018-08-19T10:40:38.181Z</time>
    </trkpt>
    <trkpt lat="42.151399" lon="2.488541">
        <ele>512.4</ele>
        <time>2018-08-19T10:40:48.181Z</time>
    </trkpt>
    <trkpt lat="42.151421" lon="2.488582">
        <ele>512.8</ele>
        <time>2018-08-19T10:40:58.181Z</time>
    </trkpt>
    <trkpt lat="42.151481" lon="2.4887">
        <ele>513.2</ele>
        <time>2018-08-19T10:41:08.181Z</time>
    </trkpt>
    <trkpt lat="42.151542" lon="2.488829">
        <ele>513.8</ele>
        <time>2018-08-19T10:41:18.181Z</time>
    </trkpt>
    <trkpt lat="42.151559" lon="2.488923">
        <ele>513.9</ele>
        <time>2018-08-19T10:41:28.181Z</time>
    </trkpt>
    <trkpt lat="42.151566" lon="2.488914">
        <ele>513.8</ele>
        <time>2018-08-19T10:41:38.181Z</time>
    </trkpt>
    <trkpt lat="42.151583" lon="2.488914">
        <ele>514.6</ele>
        <time>2018-08-19T10:41:48.181Z</time>
    </trkpt>
    <trkpt lat="42.151629" lon="2.488925">
        <ele>514.2</ele>
        <time>2018-08-19T10:41:58.181Z</time>
    </trkpt>
    <trkpt lat="42.15163" lon="2.488926">
        <ele>514.3</ele>
        <time>2018-08-19T10:42:08.181Z</time>
    </trkpt>
    <trkpt lat="42.151631" lon="2.488931">
        <ele>514.0</ele>
        <time>2018-08-19T10:42:18.181Z</time>
    </trkpt>
    <trkpt lat="42.151598" lon="2.488947">
        <ele>513.3</ele>
        <time>2018-08-19T10:42:28.181Z</time>
    </trkpt>
    <trkpt lat="42.15157" lon="2.488997">
        <ele>513.2</ele>
        <time>2018-08-19T10:42:38.181Z</time>
    </trkpt>
    <trkpt lat="42.15157" lon="2.489046">
        <ele>513.2</ele>
        <time>2018-08-19T10:42:48.181Z</time>
    </trkpt>
    <trkpt lat="42.151562" lon="2.489079">
        <ele>513.3</ele>
        <time>2018-08-19T10:42:58.181Z</time>
    </trkpt>
    <trkpt lat="42.151475" lon="2.489199">
        <ele>513.5</ele>
        <time>2018-08-19T10:43:08.181Z</time>
    </trkpt>
    <trkpt lat="42.15139" lon="2.489273">
        <ele>513.7</ele>
        <time>2018-08-19T10:43:18.181Z</time>
    </trkpt>
    <trkpt lat="42.151338" lon="2.489342">
        <ele>514.5</ele>
        <time>2018-08-19T10:43:28.181Z</time>
    </trkpt>
    <trkpt lat="42.151287" lon="2.489455">
        <ele>514.8</ele>
        <time>2018-08-19T10:43:38.181Z</time>
    </trkpt>
    <trkpt lat="42.15128" lon="2.489581">
        <ele>515.1</ele>
        <time>2018-08-19T10:43:48.181Z</time>
    </trkpt>
    <trkpt lat="42.151302" lon="2.489725">
        <ele>515.0</ele>
        <time>2018-08-19T10:43:58.181Z</time>
    </trkpt>
    <trkpt lat="42.151324" lon="2.489861">
        <ele>515.0</ele>
        <time>2018-08-19T10:44:08.181Z</time>
    </trkpt>
    <trkpt lat="42.151341" lon="2.490011">
        <ele>515.2</ele>
        <time>2018-08-19T10:44:18.181Z</time>
    </trkpt>
    <trkpt lat="42.151301" lon="2.490132">
        <ele>515.3</ele>
        <time>2018-08-19T10:44:28.181Z</time>
    </trkpt>
    <trkpt lat="42.151258" lon="2.49027">
        <ele>515.7</ele>
        <time>2018-08-19T10:44:38.181Z</time>
    </trkpt>
    <trkpt lat="42.151239" lon="2.490384">
        <ele>516.5</ele>
        <time>2018-08-19T10:44:48.181Z</time>
    </trkpt>
    <trkpt lat="42.151279" lon="2.490501">
        <ele>517.0</ele>
        <time>2018-08-19T10:44:58.181Z</time>
    </trkpt>
    <trkpt lat="42.151371" lon="2.490601">
        <ele>518.0</ele>
        <time>2018-08-19T10:45:08.181Z</time>
    </trkpt>
    <trkpt lat="42.151403" lon="2.490641">
        <ele>518.7</ele>
        <time>2018-08-19T10:45:18.181Z</time>
    </trkpt>
    <trkpt lat="42.151414" lon="2.490706">
        <ele>519.1</ele>
        <time>2018-08-19T10:45:28.181Z</time>
    </trkpt>
    <trkpt lat="42.151404" lon="2.490724">
        <ele>518.9</ele>
        <time>2018-08-19T10:45:38.181Z</time>
    </trkpt>
    <trkpt lat="42.151406" lon="2.490759">
        <ele>519.4</ele>
        <time>2018-08-19T10:45:48.181Z</time>
    </trkpt>
    <trkpt lat="42.151443" lon="2.490828">
        <ele>520.3</ele>
        <time>2018-08-19T10:45:58.181Z</time>
    </trkpt>
    <trkpt lat="42.151484" lon="2.49092">
        <ele>521.6</ele>
        <time>2018-08-19T10:46:08.181Z</time>
    </trkpt>
    <trkpt lat="42.151546" lon="2.490989">
        <ele>522.3</ele>
        <time>2018-08-19T10:46:18.181Z</time>
    </trkpt>
    <trkpt lat="42.151621" lon="2.491023">
        <ele>522.1</ele>
        <time>2018-08-19T10:46:28.181Z</time>
    </trkpt>
    <trkpt lat="42.151677" lon="2.491058">
        <ele>521.9</ele>
        <time>2018-08-19T10:46:38.181Z</time>
    </trkpt>
    <trkpt lat="42.151683" lon="2.491091">
        <ele>521.7</ele>
        <time>2018-08-19T10:46:48.181Z</time>
    </trkpt>
    <trkpt lat="42.151711" lon="2.491108">
        <ele>521.5</ele>
        <time>2018-08-19T10:46:58.181Z</time>
    </trkpt>
    <trkpt lat="42.151847" lon="2.491176">
        <ele>520.8</ele>
        <time>2018-08-19T10:47:08.181Z</time>
    </trkpt>
    <trkpt lat="42.151964" lon="2.491255">
        <ele>520.8</ele>
        <time>2018-08-19T10:47:18.181Z</time>
    </trkpt>
    <trkpt lat="42.15202" lon="2.49127">
        <ele>520.7</ele>
        <time>2018-08-19T10:47:28.181Z</time>
    </trkpt>
    <trkpt lat="42.152097" lon="2.491267">
        <ele>520.6</ele>
        <time>2018-08-19T10:47:38.181Z</time>
    </trkpt>
    <trkpt lat="42.15212" lon="2.491277">
        <ele>520.6</ele>
        <time>2018-08-19T10:47:48.181Z</time>
    </trkpt>
    <trkpt lat="42.152122" lon="2.491277">
        <ele>520.5</ele>
        <time>2018-08-19T10:47:58.181Z</time>
    </trkpt>
    <trkpt lat="42.152124" lon="2.491275">
        <ele>520.5</ele>
        <time>2018-08-19T10:48:08.181Z</time>
    </trkpt>
    <trkpt lat="42.152126" lon="2.491277">
        <ele>520.5</ele>
        <time>2018-08-19T10:48:18.181Z</time>
    </trkpt>
    <trkpt lat="42.152126" lon="2.491311">
        <ele>520.5</ele>
        <time>2018-08-19T10:48:28.181Z</time>
    </trkpt>
    <trkpt lat="42.152127" lon="2.491308">
        <ele>520.2</ele>
        <time>2018-08-19T10:48:38.181Z</time>
    </trkpt>
    <trkpt lat="42.152129" lon="2.4913">
        <ele>520.2</ele>
        <time>2018-08-19T10:48:48.181Z</time>
    </trkpt>
    <trkpt lat="42.152131" lon="2.491299">
        <ele>520.3</ele>
        <time>2018-08-19T10:48:58.181Z</time>
    </trkpt>
    <trkpt lat="42.152134" lon="2.491299">
        <ele>520.4</ele>
        <time>2018-08-19T10:49:08.181Z</time>
    </trkpt>
    <trkpt lat="42.152133" lon="2.491296">
        <ele>520.2</ele>
        <time>2018-08-19T10:49:18.181Z</time>
    </trkpt>
    <trkpt lat="42.152146" lon="2.491268">
        <ele>520.2</ele>
        <time>2018-08-19T10:49:28.181Z</time>
    </trkpt>
    <trkpt lat="42.152113" lon="2.491264">
        <ele>520.3</ele>
        <time>2018-08-19T10:49:38.181Z</time>
    </trkpt>
    <trkpt lat="42.152189" lon="2.491358">
        <ele>520.0</ele>
        <time>2018-08-19T10:49:48.181Z</time>
    </trkpt>
    <trkpt lat="42.152305" lon="2.491411">
        <ele>519.3</ele>
        <time>2018-08-19T10:49:58.181Z</time>
    </trkpt>
    <trkpt lat="42.152453" lon="2.491566">
        <ele>519.5</ele>
        <time>2018-08-19T10:50:08.181Z</time>
    </trkpt>
    <trkpt lat="42.152522" lon="2.491656">
        <ele>519.8</ele>
        <time>2018-08-19T10:50:18.181Z</time>
    </trkpt>
    <trkpt lat="42.152573" lon="2.491729">
        <ele>519.8</ele>
        <time>2018-08-19T10:50:28.181Z</time>
    </trkpt>
    <trkpt lat="42.152569" lon="2.491737">
        <ele>519.7</ele>
        <time>2018-08-19T10:50:38.181Z</time>
    </trkpt>
    <trkpt lat="42.152628" lon="2.491836">
        <ele>519.9</ele>
        <time>2018-08-19T10:50:48.181Z</time>
    </trkpt>
    <trkpt lat="42.1527" lon="2.491947">
        <ele>520.1</ele>
        <time>2018-08-19T10:50:58.181Z</time>
    </trkpt>
    <trkpt lat="42.152757" lon="2.492078">
        <ele>519.6</ele>
        <time>2018-08-19T10:51:08.181Z</time>
    </trkpt>
    <trkpt lat="42.152871" lon="2.492147">
        <ele>519.2</ele>
        <time>2018-08-19T10:51:18.181Z</time>
    </trkpt>
    <trkpt lat="42.152961" lon="2.492201">
        <ele>519.3</ele>
        <time>2018-08-19T10:51:28.181Z</time>
    </trkpt>
    <trkpt lat="42.153034" lon="2.49229">
        <ele>519.2</ele>
        <time>2018-08-19T10:51:38.181Z</time>
    </trkpt>
    <trkpt lat="42.153117" lon="2.492337">
        <ele>519.3</ele>
        <time>2018-08-19T10:51:48.181Z</time>
    </trkpt>
    <trkpt lat="42.153188" lon="2.492372">
        <ele>518.6</ele>
        <time>2018-08-19T10:51:58.181Z</time>
    </trkpt>
    <trkpt lat="42.15324" lon="2.492466">
        <ele>517.7</ele>
        <time>2018-08-19T10:52:08.181Z</time>
    </trkpt>
    <trkpt lat="42.153295" lon="2.492559">
        <ele>518.1</ele>
        <time>2018-08-19T10:52:18.181Z</time>
    </trkpt>
    <trkpt lat="42.153364" lon="2.492643">
        <ele>518.0</ele>
        <time>2018-08-19T10:52:28.181Z</time>
    </trkpt>
    <trkpt lat="42.153412" lon="2.492732">
        <ele>517.7</ele>
        <time>2018-08-19T10:52:38.181Z</time>
    </trkpt>
    <trkpt lat="42.153465" lon="2.4928">
        <ele>516.5</ele>
        <time>2018-08-19T10:52:48.181Z</time>
    </trkpt>
    <trkpt lat="42.15359" lon="2.492906">
        <ele>515.6</ele>
        <time>2018-08-19T10:52:58.181Z</time>
    </trkpt>
    <trkpt lat="42.153663" lon="2.492985">
        <ele>514.8</ele>
        <time>2018-08-19T10:53:08.181Z</time>
    </trkpt>
    <trkpt lat="42.153761" lon="2.493091">
        <ele>514.6</ele>
        <time>2018-08-19T10:53:18.181Z</time>
    </trkpt>
    <trkpt lat="42.153801" lon="2.493148">
        <ele>514.1</ele>
        <time>2018-08-19T10:53:28.181Z</time>
    </trkpt>
    <trkpt lat="42.153827" lon="2.493166">
        <ele>513.9</ele>
        <time>2018-08-19T10:53:38.181Z</time>
    </trkpt>
    <trkpt lat="42.153828" lon="2.493184">
        <ele>513.7</ele>
        <time>2018-08-19T10:53:48.181Z</time>
    </trkpt>
    <trkpt lat="42.153834" lon="2.493197">
        <ele>514.0</ele>
        <time>2018-08-19T10:53:58.181Z</time>
    </trkpt>
    <trkpt lat="42.153828" lon="2.493217">
        <ele>514.1</ele>
        <time>2018-08-19T10:54:08.181Z</time>
    </trkpt>
    <trkpt lat="42.153808" lon="2.49324">
        <ele>514.6</ele>
        <time>2018-08-19T10:54:18.181Z</time>
    </trkpt>
    <trkpt lat="42.153768" lon="2.493255">
        <ele>514.8</ele>
        <time>2018-08-19T10:54:28.181Z</time>
    </trkpt>
    <trkpt lat="42.15369" lon="2.493342">
        <ele>514.5</ele>
        <time>2018-08-19T10:54:38.181Z</time>
    </trkpt>
    <trkpt lat="42.153625" lon="2.493495">
        <ele>514.7</ele>
        <time>2018-08-19T10:54:48.181Z</time>
    </trkpt>
    <trkpt lat="42.153596" lon="2.493645">
        <ele>514.7</ele>
        <time>2018-08-19T10:54:58.181Z</time>
    </trkpt>
    <trkpt lat="42.153548" lon="2.493758">
        <ele>515.8</ele>
        <time>2018-08-19T10:55:08.181Z</time>
    </trkpt>
    <trkpt lat="42.153516" lon="2.493823">
        <ele>516.3</ele>
        <time>2018-08-19T10:55:18.181Z</time>
    </trkpt>
    <trkpt lat="42.153484" lon="2.493859">
        <ele>516.3</ele>
        <time>2018-08-19T10:55:28.181Z</time>
    </trkpt>
    <trkpt lat="42.153466" lon="2.493879">
        <ele>516.8</ele>
        <time>2018-08-19T10:55:38.181Z</time>
    </trkpt>
    <trkpt lat="42.153434" lon="2.493966">
        <ele>517.9</ele>
        <time>2018-08-19T10:55:48.181Z</time>
    </trkpt>
    <trkpt lat="42.153393" lon="2.494037">
        <ele>519.1</ele>
        <time>2018-08-19T10:55:58.181Z</time>
    </trkpt>
    <trkpt lat="42.153335" lon="2.494122">
        <ele>520.2</ele>
        <time>2018-08-19T10:56:08.181Z</time>
    </trkpt>
    <trkpt lat="42.153291" lon="2.494185">
        <ele>520.4</ele>
        <time>2018-08-19T10:56:18.181Z</time>
    </trkpt>
    <trkpt lat="42.153262" lon="2.494262">
        <ele>520.0</ele>
        <time>2018-08-19T10:56:28.181Z</time>
    </trkpt>
    <trkpt lat="42.153184" lon="2.494388">
        <ele>519.9</ele>
        <time>2018-08-19T10:56:38.181Z</time>
    </trkpt>
    <trkpt lat="42.153152" lon="2.494484">
        <ele>519.9</ele>
        <time>2018-08-19T10:56:48.181Z</time>
    </trkpt>
    <trkpt lat="42.153127" lon="2.494706">
        <ele>519.8</ele>
        <time>2018-08-19T10:56:58.181Z</time>
    </trkpt>
    <trkpt lat="42.153139" lon="2.494812">
        <ele>519.8</ele>
        <time>2018-08-19T10:57:08.181Z</time>
    </trkpt>
    <trkpt lat="42.153149" lon="2.494889">
        <ele>520.1</ele>
        <time>2018-08-19T10:57:18.181Z</time>
    </trkpt>
    <trkpt lat="42.153115" lon="2.494997">
        <ele>520.5</ele>
        <time>2018-08-19T10:57:28.181Z</time>
    </trkpt>
    <trkpt lat="42.153083" lon="2.495101">
        <ele>520.7</ele>
        <time>2018-08-19T10:57:38.181Z</time>
    </trkpt>
    <trkpt lat="42.153112" lon="2.495204">
        <ele>521.3</ele>
        <time>2018-08-19T10:57:48.181Z</time>
    </trkpt>
    <trkpt lat="42.153151" lon="2.495331">
        <ele>521.5</ele>
        <time>2018-08-19T10:57:58.181Z</time>
    </trkpt>
    <trkpt lat="42.153143" lon="2.495385">
        <ele>521.8</ele>
        <time>2018-08-19T10:58:08.181Z</time>
    </trkpt>
    <trkpt lat="42.153145" lon="2.495442">
        <ele>521.8</ele>
        <time>2018-08-19T10:58:18.181Z</time>
    </trkpt>
    <trkpt lat="42.153107" lon="2.495571">
        <ele>520.7</ele>
        <time>2018-08-19T10:58:28.181Z</time>
    </trkpt>
    <trkpt lat="42.153081" lon="2.49565">
        <ele>520.5</ele>
        <time>2018-08-19T10:58:38.181Z</time>
    </trkpt>
    <trkpt lat="42.15306" lon="2.495576">
        <ele>520.5</ele>
        <time>2018-08-19T10:58:48.181Z</time>
    </trkpt>
    <trkpt lat="42.153053" lon="2.495575">
        <ele>520.8</ele>
        <time>2018-08-19T10:58:58.181Z</time>
    </trkpt>
    <trkpt lat="42.153052" lon="2.495568">
        <ele>520.8</ele>
        <time>2018-08-19T10:59:08.181Z</time>
    </trkpt>
    <trkpt lat="42.15305" lon="2.495537">
        <ele>520.8</ele>
        <time>2018-08-19T10:59:18.181Z</time>
    </trkpt>
    <trkpt lat="42.153049" lon="2.49558">
        <ele>520.5</ele>
        <time>2018-08-19T10:59:28.181Z</time>
    </trkpt>
    <trkpt lat="42.153051" lon="2.495589">
        <ele>520.1</ele>
        <time>2018-08-19T10:59:38.181Z</time>
    </trkpt>
    <trkpt lat="42.153044" lon="2.49569">
        <ele>520.2</ele>
        <time>2018-08-19T10:59:48.181Z</time>
    </trkpt>
    <trkpt lat="42.152965" lon="2.495872">
        <ele>520.7</ele>
        <time>2018-08-19T10:59:58.181Z</time>
    </trkpt>
    <trkpt lat="42.152939" lon="2.49605">
        <ele>521.5</ele>
        <time>2018-08-19T11:00:08.181Z</time>
    </trkpt>
    <trkpt lat="42.152911" lon="2.496185">
        <ele>522.1</ele>
        <time>2018-08-19T11:00:18.181Z</time>
    </trkpt>
    <trkpt lat="42.152928" lon="2.496261">
        <ele>522.7</ele>
        <time>2018-08-19T11:00:28.181Z</time>
    </trkpt>
    <trkpt lat="42.152966" lon="2.496256">
        <ele>522.5</ele>
        <time>2018-08-19T11:00:38.181Z</time>
    </trkpt>
    <trkpt lat="42.15292" lon="2.49623">
        <ele>522.2</ele>
        <time>2018-08-19T11:00:48.181Z</time>
    </trkpt>
    <trkpt lat="42.15293" lon="2.496355">
        <ele>523.1</ele>
        <time>2018-08-19T11:00:58.181Z</time>
    </trkpt>
    <trkpt lat="42.152928" lon="2.49644">
        <ele>523.3</ele>
        <time>2018-08-19T11:01:08.181Z</time>
    </trkpt>
    <trkpt lat="42.152899" lon="2.496513">
        <ele>524.0</ele>
        <time>2018-08-19T11:01:18.181Z</time>
    </trkpt>
    <trkpt lat="42.152811" lon="2.496605">
        <ele>524.5</ele>
        <time>2018-08-19T11:01:28.181Z</time>
    </trkpt>
    <trkpt lat="42.152701" lon="2.496637">
        <ele>525.2</ele>
        <time>2018-08-19T11:01:38.181Z</time>
    </trkpt>
    <trkpt lat="42.15254" lon="2.496654">
        <ele>525.0</ele>
        <time>2018-08-19T11:01:48.181Z</time>
    </trkpt>
    <trkpt lat="42.152462" lon="2.496683">
        <ele>525.1</ele>
        <time>2018-08-19T11:01:58.181Z</time>
    </trkpt>
    <trkpt lat="42.152322" lon="2.49674">
        <ele>525.7</ele>
        <time>2018-08-19T11:02:08.181Z</time>
    </trkpt>
    <trkpt lat="42.152224" lon="2.496783">
        <ele>526.3</ele>
        <time>2018-08-19T11:02:18.181Z</time>
    </trkpt>
    <trkpt lat="42.152096" lon="2.496865">
        <ele>526.6</ele>
        <time>2018-08-19T11:02:28.181Z</time>
    </trkpt>
    <trkpt lat="42.151959" lon="2.496899">
        <ele>526.7</ele>
        <time>2018-08-19T11:02:38.181Z</time>
    </trkpt>
    <trkpt lat="42.151881" lon="2.496862">
        <ele>526.5</ele>
        <time>2018-08-19T11:02:48.181Z</time>
    </trkpt>
    <trkpt lat="42.151806" lon="2.496833">
        <ele>527.0</ele>
        <time>2018-08-19T11:02:58.181Z</time>
    </trkpt>
    <trkpt lat="42.151684" lon="2.496776">
        <ele>526.3</ele>
        <time>2018-08-19T11:03:08.181Z</time>
    </trkpt>
    <trkpt lat="42.151585" lon="2.496812">
        <ele>526.6</ele>
        <time>2018-08-19T11:03:18.181Z</time>
    </trkpt>
    <trkpt lat="42.15151" lon="2.49681">
        <ele>527.3</ele>
        <time>2018-08-19T11:03:28.181Z</time>
    </trkpt>
    <trkpt lat="42.15144" lon="2.496794">
        <ele>528.0</ele>
        <time>2018-08-19T11:03:38.181Z</time>
    </trkpt>
    <trkpt lat="42.151376" lon="2.496795">
        <ele>529.0</ele>
        <time>2018-08-19T11:03:48.181Z</time>
    </trkpt>
    <trkpt lat="42.151267" lon="2.496734">
        <ele>529.2</ele>
        <time>2018-08-19T11:03:58.181Z</time>
    </trkpt>
    <trkpt lat="42.151231" lon="2.496694">
        <ele>528.8</ele>
        <time>2018-08-19T11:04:08.181Z</time>
    </trkpt>
    <trkpt lat="42.151196" lon="2.496605">
        <ele>528.5</ele>
        <time>2018-08-19T11:04:18.181Z</time>
    </trkpt>
    <trkpt lat="42.151172" lon="2.496614">
        <ele>528.2</ele>
        <time>2018-08-19T11:04:28.181Z</time>
    </trkpt>
    <trkpt lat="42.151109" lon="2.496675">
        <ele>528.7</ele>
        <time>2018-08-19T11:04:38.181Z</time>
    </trkpt>
    <trkpt lat="42.151089" lon="2.496717">
        <ele>528.7</ele>
        <time>2018-08-19T11:04:48.181Z</time>
    </trkpt>
    <trkpt lat="42.151079" lon="2.496762">
        <ele>528.8</ele>
        <time>2018-08-19T11:04:58.181Z</time>
    </trkpt>
    <trkpt lat="42.151101" lon="2.496802">
        <ele>528.0</ele>
        <time>2018-08-19T11:05:08.181Z</time>
    </trkpt>
    <trkpt lat="42.151127" lon="2.496895">
        <ele>527.8</ele>
        <time>2018-08-19T11:05:18.181Z</time>
    </trkpt>
    <trkpt lat="42.151099" lon="2.496917">
        <ele>527.6</ele>
        <time>2018-08-19T11:05:28.181Z</time>
    </trkpt>
    <trkpt lat="42.151075" lon="2.496899">
        <ele>527.6</ele>
        <time>2018-08-19T11:05:38.181Z</time>
    </trkpt>
    <trkpt lat="42.151084" lon="2.496925">
        <ele>526.2</ele>
        <time>2018-08-19T11:05:48.181Z</time>
    </trkpt>
    <trkpt lat="42.151095" lon="2.496951">
        <ele>525.8</ele>
        <time>2018-08-19T11:05:55.181Z</time>
    </trkpt>
    <trkpt lat="42.150981" lon="2.496909">
        <ele>529.6</ele>
        <time>2018-08-19T11:08:22.181Z</time>
    </trkpt>
    <trkpt lat="42.150978" lon="2.496938">
        <ele>529.7</ele>
        <time>2018-08-19T11:08:23.181Z</time>
    </trkpt>
    <trkpt lat="42.150984" lon="2.496993">
        <ele>528.1</ele>
        <time>2018-08-19T11:08:33.181Z</time>
    </trkpt>
    <trkpt lat="42.151007" lon="2.497083">
        <ele>528.0</ele>
        <time>2018-08-19T11:08:43.181Z</time>
    </trkpt>
    <trkpt lat="42.151009" lon="2.497178">
        <ele>527.0</ele>
        <time>2018-08-19T11:08:53.181Z</time>
    </trkpt>
    <trkpt lat="42.151012" lon="2.497261">
        <ele>526.9</ele>
        <time>2018-08-19T11:09:03.181Z</time>
    </trkpt>
    <trkpt lat="42.151046" lon="2.497392">
        <ele>527.2</ele>
        <time>2018-08-19T11:09:13.181Z</time>
    </trkpt>
    <trkpt lat="42.151089" lon="2.497533">
        <ele>527.7</ele>
        <time>2018-08-19T11:09:23.181Z</time>
    </trkpt>
    <trkpt lat="42.151109" lon="2.497661">
        <ele>528.7</ele>
        <time>2018-08-19T11:09:33.181Z</time>
    </trkpt>
    <trkpt lat="42.151109" lon="2.497788">
        <ele>529.3</ele>
        <time>2018-08-19T11:09:43.181Z</time>
    </trkpt>
    <trkpt lat="42.151114" lon="2.49795">
        <ele>530.1</ele>
        <time>2018-08-19T11:09:53.181Z</time>
    </trkpt>
    <trkpt lat="42.151159" lon="2.498069">
        <ele>530.2</ele>
        <time>2018-08-19T11:10:03.181Z</time>
    </trkpt>
    <trkpt lat="42.151156" lon="2.498162">
        <ele>530.7</ele>
        <time>2018-08-19T11:10:13.181Z</time>
    </trkpt>
    <trkpt lat="42.151182" lon="2.498279">
        <ele>530.8</ele>
        <time>2018-08-19T11:10:23.181Z</time>
    </trkpt>
    <trkpt lat="42.151087" lon="2.498405">
        <ele>531.0</ele>
        <time>2018-08-19T11:10:33.181Z</time>
    </trkpt>
    <trkpt lat="42.151065" lon="2.498471">
        <ele>531.5</ele>
        <time>2018-08-19T11:10:43.181Z</time>
    </trkpt>
    <trkpt lat="42.151012" lon="2.498612">
        <ele>531.7</ele>
        <time>2018-08-19T11:10:53.181Z</time>
    </trkpt>
    <trkpt lat="42.150995" lon="2.498757">
        <ele>532.2</ele>
        <time>2018-08-19T11:11:03.181Z</time>
    </trkpt>
    <trkpt lat="42.15095" lon="2.498887">
        <ele>533.4</ele>
        <time>2018-08-19T11:11:13.181Z</time>
    </trkpt>
    <trkpt lat="42.150939" lon="2.49895">
        <ele>534.3</ele>
        <time>2018-08-19T11:11:23.181Z</time>
    </trkpt>
    <trkpt lat="42.150944" lon="2.499044">
        <ele>535.6</ele>
        <time>2018-08-19T11:11:33.181Z</time>
    </trkpt>
    <trkpt lat="42.150948" lon="2.499129">
        <ele>536.4</ele>
        <time>2018-08-19T11:11:43.181Z</time>
    </trkpt>
    <trkpt lat="42.150967" lon="2.499294">
        <ele>536.8</ele>
        <time>2018-08-19T11:11:53.181Z</time>
    </trkpt>
    <trkpt lat="42.15099" lon="2.499376">
        <ele>536.9</ele>
        <time>2018-08-19T11:12:03.181Z</time>
    </trkpt>
    <trkpt lat="42.151011" lon="2.499472">
        <ele>536.6</ele>
        <time>2018-08-19T11:12:13.181Z</time>
    </trkpt>
    <trkpt lat="42.151009" lon="2.499587">
        <ele>536.8</ele>
        <time>2018-08-19T11:12:23.181Z</time>
    </trkpt>
    <trkpt lat="42.15104" lon="2.499678">
        <ele>537.0</ele>
        <time>2018-08-19T11:12:33.181Z</time>
    </trkpt>
    <trkpt lat="42.15104" lon="2.499805">
        <ele>537.2</ele>
        <time>2018-08-19T11:12:43.181Z</time>
    </trkpt>
    <trkpt lat="42.151047" lon="2.499899">
        <ele>537.5</ele>
        <time>2018-08-19T11:12:53.181Z</time>
    </trkpt>
    <trkpt lat="42.151024" lon="2.499968">
        <ele>538.1</ele>
        <time>2018-08-19T11:13:03.181Z</time>
    </trkpt>
    <trkpt lat="42.150989" lon="2.499981">
        <ele>537.9</ele>
        <time>2018-08-19T11:13:13.181Z</time>
    </trkpt>
    <trkpt lat="42.15099" lon="2.500023">
        <ele>538.1</ele>
        <time>2018-08-19T11:13:23.181Z</time>
    </trkpt>
    <trkpt lat="42.150976" lon="2.500065">
        <ele>538.9</ele>
        <time>2018-08-19T11:13:33.181Z</time>
    </trkpt>
    <trkpt lat="42.150977" lon="2.500089">
        <ele>539.5</ele>
        <time>2018-08-19T11:13:43.181Z</time>
    </trkpt>
    <trkpt lat="42.150997" lon="2.500125">
        <ele>539.6</ele>
        <time>2018-08-19T11:13:53.181Z</time>
    </trkpt>
    <trkpt lat="42.150986" lon="2.500167">
        <ele>540.7</ele>
        <time>2018-08-19T11:14:03.181Z</time>
    </trkpt>
    <trkpt lat="42.15093" lon="2.500154">
        <ele>540.7</ele>
        <time>2018-08-19T11:14:13.181Z</time>
    </trkpt>
    <trkpt lat="42.150909" lon="2.500165">
        <ele>540.8</ele>
        <time>2018-08-19T11:14:23.181Z</time>
    </trkpt>
    <trkpt lat="42.150917" lon="2.500185">
        <ele>540.5</ele>
        <time>2018-08-19T11:14:33.181Z</time>
    </trkpt>
    <trkpt lat="42.151015" lon="2.500196">
        <ele>540.2</ele>
        <time>2018-08-19T11:14:43.181Z</time>
    </trkpt>
    <trkpt lat="42.151132" lon="2.500232">
        <ele>540.7</ele>
        <time>2018-08-19T11:14:53.181Z</time>
    </trkpt>
    <trkpt lat="42.151238" lon="2.500275">
        <ele>542.0</ele>
        <time>2018-08-19T11:15:03.181Z</time>
    </trkpt>
    <trkpt lat="42.151311" lon="2.500373">
        <ele>543.2</ele>
        <time>2018-08-19T11:15:13.181Z</time>
    </trkpt>
    <trkpt lat="42.151348" lon="2.500455">
        <ele>544.5</ele>
        <time>2018-08-19T11:15:23.181Z</time>
    </trkpt>
    <trkpt lat="42.151411" lon="2.500552">
        <ele>544.7</ele>
        <time>2018-08-19T11:15:33.181Z</time>
    </trkpt>
    <trkpt lat="42.151464" lon="2.500607">
        <ele>544.8</ele>
        <time>2018-08-19T11:15:43.181Z</time>
    </trkpt>
    <trkpt lat="42.151481" lon="2.500632">
        <ele>545.0</ele>
        <time>2018-08-19T11:15:53.181Z</time>
    </trkpt>
    <trkpt lat="42.151565" lon="2.500761">
        <ele>546.2</ele>
        <time>2018-08-19T11:16:03.181Z</time>
    </trkpt>
    <trkpt lat="42.15171" lon="2.500835">
        <ele>546.5</ele>
        <time>2018-08-19T11:16:13.181Z</time>
    </trkpt>
    <trkpt lat="42.151747" lon="2.500862">
        <ele>547.7</ele>
        <time>2018-08-19T11:16:23.181Z</time>
    </trkpt>
    <trkpt lat="42.151852" lon="2.500902">
        <ele>548.6</ele>
        <time>2018-08-19T11:16:33.181Z</time>
    </trkpt>
    <trkpt lat="42.151903" lon="2.500905">
        <ele>549.5</ele>
        <time>2018-08-19T11:16:43.181Z</time>
    </trkpt>
    <trkpt lat="42.151932" lon="2.500922">
        <ele>549.7</ele>
        <time>2018-08-19T11:16:53.181Z</time>
    </trkpt>
    <trkpt lat="42.151993" lon="2.500968">
        <ele>550.2</ele>
        <time>2018-08-19T11:17:03.181Z</time>
    </trkpt>
    <trkpt lat="42.152036" lon="2.501035">
        <ele>550.2</ele>
        <time>2018-08-19T11:17:13.181Z</time>
    </trkpt>
    <trkpt lat="42.152038" lon="2.501036">
        <ele>550.5</ele>
        <time>2018-08-19T11:17:23.181Z</time>
    </trkpt>
    <trkpt lat="42.152041" lon="2.501045">
        <ele>550.1</ele>
        <time>2018-08-19T11:17:33.181Z</time>
    </trkpt>
    <trkpt lat="42.152049" lon="2.501049">
        <ele>549.6</ele>
        <time>2018-08-19T11:17:43.181Z</time>
    </trkpt>
    <trkpt lat="42.152058" lon="2.501058">
        <ele>549.6</ele>
        <time>2018-08-19T11:17:53.181Z</time>
    </trkpt>
    <trkpt lat="42.152063" lon="2.501064">
        <ele>549.3</ele>
        <time>2018-08-19T11:18:03.181Z</time>
    </trkpt>
    <trkpt lat="42.152059" lon="2.501058">
        <ele>549.9</ele>
        <time>2018-08-19T11:18:13.181Z</time>
    </trkpt>
    <trkpt lat="42.152057" lon="2.501057">
        <ele>550.3</ele>
        <time>2018-08-19T11:18:23.181Z</time>
    </trkpt>
    <trkpt lat="42.152057" lon="2.501066">
        <ele>548.7</ele>
        <time>2018-08-19T11:18:33.181Z</time>
    </trkpt>
    <trkpt lat="42.152059" lon="2.501073">
        <ele>549.0</ele>
        <time>2018-08-19T11:18:43.181Z</time>
    </trkpt>
    <trkpt lat="42.152057" lon="2.501079">
        <ele>550.0</ele>
        <time>2018-08-19T11:18:53.181Z</time>
    </trkpt>
    <trkpt lat="42.15206" lon="2.501078">
        <ele>549.5</ele>
        <time>2018-08-19T11:19:03.181Z</time>
    </trkpt>
    <trkpt lat="42.152054" lon="2.501052">
        <ele>548.9</ele>
        <time>2018-08-19T11:19:13.181Z</time>
    </trkpt>
    <trkpt lat="42.152052" lon="2.501055">
        <ele>549.8</ele>
        <time>2018-08-19T11:19:23.181Z</time>
    </trkpt>
    <trkpt lat="42.152048" lon="2.501057">
        <ele>548.8</ele>
        <time>2018-08-19T11:19:33.181Z</time>
    </trkpt>
    <trkpt lat="42.152054" lon="2.501055">
        <ele>549.5</ele>
        <time>2018-08-19T11:19:43.181Z</time>
    </trkpt>
    <trkpt lat="42.152061" lon="2.501051">
        <ele>549.5</ele>
        <time>2018-08-19T11:19:53.181Z</time>
    </trkpt>
    <trkpt lat="42.152066" lon="2.50105">
        <ele>549.2</ele>
        <time>2018-08-19T11:20:03.181Z</time>
    </trkpt>
    <trkpt lat="42.15207" lon="2.501052">
        <ele>549.7</ele>
        <time>2018-08-19T11:20:13.181Z</time>
    </trkpt>
    <trkpt lat="42.152072" lon="2.501051">
        <ele>549.8</ele>
        <time>2018-08-19T11:20:23.181Z</time>
    </trkpt>
    <trkpt lat="42.152073" lon="2.501055">
        <ele>549.8</ele>
        <time>2018-08-19T11:20:33.181Z</time>
    </trkpt>
    <trkpt lat="42.152071" lon="2.501059">
        <ele>549.5</ele>
        <time>2018-08-19T11:20:43.181Z</time>
    </trkpt>
    <trkpt lat="42.152089" lon="2.501026">
        <ele>549.2</ele>
        <time>2018-08-19T11:20:53.181Z</time>
    </trkpt>
    <trkpt lat="42.152088" lon="2.501027">
        <ele>549.6</ele>
        <time>2018-08-19T11:21:03.181Z</time>
    </trkpt>
    <trkpt lat="42.152087" lon="2.501027">
        <ele>549.5</ele>
        <time>2018-08-19T11:21:13.181Z</time>
    </trkpt>
    <trkpt lat="42.152094" lon="2.501015">
        <ele>549.6</ele>
        <time>2018-08-19T11:21:23.181Z</time>
    </trkpt>
    <trkpt lat="42.152095" lon="2.501042">
        <ele>549.6</ele>
        <time>2018-08-19T11:21:33.181Z</time>
    </trkpt>
    <trkpt lat="42.152089" lon="2.501082">
        <ele>549.2</ele>
        <time>2018-08-19T11:21:43.181Z</time>
    </trkpt>
    <trkpt lat="42.15208" lon="2.501138">
        <ele>548.3</ele>
        <time>2018-08-19T11:21:53.181Z</time>
    </trkpt>
    <trkpt lat="42.152075" lon="2.501243">
        <ele>547.7</ele>
        <time>2018-08-19T11:22:03.181Z</time>
    </trkpt>
    <trkpt lat="42.15206" lon="2.501446">
        <ele>547.6</ele>
        <time>2018-08-19T11:22:13.181Z</time>
    </trkpt>
    <trkpt lat="42.151974" lon="2.50154">
        <ele>548.2</ele>
        <time>2018-08-19T11:22:23.181Z</time>
    </trkpt>
    <trkpt lat="42.151876" lon="2.501634">
        <ele>548.3</ele>
        <time>2018-08-19T11:22:33.181Z</time>
    </trkpt>
    <trkpt lat="42.151831" lon="2.501695">
        <ele>548.4</ele>
        <time>2018-08-19T11:22:43.181Z</time>
    </trkpt>
    <trkpt lat="42.151857" lon="2.501894">
        <ele>548.0</ele>
        <time>2018-08-19T11:22:53.181Z</time>
    </trkpt>
    <trkpt lat="42.151896" lon="2.502005">
        <ele>548.9</ele>
        <time>2018-08-19T11:23:03.181Z</time>
    </trkpt>
    <trkpt lat="42.151918" lon="2.502102">
        <ele>548.7</ele>
        <time>2018-08-19T11:23:13.181Z</time>
    </trkpt>
    <trkpt lat="42.151885" lon="2.502255">
        <ele>549.0</ele>
        <time>2018-08-19T11:23:23.181Z</time>
    </trkpt>
    <trkpt lat="42.151859" lon="2.502403">
        <ele>549.3</ele>
        <time>2018-08-19T11:23:33.181Z</time>
    </trkpt>
    <trkpt lat="42.15186" lon="2.502462">
        <ele>549.3</ele>
        <time>2018-08-19T11:23:43.181Z</time>
    </trkpt>
    <trkpt lat="42.151836" lon="2.50265">
        <ele>549.3</ele>
        <time>2018-08-19T11:23:53.181Z</time>
    </trkpt>
    <trkpt lat="42.15182" lon="2.502759">
        <ele>550.5</ele>
        <time>2018-08-19T11:24:03.181Z</time>
    </trkpt>
    <trkpt lat="42.151788" lon="2.502863">
        <ele>551.0</ele>
        <time>2018-08-19T11:24:13.181Z</time>
    </trkpt>
    <trkpt lat="42.151826" lon="2.502929">
        <ele>550.5</ele>
        <time>2018-08-19T11:24:23.181Z</time>
    </trkpt>
    <trkpt lat="42.151899" lon="2.503086">
        <ele>550.4</ele>
        <time>2018-08-19T11:24:33.181Z</time>
    </trkpt>
    <trkpt lat="42.151963" lon="2.5032">
        <ele>551.0</ele>
        <time>2018-08-19T11:24:43.181Z</time>
    </trkpt>
    <trkpt lat="42.151994" lon="2.503304">
        <ele>551.2</ele>
        <time>2018-08-19T11:24:53.181Z</time>
    </trkpt>
    <trkpt lat="42.152026" lon="2.50331">
        <ele>550.6</ele>
        <time>2018-08-19T11:25:03.181Z</time>
    </trkpt>
    <trkpt lat="42.152125" lon="2.503371">
        <ele>550.7</ele>
        <time>2018-08-19T11:25:13.181Z</time>
    </trkpt>
    <trkpt lat="42.15218" lon="2.503365">
        <ele>551.1</ele>
        <time>2018-08-19T11:25:23.181Z</time>
    </trkpt>
    <trkpt lat="42.152327" lon="2.503359">
        <ele>551.5</ele>
        <time>2018-08-19T11:25:33.181Z</time>
    </trkpt>
    <trkpt lat="42.152441" lon="2.503351">
        <ele>551.0</ele>
        <time>2018-08-19T11:25:43.181Z</time>
    </trkpt>
    <trkpt lat="42.152459" lon="2.503322">
        <ele>550.7</ele>
        <time>2018-08-19T11:25:53.181Z</time>
    </trkpt>
    <trkpt lat="42.152489" lon="2.503356">
        <ele>550.2</ele>
        <time>2018-08-19T11:26:03.181Z</time>
    </trkpt>
    <trkpt lat="42.152585" lon="2.50352">
        <ele>550.3</ele>
        <time>2018-08-19T11:26:13.181Z</time>
    </trkpt>
    <trkpt lat="42.152684" lon="2.503537">
        <ele>551.2</ele>
        <time>2018-08-19T11:26:23.181Z</time>
    </trkpt>
    <trkpt lat="42.152792" lon="2.503514">
        <ele>551.9</ele>
        <time>2018-08-19T11:26:33.181Z</time>
    </trkpt>
    <trkpt lat="42.152911" lon="2.50359">
        <ele>551.0</ele>
        <time>2018-08-19T11:26:43.181Z</time>
    </trkpt>
    <trkpt lat="42.153042" lon="2.503653">
        <ele>550.7</ele>
        <time>2018-08-19T11:26:53.181Z</time>
    </trkpt>
    <trkpt lat="42.153104" lon="2.503703">
        <ele>550.7</ele>
        <time>2018-08-19T11:27:03.181Z</time>
    </trkpt>
    <trkpt lat="42.153086" lon="2.503771">
        <ele>550.9</ele>
        <time>2018-08-19T11:27:13.181Z</time>
    </trkpt>
    <trkpt lat="42.152961" lon="2.503832">
        <ele>551.0</ele>
        <time>2018-08-19T11:27:23.181Z</time>
    </trkpt>
    <trkpt lat="42.152884" lon="2.503888">
        <ele>550.5</ele>
        <time>2018-08-19T11:27:33.181Z</time>
    </trkpt>
    <trkpt lat="42.152851" lon="2.503975">
        <ele>550.3</ele>
        <time>2018-08-19T11:27:43.181Z</time>
    </trkpt>
    <trkpt lat="42.152792" lon="2.504117">
        <ele>551.1</ele>
        <time>2018-08-19T11:27:53.181Z</time>
    </trkpt>
    <trkpt lat="42.152763" lon="2.504157">
        <ele>552.5</ele>
        <time>2018-08-19T11:28:03.181Z</time>
    </trkpt>
    <trkpt lat="42.15269" lon="2.504191">
        <ele>553.6</ele>
        <time>2018-08-19T11:28:13.181Z</time>
    </trkpt>
    <trkpt lat="42.152575" lon="2.504235">
        <ele>553.5</ele>
        <time>2018-08-19T11:28:23.181Z</time>
    </trkpt>
    <trkpt lat="42.152516" lon="2.504306">
        <ele>553.0</ele>
        <time>2018-08-19T11:28:33.181Z</time>
    </trkpt>
    <trkpt lat="42.152499" lon="2.504349">
        <ele>553.0</ele>
        <time>2018-08-19T11:28:43.181Z</time>
    </trkpt>
    <trkpt lat="42.152491" lon="2.504452">
        <ele>552.7</ele>
        <time>2018-08-19T11:28:53.181Z</time>
    </trkpt>
    <trkpt lat="42.152499" lon="2.504615">
        <ele>552.3</ele>
        <time>2018-08-19T11:29:03.181Z</time>
    </trkpt>
    <trkpt lat="42.152499" lon="2.504769">
        <ele>552.0</ele>
        <time>2018-08-19T11:29:13.181Z</time>
    </trkpt>
    <trkpt lat="42.1525" lon="2.504886">
        <ele>553.0</ele>
        <time>2018-08-19T11:29:23.181Z</time>
    </trkpt>
    <trkpt lat="42.152489" lon="2.505033">
        <ele>553.7</ele>
        <time>2018-08-19T11:29:33.181Z</time>
    </trkpt>
    <trkpt lat="42.15249" lon="2.505195">
        <ele>553.5</ele>
        <time>2018-08-19T11:29:43.181Z</time>
    </trkpt>
    <trkpt lat="42.152463" lon="2.505338">
        <ele>553.0</ele>
        <time>2018-08-19T11:29:53.181Z</time>
    </trkpt>
    <trkpt lat="42.152407" lon="2.505464">
        <ele>552.8</ele>
        <time>2018-08-19T11:30:03.181Z</time>
    </trkpt>
    <trkpt lat="42.152402" lon="2.505621">
        <ele>552.5</ele>
        <time>2018-08-19T11:30:13.181Z</time>
    </trkpt>
    <trkpt lat="42.15249" lon="2.505707">
        <ele>552.6</ele>
        <time>2018-08-19T11:30:23.181Z</time>
    </trkpt>
    <trkpt lat="42.152536" lon="2.505823">
        <ele>553.2</ele>
        <time>2018-08-19T11:30:33.181Z</time>
    </trkpt>
    <trkpt lat="42.152585" lon="2.505911">
        <ele>553.5</ele>
        <time>2018-08-19T11:30:43.181Z</time>
    </trkpt>
    <trkpt lat="42.152658" lon="2.506016">
        <ele>553.0</ele>
        <time>2018-08-19T11:30:53.181Z</time>
    </trkpt>
    <trkpt lat="42.152716" lon="2.506179">
        <ele>552.6</ele>
        <time>2018-08-19T11:31:03.181Z</time>
    </trkpt>
    <trkpt lat="42.152688" lon="2.506344">
        <ele>552.8</ele>
        <time>2018-08-19T11:31:13.181Z</time>
    </trkpt>
    <trkpt lat="42.15269" lon="2.506417">
        <ele>553.1</ele>
        <time>2018-08-19T11:31:23.181Z</time>
    </trkpt>
    <trkpt lat="42.152713" lon="2.506475">
        <ele>553.2</ele>
        <time>2018-08-19T11:31:33.181Z</time>
    </trkpt>
    <trkpt lat="42.152739" lon="2.506595">
        <ele>554.1</ele>
        <time>2018-08-19T11:31:43.181Z</time>
    </trkpt>
    <trkpt lat="42.152771" lon="2.50673">
        <ele>554.7</ele>
        <time>2018-08-19T11:31:53.181Z</time>
    </trkpt>
    <trkpt lat="42.152775" lon="2.506968">
        <ele>555.7</ele>
        <time>2018-08-19T11:32:03.181Z</time>
    </trkpt>
    <trkpt lat="42.152838" lon="2.507024">
        <ele>555.5</ele>
        <time>2018-08-19T11:32:13.181Z</time>
    </trkpt>
    <trkpt lat="42.152894" lon="2.507129">
        <ele>555.2</ele>
        <time>2018-08-19T11:32:23.181Z</time>
    </trkpt>
    <trkpt lat="42.152928" lon="2.507224">
        <ele>556.3</ele>
        <time>2018-08-19T11:32:33.181Z</time>
    </trkpt>
    <trkpt lat="42.15302" lon="2.507272">
        <ele>557.0</ele>
        <time>2018-08-19T11:32:43.181Z</time>
    </trkpt>
    <trkpt lat="42.15317" lon="2.507422">
        <ele>557.4</ele>
        <time>2018-08-19T11:32:53.181Z</time>
    </trkpt>
    <trkpt lat="42.153201" lon="2.50746">
        <ele>558.2</ele>
        <time>2018-08-19T11:33:03.181Z</time>
    </trkpt>
    <trkpt lat="42.153244" lon="2.507599">
        <ele>559.8</ele>
        <time>2018-08-19T11:33:13.181Z</time>
    </trkpt>
    <trkpt lat="42.153296" lon="2.507714">
        <ele>560.5</ele>
        <time>2018-08-19T11:33:23.181Z</time>
    </trkpt>
    <trkpt lat="42.15335" lon="2.507839">
        <ele>561.3</ele>
        <time>2018-08-19T11:33:33.181Z</time>
    </trkpt>
    <trkpt lat="42.153384" lon="2.50796">
        <ele>561.5</ele>
        <time>2018-08-19T11:33:43.181Z</time>
    </trkpt>
    <trkpt lat="42.153407" lon="2.508111">
        <ele>560.7</ele>
        <time>2018-08-19T11:33:53.181Z</time>
    </trkpt>
    <trkpt lat="42.153426" lon="2.508184">
        <ele>560.5</ele>
        <time>2018-08-19T11:34:03.181Z</time>
    </trkpt>
    <trkpt lat="42.15344" lon="2.508215">
        <ele>561.0</ele>
        <time>2018-08-19T11:34:13.181Z</time>
    </trkpt>
    <trkpt lat="42.153461" lon="2.508256">
        <ele>561.0</ele>
        <time>2018-08-19T11:34:23.181Z</time>
    </trkpt>
    <trkpt lat="42.153506" lon="2.508332">
        <ele>562.3</ele>
        <time>2018-08-19T11:34:33.181Z</time>
    </trkpt>
    <trkpt lat="42.153582" lon="2.508411">
        <ele>563.4</ele>
        <time>2018-08-19T11:34:43.181Z</time>
    </trkpt>
    <trkpt lat="42.153617" lon="2.50849">
        <ele>563.9</ele>
        <time>2018-08-19T11:34:53.181Z</time>
    </trkpt>
    <trkpt lat="42.153672" lon="2.508635">
        <ele>563.3</ele>
        <time>2018-08-19T11:35:03.181Z</time>
    </trkpt>
    <trkpt lat="42.153768" lon="2.508791">
        <ele>562.3</ele>
        <time>2018-08-19T11:35:13.181Z</time>
    </trkpt>
    <trkpt lat="42.153875" lon="2.508951">
        <ele>561.7</ele>
        <time>2018-08-19T11:35:23.181Z</time>
    </trkpt>
    <trkpt lat="42.153976" lon="2.508986">
        <ele>561.6</ele>
        <time>2018-08-19T11:35:33.181Z</time>
    </trkpt>
    <trkpt lat="42.154013" lon="2.50898">
        <ele>562.0</ele>
        <time>2018-08-19T11:35:43.181Z</time>
    </trkpt>
    <trkpt lat="42.15413" lon="2.50901">
        <ele>562.4</ele>
        <time>2018-08-19T11:35:53.181Z</time>
    </trkpt>
    <trkpt lat="42.154281" lon="2.509021">
        <ele>562.5</ele>
        <time>2018-08-19T11:36:03.181Z</time>
    </trkpt>
    <trkpt lat="42.154394" lon="2.508972">
        <ele>562.3</ele>
        <time>2018-08-19T11:36:13.181Z</time>
    </trkpt>
    <trkpt lat="42.154543" lon="2.508931">
        <ele>562.5</ele>
        <time>2018-08-19T11:36:23.181Z</time>
    </trkpt>
    <trkpt lat="42.154633" lon="2.508917">
        <ele>562.5</ele>
        <time>2018-08-19T11:36:33.181Z</time>
    </trkpt>
    <trkpt lat="42.154739" lon="2.508865">
        <ele>563.0</ele>
        <time>2018-08-19T11:36:43.181Z</time>
    </trkpt>
    <trkpt lat="42.154824" lon="2.508791">
        <ele>564.0</ele>
        <time>2018-08-19T11:36:53.181Z</time>
    </trkpt>
    <trkpt lat="42.154959" lon="2.508792">
        <ele>563.4</ele>
        <time>2018-08-19T11:37:03.181Z</time>
    </trkpt>
    <trkpt lat="42.155125" lon="2.508778">
        <ele>563.5</ele>
        <time>2018-08-19T11:37:13.181Z</time>
    </trkpt>
    <trkpt lat="42.155228" lon="2.508773">
        <ele>564.7</ele>
        <time>2018-08-19T11:37:23.181Z</time>
    </trkpt>
    <trkpt lat="42.155281" lon="2.508799">
        <ele>564.7</ele>
        <time>2018-08-19T11:37:33.181Z</time>
    </trkpt>
    <trkpt lat="42.155308" lon="2.508948">
        <ele>564.2</ele>
        <time>2018-08-19T11:37:43.181Z</time>
    </trkpt>
    <trkpt lat="42.155365" lon="2.509195">
        <ele>564.6</ele>
        <time>2018-08-19T11:37:53.181Z</time>
    </trkpt>
    <trkpt lat="42.155411" lon="2.509381">
        <ele>564.6</ele>
        <time>2018-08-19T11:38:03.181Z</time>
    </trkpt>
    <trkpt lat="42.155446" lon="2.509549">
        <ele>564.8</ele>
        <time>2018-08-19T11:38:13.181Z</time>
    </trkpt>
    <trkpt lat="42.155501" lon="2.509719">
        <ele>564.6</ele>
        <time>2018-08-19T11:38:23.181Z</time>
    </trkpt>
    <trkpt lat="42.155509" lon="2.509856">
        <ele>564.0</ele>
        <time>2018-08-19T11:38:33.181Z</time>
    </trkpt>
    <trkpt lat="42.155483" lon="2.51002">
        <ele>563.4</ele>
        <time>2018-08-19T11:38:43.181Z</time>
    </trkpt>
    <trkpt lat="42.155477" lon="2.510174">
        <ele>563.2</ele>
        <time>2018-08-19T11:38:53.181Z</time>
    </trkpt>
    <trkpt lat="42.155487" lon="2.510332">
        <ele>564.0</ele>
        <time>2018-08-19T11:39:03.181Z</time>
    </trkpt>
    <trkpt lat="42.155486" lon="2.510525">
        <ele>563.2</ele>
        <time>2018-08-19T11:39:13.181Z</time>
    </trkpt>
    <trkpt lat="42.155495" lon="2.510675">
        <ele>563.1</ele>
        <time>2018-08-19T11:39:23.181Z</time>
    </trkpt>
    <trkpt lat="42.155492" lon="2.510762">
        <ele>562.7</ele>
        <time>2018-08-19T11:39:33.181Z</time>
    </trkpt>
    <trkpt lat="42.155498" lon="2.510891">
        <ele>562.7</ele>
        <time>2018-08-19T11:39:43.181Z</time>
    </trkpt>
    <trkpt lat="42.155474" lon="2.511064">
        <ele>562.8</ele>
        <time>2018-08-19T11:39:53.181Z</time>
    </trkpt>
    <trkpt lat="42.155477" lon="2.511265">
        <ele>562.6</ele>
        <time>2018-08-19T11:40:03.181Z</time>
    </trkpt>
    <trkpt lat="42.155488" lon="2.511411">
        <ele>562.3</ele>
        <time>2018-08-19T11:40:13.181Z</time>
    </trkpt>
    <trkpt lat="42.155506" lon="2.511553">
        <ele>562.4</ele>
        <time>2018-08-19T11:40:23.181Z</time>
    </trkpt>
    <trkpt lat="42.155512" lon="2.511697">
        <ele>562.6</ele>
        <time>2018-08-19T11:40:33.181Z</time>
    </trkpt>
    <trkpt lat="42.155538" lon="2.511853">
        <ele>562.9</ele>
        <time>2018-08-19T11:40:43.181Z</time>
    </trkpt>
    <trkpt lat="42.155591" lon="2.511992">
        <ele>563.5</ele>
        <time>2018-08-19T11:40:53.181Z</time>
    </trkpt>
    <trkpt lat="42.155644" lon="2.512131">
        <ele>564.6</ele>
        <time>2018-08-19T11:41:03.181Z</time>
    </trkpt>
    <trkpt lat="42.155701" lon="2.512267">
        <ele>565.5</ele>
        <time>2018-08-19T11:41:13.181Z</time>
    </trkpt>
    <trkpt lat="42.155731" lon="2.512411">
        <ele>566.0</ele>
        <time>2018-08-19T11:41:23.181Z</time>
    </trkpt>
    <trkpt lat="42.155733" lon="2.512534">
        <ele>566.5</ele>
        <time>2018-08-19T11:41:33.181Z</time>
    </trkpt>
    <trkpt lat="42.155743" lon="2.512697">
        <ele>567.0</ele>
        <time>2018-08-19T11:41:43.181Z</time>
    </trkpt>
    <trkpt lat="42.155724" lon="2.512902">
        <ele>568.0</ele>
        <time>2018-08-19T11:41:53.181Z</time>
    </trkpt>
    <trkpt lat="42.155721" lon="2.513037">
        <ele>568.8</ele>
        <time>2018-08-19T11:42:03.181Z</time>
    </trkpt>
    <trkpt lat="42.155719" lon="2.513182">
        <ele>569.1</ele>
        <time>2018-08-19T11:42:13.181Z</time>
    </trkpt>
    <trkpt lat="42.155704" lon="2.513361">
        <ele>569.1</ele>
        <time>2018-08-19T11:42:23.181Z</time>
    </trkpt>
    <trkpt lat="42.155712" lon="2.51352">
        <ele>569.5</ele>
        <time>2018-08-19T11:42:33.181Z</time>
    </trkpt>
    <trkpt lat="42.155702" lon="2.513622">
        <ele>569.5</ele>
        <time>2018-08-19T11:42:43.181Z</time>
    </trkpt>
    <trkpt lat="42.155701" lon="2.513805">
        <ele>569.2</ele>
        <time>2018-08-19T11:42:53.181Z</time>
    </trkpt>
    <trkpt lat="42.155688" lon="2.513977">
        <ele>568.8</ele>
        <time>2018-08-19T11:43:03.181Z</time>
    </trkpt>
    <trkpt lat="42.155668" lon="2.514117">
        <ele>568.3</ele>
        <time>2018-08-19T11:43:13.181Z</time>
    </trkpt>
    <trkpt lat="42.155661" lon="2.514166">
        <ele>568.3</ele>
        <time>2018-08-19T11:43:23.181Z</time>
    </trkpt>
    <trkpt lat="42.155772" lon="2.514171">
        <ele>568.0</ele>
        <time>2018-08-19T11:43:33.181Z</time>
    </trkpt>
    <trkpt lat="42.155867" lon="2.514151">
        <ele>567.6</ele>
        <time>2018-08-19T11:43:43.181Z</time>
    </trkpt>
    <trkpt lat="42.155962" lon="2.514118">
        <ele>567.3</ele>
        <time>2018-08-19T11:43:53.181Z</time>
    </trkpt>
    <trkpt lat="42.156071" lon="2.514097">
        <ele>567.0</ele>
        <time>2018-08-19T11:44:03.181Z</time>
    </trkpt>
    <trkpt lat="42.15618" lon="2.514056">
        <ele>566.5</ele>
        <time>2018-08-19T11:44:13.181Z</time>
    </trkpt>
    <trkpt lat="42.156267" lon="2.514016">
        <ele>565.6</ele>
        <time>2018-08-19T11:44:23.181Z</time>
    </trkpt>
    <trkpt lat="42.156377" lon="2.513947">
        <ele>564.5</ele>
        <time>2018-08-19T11:44:33.181Z</time>
    </trkpt>
    <trkpt lat="42.156447" lon="2.513896">
        <ele>563.2</ele>
        <time>2018-08-19T11:44:43.181Z</time>
    </trkpt>
    <trkpt lat="42.156552" lon="2.513791">
        <ele>562.0</ele>
        <time>2018-08-19T11:44:53.181Z</time>
    </trkpt>
    <trkpt lat="42.156641" lon="2.513715">
        <ele>560.9</ele>
        <time>2018-08-19T11:45:03.181Z</time>
    </trkpt>
    <trkpt lat="42.156743" lon="2.513659">
        <ele>559.8</ele>
        <time>2018-08-19T11:45:13.181Z</time>
    </trkpt>
    <trkpt lat="42.156781" lon="2.513623">
        <ele>558.7</ele>
        <time>2018-08-19T11:45:23.181Z</time>
    </trkpt>
    <trkpt lat="42.156853" lon="2.513558">
        <ele>558.5</ele>
        <time>2018-08-19T11:45:33.181Z</time>
    </trkpt>
    <trkpt lat="42.156938" lon="2.513496">
        <ele>558.0</ele>
        <time>2018-08-19T11:45:43.181Z</time>
    </trkpt>
    <trkpt lat="42.157023" lon="2.513447">
        <ele>557.9</ele>
        <time>2018-08-19T11:45:53.181Z</time>
    </trkpt>
    <trkpt lat="42.157045" lon="2.513435">
        <ele>557.8</ele>
        <time>2018-08-19T11:46:03.181Z</time>
    </trkpt>
    <trkpt lat="42.157073" lon="2.513384">
        <ele>557.3</ele>
        <time>2018-08-19T11:46:13.181Z</time>
    </trkpt>
    <trkpt lat="42.157075" lon="2.51338">
        <ele>555.3</ele>
        <time>2018-08-19T11:46:13.606Z</time>
        <extensions>
        <gpxtpx:TrackPointExtension>
        <gpxtpx:Extensions>
            <surface>asphalt</surface>
        </gpxtpx:Extensions>
        </gpxtpx:TrackPointExtension>
        </extensions>
    </trkpt>
    </trkseg>
</trk>
</gpx>