<?xml version="1.0" encoding="UTF-8"?>
<gpx xmlns:xsi="http://www.w3.org/2001/XMLSchema-instance" xmlns="http://www.topografix.com/GPX/1/1" xsi:schemaLocation="http://www.topografix.com/GPX/1/1 http://www.topografix.com/GPX/1/1/gpx.xsd http://www.garmin.com/xmlschemas/GpxExtensions/v3 http://www.garmin.com/xmlschemas/GpxExtensionsv3.xsd http://www.garmin.com/xmlschemas/TrackPointExtension/v1 http://www.garmin.com/xmlschemas/TrackPointExtensionv1.xsd http://www.topografix.com/GPX/gpx_style/0/2 http://www.topografix.com/GPX/gpx_style/0/2/gpx_style.xsd" xmlns:gpxtpx="http://www.garmin.com/xmlschemas/TrackPointExtension/v1" xmlns:gpxx="http://www.garmin.com/xmlschemas/GpxExtensions/v3" xmlns:gpx_style="http://www.topografix.com/GPX/gpx_style/0/2" version="1.1" creator="Wikiloc - https://www.wikiloc.com">
<metadata>
    <name>R13 - Santa Pau-Rocanegra-Santa Margarida-Croscat</name>
    <author>
        <name>gpx.studio</name>
        <link href="https://gpx.studio"></link>
    </author>
</metadata>
<wpt lat="42.142000434467654" lon="2.541315328848972">
    <ele>693.0</ele>
    <name>Volcà Santa Margarida</name>
    <sym>Geographic place name, land</sym>
</wpt>
<wpt lat="42.15587633119592" lon="2.538508348738145">
    <ele>632.8</ele>
    <name>Volca el Croscat</name>
    <sym>Scenic Area</sym>
</wpt>
<wpt lat="42.14716616422813" lon="2.5696903467178345">
    <ele>495.2</ele>
    <name>Sortida i arribada</name>
    <cmt>Alberg Restaurant Bellavista</cmt>
    <desc>Alberg Restaurant Bellavista</desc>
    <sym>Flag, Green</sym>
</wpt>
<wpt lat="42.15574697936301" lon="2.540784278557711">
    <ele>627.7</ele>
    <name>Can Passavent</name>
    <sym>Information</sym>
</wpt>
<wpt lat="42.14783351880738" lon="2.5439023024105816">
    <ele>625.3</ele>
    <name>Pàrquing Santa Margarida</name>
    <sym>Parking Area</sym>
</wpt>
<wpt lat="42.14178463965874" lon="2.5544929504394536">
    <ele>561.2</ele>
    <name>Gredera del Rocanegra</name>
    <sym>Geographic place name, land</sym>
</wpt>
<wpt lat="42.1442801" lon="2.5688667">
    <ele>489.4</ele>
    <name>Mirador</name>
    <cmt>tourism: viewpoint</cmt>
    <sym>Scenic Area</sym>
</wpt>
<wpt lat="42.1454377" lon="2.5702986">
    <ele>489.8</ele>
    <name>Mirador</name>
    <cmt>source: survey, tourism: viewpoint</cmt>
    <sym>Scenic Area</sym>
</wpt>
<wpt lat="42.1454508" lon="2.5701086">
    <ele>491.7</ele>
    <name>Font</name>
    <cmt>amenity: drinking_water</cmt>
    <sym>Drinking Water</sym>
</wpt>
<wpt lat="42.147268233766326" lon="2.5700717021194524">
    <ele>494.9</ele>
    <name>Alberg Restaurant Bellavista</name>
    <sym>Restaurant</sym>
</wpt>
<wpt lat="42.1467992" lon="2.5458121">
    <ele>618.9</ele>
    <name>Font</name>
    <cmt>drinking_water: yes, name: Font de Collelldamunt, natural: spring, wheelchair: no</cmt>
    <sym>Water Source</sym>
</wpt>
<wpt lat="42.1542684" lon="2.5369666">
    <ele>751.0</ele>
    <name>Mirador</name>
    <cmt>tourism: viewpoint</cmt>
    <sym>Scenic Area</sym>
</wpt>
<wpt lat="42.14573265787689" lon="2.5702120511249897">
    <ele>491.4</ele>
    <name>G29</name>
    <cmt>Santa Pau</cmt>
    <desc>Santa Pau</desc>
    <sym>Flag, Green</sym>
</wpt>
<wpt lat="42.14449517035103" lon="2.5691006387297537">
    <ele>491.0</ele>
    <name>SP10</name>
    <cmt>Santa Pau c/del pont</cmt>
    <desc>Santa Pau c/del pont</desc>
    <sym>Flag, Green</sym>
</wpt>
<wpt lat="42.142794953353075" lon="2.565672397613526">
    <ele>510.2</ele>
    <name>SP23</name>
    <cmt>Cambrafosca</cmt>
    <desc>Cambrafosca</desc>
    <sym>Flag, Green</sym>
</wpt>
<wpt lat="42.139390278629264" lon="2.551644257013544">
    <ele>591.1</ele>
    <name>G30</name>
    <cmt>Collellmir</cmt>
    <desc>Collellmir</desc>
    <sym>Flag, Green</sym>
</wpt>
<wpt lat="42.1471642" lon="2.5444053">
    <ele>633.7</ele>
    <name>WC</name>
    <cmt>amenity: toilets, fee: no</cmt>
    <sym>Restroom</sym>
</wpt>
<wpt lat="42.150212722899674" lon="2.5430753812427613">
    <ele>618.7</ele>
    <name>SP9</name>
    <cmt>Les Forques</cmt>
    <desc>Les Forques</desc>
    <sym>Flag, Green</sym>
</wpt>
<wpt lat="42.1535423335586" lon="2.5698099701902026">
    <ele>461.6</ele>
    <name>G28</name>
    <cmt>Mascou</cmt>
    <desc>Mascou</desc>
    <sym>Flag, Green</sym>
</wpt>
<trk>
    <name>Santa Pau - Volcans: Rocanegra - Santa Margarida - Croscat -...</name>
    <type>Running</type>
    <extensions>
        <gpx_style:line>
        <color>000000</color>
        <opacity>0.7</opacity>
        <weight>3</weight>
        </gpx_style:line>
    </extensions>
    <trkseg>
    <trkpt lat="42.147085" lon="2.569683">
        <ele>495.0</ele>
        <time>2015-09-19T13:40:43.291Z</time>
        <extensions>
        <gpxtpx:TrackPointExtension>
        <gpxtpx:Extensions>
            <surface>asphalt</surface>
        </gpxtpx:Extensions>
        </gpxtpx:TrackPointExtension>
        </extensions>
    </trkpt>
    <trkpt lat="42.146769" lon="2.569655">
        <ele>495.3</ele>
        <time>2015-09-19T13:41:15.258Z</time>
        <extensions>
        <gpxtpx:TrackPointExtension>
        <gpxtpx:Extensions>
            <surface>asphalt</surface>
        </gpxtpx:Extensions>
        </gpxtpx:TrackPointExtension>
        </extensions>
    </trkpt>
    <trkpt lat="42.146632" lon="2.56965">
        <ele>495.3</ele>
        <time>2015-09-19T13:41:29.092Z</time>
        <extensions>
        <gpxtpx:TrackPointExtension>
        <gpxtpx:Extensions>
            <surface>asphalt</surface>
        </gpxtpx:Extensions>
        </gpxtpx:TrackPointExtension>
        </extensions>
    </trkpt>
    <trkpt lat="42.146594" lon="2.569657">
        <ele>495.3</ele>
        <time>2015-09-19T13:41:32.963Z</time>
        <extensions>
        <gpxtpx:TrackPointExtension>
        <gpxtpx:Extensions>
            <surface>asphalt</surface>
        </gpxtpx:Extensions>
        </gpxtpx:TrackPointExtension>
        </extensions>
    </trkpt>
    <trkpt lat="42.14648" lon="2.569712">
        <ele>495.0</ele>
        <time>2015-09-19T13:41:45.184Z</time>
        <extensions>
        <gpxtpx:TrackPointExtension>
        <gpxtpx:Extensions>
            <surface>asphalt</surface>
        </gpxtpx:Extensions>
        </gpxtpx:TrackPointExtension>
        </extensions>
    </trkpt>
    <trkpt lat="42.146488" lon="2.569745">
        <ele>495.0</ele>
        <time>2015-09-19T13:41:47.782Z</time>
        <extensions>
        <gpxtpx:TrackPointExtension>
        <gpxtpx:Extensions>
            <surface>asphalt</surface>
        </gpxtpx:Extensions>
        </gpxtpx:TrackPointExtension>
        </extensions>
    </trkpt>
    <trkpt lat="42.146535" lon="2.569936">
        <ele>494.8</ele>
        <time>2015-09-19T13:42:02.843Z</time>
        <extensions>
        <gpxtpx:TrackPointExtension>
        <gpxtpx:Extensions>
            <surface>asphalt</surface>
        </gpxtpx:Extensions>
        </gpxtpx:TrackPointExtension>
        </extensions>
    </trkpt>
    <trkpt lat="42.146061" lon="2.570093">
        <ele>493.8</ele>
        <time>2015-09-19T13:42:52.112Z</time>
        <extensions>
        <gpxtpx:TrackPointExtension>
        <gpxtpx:Extensions>
            <surface>asphalt</surface>
        </gpxtpx:Extensions>
        </gpxtpx:TrackPointExtension>
        </extensions>
    </trkpt>
    <trkpt lat="42.145727" lon="2.570214">
        <ele>492.5</ele>
        <time>2015-09-19T13:43:27.022Z</time>
        <extensions>
        <gpxtpx:TrackPointExtension>
        <gpxtpx:Extensions>
            <surface>paving_stones</surface>
        </gpxtpx:Extensions>
        </gpxtpx:TrackPointExtension>
        </extensions>
    </trkpt>
    <trkpt lat="42.145691" lon="2.570187">
        <ele>492.5</ele>
        <time>2015-09-19T13:43:31.180Z</time>
        <extensions>
        <gpxtpx:TrackPointExtension>
        <gpxtpx:Extensions>
            <surface>paving_stones</surface>
        </gpxtpx:Extensions>
        </gpxtpx:TrackPointExtension>
        </extensions>
    </trkpt>
    <trkpt lat="42.145561" lon="2.570093">
        <ele>492.8</ele>
        <time>2015-09-19T13:43:46.069Z</time>
        <extensions>
        <gpxtpx:TrackPointExtension>
        <gpxtpx:Extensions>
            <surface>paving_stones</surface>
        </gpxtpx:Extensions>
        </gpxtpx:TrackPointExtension>
        </extensions>
    </trkpt>
    <trkpt lat="42.145437" lon="2.569998">
        <ele>493.0</ele>
        <time>2015-09-19T13:44:00.464Z</time>
        <extensions>
        <gpxtpx:TrackPointExtension>
        <gpxtpx:Extensions>
            <surface>paving_stones</surface>
        </gpxtpx:Extensions>
        </gpxtpx:TrackPointExtension>
        </extensions>
    </trkpt>
    <trkpt lat="42.14513" lon="2.569753">
        <ele>493.3</ele>
        <time>2015-09-19T13:44:36.472Z</time>
        <extensions>
        <gpxtpx:TrackPointExtension>
        <gpxtpx:Extensions>
            <surface>paving_stones</surface>
        </gpxtpx:Extensions>
        </gpxtpx:TrackPointExtension>
        </extensions>
    </trkpt>
    <trkpt lat="42.145054" lon="2.569693">
        <ele>493.5</ele>
        <time>2015-09-19T13:44:45.361Z</time>
        <extensions>
        <gpxtpx:TrackPointExtension>
        <gpxtpx:Extensions>
            <surface>paving_stones</surface>
        </gpxtpx:Extensions>
        </gpxtpx:TrackPointExtension>
        </extensions>
    </trkpt>
    <trkpt lat="42.144996" lon="2.569649">
        <ele>493.5</ele>
        <time>2015-09-19T13:44:52.078Z</time>
        <extensions>
        <gpxtpx:TrackPointExtension>
        <gpxtpx:Extensions>
            <surface>paving_stones</surface>
        </gpxtpx:Extensions>
        </gpxtpx:TrackPointExtension>
        </extensions>
    </trkpt>
    <trkpt lat="42.144946" lon="2.569623">
        <ele>493.3</ele>
        <time>2015-09-19T13:44:57.487Z</time>
        <extensions>
        <gpxtpx:TrackPointExtension>
        <gpxtpx:Extensions>
            <surface>paving_stones</surface>
        </gpxtpx:Extensions>
        </gpxtpx:TrackPointExtension>
        </extensions>
    </trkpt>
    <trkpt lat="42.144789" lon="2.569593">
        <ele>492.0</ele>
        <time>2015-09-19T13:45:13.493Z</time>
        <extensions>
        <gpxtpx:TrackPointExtension>
        <gpxtpx:Extensions>
            <surface>paving_stones</surface>
        </gpxtpx:Extensions>
        </gpxtpx:TrackPointExtension>
        </extensions>
    </trkpt>
    <trkpt lat="42.144753" lon="2.569552">
        <ele>492.0</ele>
        <time>2015-09-19T13:45:18.249Z</time>
        <extensions>
        <gpxtpx:TrackPointExtension>
        <gpxtpx:Extensions>
            <surface>paving_stones</surface>
        </gpxtpx:Extensions>
        </gpxtpx:TrackPointExtension>
        </extensions>
    </trkpt>
    <trkpt lat="42.144592" lon="2.569246">
        <ele>491.8</ele>
        <time>2015-09-19T13:45:46.332Z</time>
        <extensions>
        <gpxtpx:TrackPointExtension>
        <gpxtpx:Extensions>
            <surface>paving_stones</surface>
        </gpxtpx:Extensions>
        </gpxtpx:TrackPointExtension>
        </extensions>
    </trkpt>
    <trkpt lat="42.144551" lon="2.569194">
        <ele>491.5</ele>
        <time>2015-09-19T13:45:52.013Z</time>
        <extensions>
        <gpxtpx:TrackPointExtension>
        <gpxtpx:Extensions>
            <surface>paving_stones</surface>
        </gpxtpx:Extensions>
        </gpxtpx:TrackPointExtension>
        </extensions>
    </trkpt>
    <trkpt lat="42.1445" lon="2.569157">
        <ele>491.3</ele>
        <time>2015-09-19T13:45:57.858Z</time>
        <extensions>
        <gpxtpx:TrackPointExtension>
        <gpxtpx:Extensions>
            <surface>concrete</surface>
        </gpxtpx:Extensions>
        </gpxtpx:TrackPointExtension>
        </extensions>
    </trkpt>
    <trkpt lat="42.144422" lon="2.569037">
        <ele>491.3</ele>
        <time>2015-09-19T13:46:09.802Z</time>
        <extensions>
        <gpxtpx:TrackPointExtension>
        <gpxtpx:Extensions>
            <surface>concrete</surface>
        </gpxtpx:Extensions>
        </gpxtpx:TrackPointExtension>
        </extensions>
    </trkpt>
    <trkpt lat="42.144412" lon="2.56895">
        <ele>491.8</ele>
        <time>2015-09-19T13:46:16.391Z</time>
        <extensions>
        <gpxtpx:TrackPointExtension>
        <gpxtpx:Extensions>
            <surface>concrete</surface>
        </gpxtpx:Extensions>
        </gpxtpx:TrackPointExtension>
        </extensions>
    </trkpt>
    <trkpt lat="42.144404" lon="2.568879">
        <ele>492.0</ele>
        <time>2015-09-19T13:46:21.766Z</time>
        <extensions>
        <gpxtpx:TrackPointExtension>
        <gpxtpx:Extensions>
            <surface>concrete</surface>
        </gpxtpx:Extensions>
        </gpxtpx:TrackPointExtension>
        </extensions>
    </trkpt>
    <trkpt lat="42.144379" lon="2.568764">
        <ele>492.8</ele>
        <time>2015-09-19T13:46:30.735Z</time>
        <extensions>
        <gpxtpx:TrackPointExtension>
        <gpxtpx:Extensions>
            <surface>concrete</surface>
        </gpxtpx:Extensions>
        </gpxtpx:TrackPointExtension>
        </extensions>
    </trkpt>
    <trkpt lat="42.144365" lon="2.568713">
        <ele>493.0</ele>
        <time>2015-09-19T13:46:34.805Z</time>
        <extensions>
        <gpxtpx:TrackPointExtension>
        <gpxtpx:Extensions>
            <surface>concrete</surface>
        </gpxtpx:Extensions>
        </gpxtpx:TrackPointExtension>
        </extensions>
    </trkpt>
    <trkpt lat="42.144323" lon="2.568632">
        <ele>493.0</ele>
        <time>2015-09-19T13:46:42.202Z</time>
        <extensions>
        <gpxtpx:TrackPointExtension>
        <gpxtpx:Extensions>
            <surface>concrete</surface>
        </gpxtpx:Extensions>
        </gpxtpx:TrackPointExtension>
        </extensions>
    </trkpt>
    <trkpt lat="42.144329" lon="2.568623">
        <ele>493.3</ele>
        <time>2015-09-19T13:46:43.107Z</time>
        <extensions>
        <gpxtpx:TrackPointExtension>
        <gpxtpx:Extensions>
            <surface>concrete</surface>
        </gpxtpx:Extensions>
        </gpxtpx:TrackPointExtension>
        </extensions>
    </trkpt>
    <trkpt lat="42.144325" lon="2.568593">
        <ele>493.5</ele>
        <time>2015-09-19T13:46:45.388Z</time>
        <extensions>
        <gpxtpx:TrackPointExtension>
        <gpxtpx:Extensions>
            <surface>concrete</surface>
        </gpxtpx:Extensions>
        </gpxtpx:TrackPointExtension>
        </extensions>
    </trkpt>
    <trkpt lat="42.144368" lon="2.568519">
        <ele>494.3</ele>
        <time>2015-09-19T13:46:52.424Z</time>
        <extensions>
        <gpxtpx:TrackPointExtension>
        <gpxtpx:Extensions>
            <surface>concrete</surface>
        </gpxtpx:Extensions>
        </gpxtpx:TrackPointExtension>
        </extensions>
    </trkpt>
    <trkpt lat="42.144377" lon="2.568454">
        <ele>494.8</ele>
        <time>2015-09-19T13:46:57.373Z</time>
        <extensions>
        <gpxtpx:TrackPointExtension>
        <gpxtpx:Extensions>
            <surface>dirt</surface>
        </gpxtpx:Extensions>
        </gpxtpx:TrackPointExtension>
        </extensions>
    </trkpt>
    <trkpt lat="42.144218" lon="2.56838">
        <ele>494.0</ele>
        <time>2015-09-19T13:47:14.351Z</time>
        <extensions>
        <gpxtpx:TrackPointExtension>
        <gpxtpx:Extensions>
            <surface>dirt</surface>
        </gpxtpx:Extensions>
        </gpxtpx:TrackPointExtension>
        </extensions>
    </trkpt>
    <trkpt lat="42.143988" lon="2.568123">
        <ele>497.3</ele>
        <time>2015-09-19T13:47:44.501Z</time>
        <extensions>
        <gpxtpx:TrackPointExtension>
        <gpxtpx:Extensions>
            <surface>dirt</surface>
        </gpxtpx:Extensions>
        </gpxtpx:TrackPointExtension>
        </extensions>
    </trkpt>
    <trkpt lat="42.143893" lon="2.567972">
        <ele>499.0</ele>
        <time>2015-09-19T13:47:59.322Z</time>
        <extensions>
        <gpxtpx:TrackPointExtension>
        <gpxtpx:Extensions>
            <surface>dirt</surface>
        </gpxtpx:Extensions>
        </gpxtpx:TrackPointExtension>
        </extensions>
    </trkpt>
    <trkpt lat="42.143774" lon="2.567385">
        <ele>503.8</ele>
        <time>2015-09-19T13:48:44.869Z</time>
        <extensions>
        <gpxtpx:TrackPointExtension>
        <gpxtpx:Extensions>
            <surface>dirt</surface>
        </gpxtpx:Extensions>
        </gpxtpx:TrackPointExtension>
        </extensions>
    </trkpt>
    <trkpt lat="42.143764" lon="2.567052">
        <ele>504.8</ele>
        <time>2015-09-19T13:49:09.813Z</time>
        <extensions>
        <gpxtpx:TrackPointExtension>
        <gpxtpx:Extensions>
            <surface>dirt</surface>
        </gpxtpx:Extensions>
        </gpxtpx:TrackPointExtension>
        </extensions>
    </trkpt>
    <trkpt lat="42.143699" lon="2.566747">
        <ele>505.5</ele>
        <time>2015-09-19T13:49:33.565Z</time>
        <extensions>
        <gpxtpx:TrackPointExtension>
        <gpxtpx:Extensions>
            <surface>dirt</surface>
        </gpxtpx:Extensions>
        </gpxtpx:TrackPointExtension>
        </extensions>
    </trkpt>
    <trkpt lat="42.143604" lon="2.566529">
        <ele>506.0</ele>
        <time>2015-09-19T13:49:52.490Z</time>
        <extensions>
        <gpxtpx:TrackPointExtension>
        <gpxtpx:Extensions>
            <surface>dirt</surface>
        </gpxtpx:Extensions>
        </gpxtpx:TrackPointExtension>
        </extensions>
    </trkpt>
    <trkpt lat="42.143445" lon="2.566302">
        <ele>506.0</ele>
        <time>2015-09-19T13:50:15.862Z</time>
        <extensions>
        <gpxtpx:TrackPointExtension>
        <gpxtpx:Extensions>
            <surface>dirt</surface>
        </gpxtpx:Extensions>
        </gpxtpx:TrackPointExtension>
        </extensions>
    </trkpt>
    <trkpt lat="42.143335" lon="2.565958">
        <ele>506.5</ele>
        <time>2015-09-19T13:50:43.901Z</time>
        <extensions>
        <gpxtpx:TrackPointExtension>
        <gpxtpx:Extensions>
            <surface>dirt</surface>
        </gpxtpx:Extensions>
        </gpxtpx:TrackPointExtension>
        </extensions>
    </trkpt>
    <trkpt lat="42.143296" lon="2.565885">
        <ele>507.0</ele>
        <time>2015-09-19T13:50:50.635Z</time>
        <extensions>
        <gpxtpx:TrackPointExtension>
        <gpxtpx:Extensions>
            <surface>dirt</surface>
        </gpxtpx:Extensions>
        </gpxtpx:TrackPointExtension>
        </extensions>
    </trkpt>
    <trkpt lat="42.143014" lon="2.565803">
        <ele>509.5</ele>
        <time>2015-09-19T13:51:19.755Z</time>
        <extensions>
        <gpxtpx:TrackPointExtension>
        <gpxtpx:Extensions>
            <surface>dirt</surface>
        </gpxtpx:Extensions>
        </gpxtpx:TrackPointExtension>
        </extensions>
    </trkpt>
    <trkpt lat="42.142768" lon="2.565688">
        <ele>511.8</ele>
        <time>2015-09-19T13:51:46.036Z</time>
        <extensions>
        <gpxtpx:TrackPointExtension>
        <gpxtpx:Extensions>
            <surface>concrete</surface>
        </gpxtpx:Extensions>
        </gpxtpx:TrackPointExtension>
        </extensions>
    </trkpt>
    <trkpt lat="42.142621" lon="2.56554">
        <ele>513.5</ele>
        <time>2015-09-19T13:52:04.553Z</time>
        <extensions>
        <gpxtpx:TrackPointExtension>
        <gpxtpx:Extensions>
            <surface>concrete</surface>
        </gpxtpx:Extensions>
        </gpxtpx:TrackPointExtension>
        </extensions>
    </trkpt>
    <trkpt lat="42.142425" lon="2.565229">
        <ele>515.8</ele>
        <time>2015-09-19T13:52:35.102Z</time>
        <extensions>
        <gpxtpx:TrackPointExtension>
        <gpxtpx:Extensions>
            <surface>concrete</surface>
        </gpxtpx:Extensions>
        </gpxtpx:TrackPointExtension>
        </extensions>
    </trkpt>
    <trkpt lat="42.14236" lon="2.564888">
        <ele>517.0</ele>
        <time>2015-09-19T13:53:01.454Z</time>
        <extensions>
        <gpxtpx:TrackPointExtension>
        <gpxtpx:Extensions>
            <surface>concrete</surface>
        </gpxtpx:Extensions>
        </gpxtpx:TrackPointExtension>
        </extensions>
    </trkpt>
    <trkpt lat="42.142225" lon="2.564663">
        <ele>517.5</ele>
        <time>2015-09-19T13:53:23.117Z</time>
    </trkpt>
    <trkpt lat="42.142179" lon="2.56447">
        <ele>518.0</ele>
        <time>2015-09-19T13:53:38.290Z</time>
    </trkpt>
    <trkpt lat="42.142154" lon="2.564108">
        <ele>518.8</ele>
        <time>2015-09-19T13:54:05.502Z</time>
        <extensions>
        <gpxtpx:TrackPointExtension>
        <gpxtpx:Extensions>
            <surface>asphalt</surface>
        </gpxtpx:Extensions>
        </gpxtpx:TrackPointExtension>
        </extensions>
    </trkpt>
    <trkpt lat="42.142132" lon="2.564094">
        <ele>518.8</ele>
        <time>2015-09-19T13:54:07.957Z</time>
        <extensions>
        <gpxtpx:TrackPointExtension>
        <gpxtpx:Extensions>
            <surface>asphalt</surface>
        </gpxtpx:Extensions>
        </gpxtpx:TrackPointExtension>
        </extensions>
    </trkpt>
    <trkpt lat="42.141983" lon="2.563999">
        <ele>518.5</ele>
        <time>2015-09-19T13:54:24.593Z</time>
        <extensions>
        <gpxtpx:TrackPointExtension>
        <gpxtpx:Extensions>
            <surface>asphalt</surface>
        </gpxtpx:Extensions>
        </gpxtpx:TrackPointExtension>
        </extensions>
    </trkpt>
    <trkpt lat="42.141894" lon="2.563921">
        <ele>518.5</ele>
        <time>2015-09-19T13:54:35.307Z</time>
        <extensions>
        <gpxtpx:TrackPointExtension>
        <gpxtpx:Extensions>
            <surface>asphalt</surface>
        </gpxtpx:Extensions>
        </gpxtpx:TrackPointExtension>
        </extensions>
    </trkpt>
    <trkpt lat="42.141748" lon="2.563763">
        <ele>518.5</ele>
        <time>2015-09-19T13:54:54.202Z</time>
        <extensions>
        <gpxtpx:TrackPointExtension>
        <gpxtpx:Extensions>
            <surface>asphalt</surface>
        </gpxtpx:Extensions>
        </gpxtpx:TrackPointExtension>
        </extensions>
    </trkpt>
    <trkpt lat="42.141729" lon="2.563711">
        <ele>518.8</ele>
        <time>2015-09-19T13:54:58.541Z</time>
        <extensions>
        <gpxtpx:TrackPointExtension>
        <gpxtpx:Extensions>
            <surface>asphalt</surface>
        </gpxtpx:Extensions>
        </gpxtpx:TrackPointExtension>
        </extensions>
    </trkpt>
    <trkpt lat="42.141715" lon="2.563644">
        <ele>519.0</ele>
        <time>2015-09-19T13:55:03.751Z</time>
    </trkpt>
    <trkpt lat="42.141676" lon="2.563505">
        <ele>570.0</ele>
        <time>2015-09-19T13:55:14.874Z</time>
    </trkpt>
    <trkpt lat="42.141683" lon="2.563368">
        <ele>570.2</ele>
        <time>2015-09-19T13:55:22.874Z</time>
    </trkpt>
    <trkpt lat="42.141682" lon="2.56324">
        <ele>569.6</ele>
        <time>2015-09-19T13:55:29.874Z</time>
    </trkpt>
    <trkpt lat="42.141674" lon="2.56311">
        <ele>569.6</ele>
        <time>2015-09-19T13:55:35.874Z</time>
    </trkpt>
    <trkpt lat="42.141689" lon="2.562986">
        <ele>569.8</ele>
        <time>2015-09-19T13:55:42.874Z</time>
    </trkpt>
    <trkpt lat="42.141728" lon="2.562863">
        <ele>570.4</ele>
        <time>2015-09-19T13:55:52.874Z</time>
    </trkpt>
    <trkpt lat="42.141756" lon="2.562747">
        <ele>570.4</ele>
        <time>2015-09-19T13:55:58.874Z</time>
    </trkpt>
    <trkpt lat="42.141781" lon="2.562628">
        <ele>570.7</ele>
        <time>2015-09-19T13:56:06.874Z</time>
    </trkpt>
    <trkpt lat="42.141818" lon="2.562498">
        <ele>570.9</ele>
        <time>2015-09-19T13:56:14.874Z</time>
    </trkpt>
    <trkpt lat="42.141862" lon="2.562379">
        <ele>571.3</ele>
        <time>2015-09-19T13:56:22.874Z</time>
    </trkpt>
    <trkpt lat="42.141889" lon="2.56226">
        <ele>572.4</ele>
        <time>2015-09-19T13:56:29.874Z</time>
    </trkpt>
    <trkpt lat="42.141927" lon="2.562139">
        <ele>572.7</ele>
        <time>2015-09-19T13:56:35.874Z</time>
    </trkpt>
    <trkpt lat="42.141962" lon="2.562024">
        <ele>572.4</ele>
        <time>2015-09-19T13:56:41.874Z</time>
    </trkpt>
    <trkpt lat="42.142001" lon="2.561912">
        <ele>572.2</ele>
        <time>2015-09-19T13:56:49.874Z</time>
    </trkpt>
    <trkpt lat="42.142045" lon="2.561793">
        <ele>572.3</ele>
        <time>2015-09-19T13:56:55.874Z</time>
    </trkpt>
    <trkpt lat="42.142078" lon="2.561678">
        <ele>572.6</ele>
        <time>2015-09-19T13:57:02.874Z</time>
    </trkpt>
    <trkpt lat="42.142107" lon="2.561556">
        <ele>572.9</ele>
        <time>2015-09-19T13:57:10.874Z</time>
    </trkpt>
    <trkpt lat="42.142148" lon="2.561423">
        <ele>573.0</ele>
        <time>2015-09-19T13:57:16.874Z</time>
    </trkpt>
    <trkpt lat="42.142194" lon="2.561312">
        <ele>573.3</ele>
        <time>2015-09-19T13:57:23.874Z</time>
    </trkpt>
    <trkpt lat="42.142216" lon="2.561188">
        <ele>573.8</ele>
        <time>2015-09-19T13:57:30.874Z</time>
    </trkpt>
    <trkpt lat="42.142235" lon="2.561062">
        <ele>574.0</ele>
        <time>2015-09-19T13:57:39.874Z</time>
    </trkpt>
    <trkpt lat="42.142254" lon="2.560929">
        <ele>574.3</ele>
        <time>2015-09-19T13:57:48.874Z</time>
    </trkpt>
    <trkpt lat="42.142259" lon="2.560799">
        <ele>574.9</ele>
        <time>2015-09-19T13:57:55.874Z</time>
    </trkpt>
    <trkpt lat="42.142271" lon="2.560672">
        <ele>575.8</ele>
        <time>2015-09-19T13:58:04.874Z</time>
    </trkpt>
    <trkpt lat="42.142288" lon="2.56055">
        <ele>576.2</ele>
        <time>2015-09-19T13:58:12.874Z</time>
    </trkpt>
    <trkpt lat="42.142308" lon="2.560431">
        <ele>576.8</ele>
        <time>2015-09-19T13:58:18.874Z</time>
    </trkpt>
    <trkpt lat="42.142311" lon="2.560278">
        <ele>577.4</ele>
        <time>2015-09-19T13:58:26.874Z</time>
    </trkpt>
    <trkpt lat="42.142325" lon="2.560157">
        <ele>578.0</ele>
        <time>2015-09-19T13:58:33.874Z</time>
    </trkpt>
    <trkpt lat="42.142334" lon="2.560031">
        <ele>578.6</ele>
        <time>2015-09-19T13:58:40.874Z</time>
    </trkpt>
    <trkpt lat="42.142349" lon="2.559905">
        <ele>579.1</ele>
        <time>2015-09-19T13:58:47.874Z</time>
    </trkpt>
    <trkpt lat="42.142383" lon="2.559784">
        <ele>580.1</ele>
        <time>2015-09-19T13:58:55.874Z</time>
    </trkpt>
    <trkpt lat="42.142433" lon="2.559667">
        <ele>580.6</ele>
        <time>2015-09-19T13:59:02.874Z</time>
    </trkpt>
    <trkpt lat="42.14246" lon="2.559539">
        <ele>581.1</ele>
        <time>2015-09-19T13:59:09.874Z</time>
    </trkpt>
    <trkpt lat="42.142457" lon="2.559411">
        <ele>581.5</ele>
        <time>2015-09-19T13:59:16.874Z</time>
    </trkpt>
    <trkpt lat="42.142449" lon="2.559285">
        <ele>581.8</ele>
        <time>2015-09-19T13:59:23.874Z</time>
    </trkpt>
    <trkpt lat="42.142448" lon="2.559153">
        <ele>581.7</ele>
        <time>2015-09-19T13:59:31.874Z</time>
    </trkpt>
    <trkpt lat="42.142446" lon="2.559032">
        <ele>582.0</ele>
        <time>2015-09-19T13:59:39.874Z</time>
    </trkpt>
    <trkpt lat="42.142444" lon="2.558895">
        <ele>582.3</ele>
        <time>2015-09-19T13:59:47.874Z</time>
    </trkpt>
    <trkpt lat="42.142445" lon="2.558761">
        <ele>582.5</ele>
        <time>2015-09-19T13:59:54.874Z</time>
    </trkpt>
    <trkpt lat="42.142421" lon="2.558641">
        <ele>582.5</ele>
        <time>2015-09-19T14:00:10.874Z</time>
    </trkpt>
    <trkpt lat="42.142415" lon="2.558518">
        <ele>581.4</ele>
        <time>2015-09-19T14:00:25.874Z</time>
    </trkpt>
    <trkpt lat="42.142424" lon="2.558386">
        <ele>581.9</ele>
        <time>2015-09-19T14:00:34.874Z</time>
    </trkpt>
    <trkpt lat="42.142437" lon="2.558262">
        <ele>582.3</ele>
        <time>2015-09-19T14:00:43.874Z</time>
    </trkpt>
    <trkpt lat="42.142456" lon="2.558127">
        <ele>582.6</ele>
        <time>2015-09-19T14:00:52.874Z</time>
    </trkpt>
    <trkpt lat="42.142448" lon="2.557991">
        <ele>582.8</ele>
        <time>2015-09-19T14:01:00.874Z</time>
    </trkpt>
    <trkpt lat="42.142444" lon="2.557863">
        <ele>583.2</ele>
        <time>2015-09-19T14:01:07.874Z</time>
    </trkpt>
    <trkpt lat="42.142453" lon="2.557732">
        <ele>583.0</ele>
        <time>2015-09-19T14:01:14.874Z</time>
    </trkpt>
    <trkpt lat="42.142473" lon="2.557597">
        <ele>582.9</ele>
        <time>2015-09-19T14:01:22.874Z</time>
    </trkpt>
    <trkpt lat="42.142495" lon="2.55746">
        <ele>583.3</ele>
        <time>2015-09-19T14:01:30.874Z</time>
    </trkpt>
    <trkpt lat="42.142521" lon="2.557343">
        <ele>583.7</ele>
        <time>2015-09-19T14:01:38.874Z</time>
    </trkpt>
    <trkpt lat="42.142549" lon="2.557221">
        <ele>584.3</ele>
        <time>2015-09-19T14:01:45.874Z</time>
    </trkpt>
    <trkpt lat="42.142553" lon="2.55709">
        <ele>584.1</ele>
        <time>2015-09-19T14:01:53.874Z</time>
    </trkpt>
    <trkpt lat="42.142576" lon="2.556973">
        <ele>584.1</ele>
        <time>2015-09-19T14:02:00.874Z</time>
    </trkpt>
    <trkpt lat="42.142607" lon="2.556845">
        <ele>584.2</ele>
        <time>2015-09-19T14:02:08.874Z</time>
    </trkpt>
    <trkpt lat="42.142629" lon="2.556719">
        <ele>584.9</ele>
        <time>2015-09-19T14:02:16.874Z</time>
    </trkpt>
    <trkpt lat="42.142652" lon="2.556592">
        <ele>585.4</ele>
        <time>2015-09-19T14:02:24.874Z</time>
    </trkpt>
    <trkpt lat="42.142652" lon="2.556459">
        <ele>586.0</ele>
        <time>2015-09-19T14:02:30.874Z</time>
    </trkpt>
    <trkpt lat="42.142645" lon="2.556319">
        <ele>586.5</ele>
        <time>2015-09-19T14:02:38.874Z</time>
    </trkpt>
    <trkpt lat="42.142643" lon="2.556186">
        <ele>586.7</ele>
        <time>2015-09-19T14:02:45.874Z</time>
    </trkpt>
    <trkpt lat="42.142619" lon="2.556063">
        <ele>587.2</ele>
        <time>2015-09-19T14:02:54.874Z</time>
    </trkpt>
    <trkpt lat="42.142588" lon="2.555938">
        <ele>587.8</ele>
        <time>2015-09-19T14:03:01.874Z</time>
    </trkpt>
    <trkpt lat="42.142564" lon="2.555816">
        <ele>588.2</ele>
        <time>2015-09-19T14:03:08.874Z</time>
    </trkpt>
    <trkpt lat="42.142543" lon="2.555698">
        <ele>589.0</ele>
        <time>2015-09-19T14:03:15.874Z</time>
    </trkpt>
    <trkpt lat="42.142515" lon="2.555577">
        <ele>589.7</ele>
        <time>2015-09-19T14:03:22.874Z</time>
    </trkpt>
    <trkpt lat="42.142461" lon="2.555473">
        <ele>590.2</ele>
        <time>2015-09-19T14:03:29.874Z</time>
    </trkpt>
    <trkpt lat="42.142416" lon="2.555364">
        <ele>590.9</ele>
        <time>2015-09-19T14:03:38.874Z</time>
    </trkpt>
    <trkpt lat="42.142383" lon="2.555238">
        <ele>590.8</ele>
        <time>2015-09-19T14:03:46.874Z</time>
    </trkpt>
    <trkpt lat="42.142374" lon="2.555111">
        <ele>591.5</ele>
        <time>2015-09-19T14:03:54.874Z</time>
    </trkpt>
    <trkpt lat="42.142317" lon="2.555">
        <ele>592.7</ele>
        <time>2015-09-19T14:04:00.874Z</time>
    </trkpt>
    <trkpt lat="42.142254" lon="2.554911">
        <ele>593.5</ele>
        <time>2015-09-19T14:04:07.874Z</time>
    </trkpt>
    <trkpt lat="42.14218" lon="2.554834">
        <ele>593.8</ele>
        <time>2015-09-19T14:04:13.874Z</time>
    </trkpt>
    <trkpt lat="42.142154" lon="2.554716">
        <ele>594.5</ele>
        <time>2015-09-19T14:04:20.874Z</time>
    </trkpt>
    <trkpt lat="42.142124" lon="2.55459">
        <ele>595.1</ele>
        <time>2015-09-19T14:04:30.874Z</time>
    </trkpt>
    <trkpt lat="42.142064" lon="2.554487">
        <ele>595.7</ele>
        <time>2015-09-19T14:04:39.874Z</time>
    </trkpt>
    <trkpt lat="42.141989" lon="2.554398">
        <ele>597.1</ele>
        <time>2015-09-19T14:05:07.874Z</time>
    </trkpt>
    <trkpt lat="42.141918" lon="2.554312">
        <ele>596.8</ele>
        <time>2015-09-19T14:05:13.874Z</time>
    </trkpt>
    <trkpt lat="42.14183" lon="2.554258">
        <ele>596.5</ele>
        <time>2015-09-19T14:05:48.874Z</time>
    </trkpt>
    <trkpt lat="42.14174" lon="2.554227">
        <ele>597.0</ele>
        <time>2015-09-19T14:05:56.874Z</time>
    </trkpt>
    <trkpt lat="42.141657" lon="2.55415">
        <ele>596.8</ele>
        <time>2015-09-19T14:06:04.874Z</time>
    </trkpt>
    <trkpt lat="42.141591" lon="2.55405">
        <ele>595.6</ele>
        <time>2015-09-19T14:06:10.874Z</time>
    </trkpt>
    <trkpt lat="42.141528" lon="2.553924">
        <ele>594.8</ele>
        <time>2015-09-19T14:06:17.874Z</time>
    </trkpt>
    <trkpt lat="42.141503" lon="2.553789">
        <ele>594.1</ele>
        <time>2015-09-19T14:06:25.874Z</time>
    </trkpt>
    <trkpt lat="42.141432" lon="2.553691">
        <ele>593.9</ele>
        <time>2015-09-19T14:06:31.874Z</time>
    </trkpt>
    <trkpt lat="42.14136" lon="2.553588">
        <ele>593.4</ele>
        <time>2015-09-19T14:06:39.874Z</time>
    </trkpt>
    <trkpt lat="42.141323" lon="2.553461">
        <ele>593.3</ele>
        <time>2015-09-19T14:06:46.874Z</time>
    </trkpt>
    <trkpt lat="42.141256" lon="2.553364">
        <ele>593.0</ele>
        <time>2015-09-19T14:06:55.874Z</time>
    </trkpt>
    <trkpt lat="42.141182" lon="2.55328">
        <ele>593.0</ele>
        <time>2015-09-19T14:07:04.874Z</time>
    </trkpt>
    <trkpt lat="42.141111" lon="2.553204">
        <ele>593.6</ele>
        <time>2015-09-19T14:07:21.874Z</time>
    </trkpt>
    <trkpt lat="42.14107" lon="2.553089">
        <ele>594.4</ele>
        <time>2015-09-19T14:07:31.874Z</time>
    </trkpt>
    <trkpt lat="42.141019" lon="2.552989">
        <ele>594.3</ele>
        <time>2015-09-19T14:07:45.874Z</time>
    </trkpt>
    <trkpt lat="42.140965" lon="2.552863">
        <ele>595.0</ele>
        <time>2015-09-19T14:07:52.874Z</time>
    </trkpt>
    <trkpt lat="42.140908" lon="2.55276">
        <ele>596.2</ele>
        <time>2015-09-19T14:08:00.874Z</time>
    </trkpt>
    <trkpt lat="42.140851" lon="2.552653">
        <ele>597.2</ele>
        <time>2015-09-19T14:08:09.874Z</time>
    </trkpt>
    <trkpt lat="42.140777" lon="2.552559">
        <ele>598.4</ele>
        <time>2015-09-19T14:08:19.874Z</time>
    </trkpt>
    <trkpt lat="42.140711" lon="2.552448">
        <ele>600.6</ele>
        <time>2015-09-19T14:08:29.874Z</time>
    </trkpt>
    <trkpt lat="42.140662" lon="2.552332">
        <ele>602.0</ele>
        <time>2015-09-19T14:08:38.874Z</time>
    </trkpt>
    <trkpt lat="42.140611" lon="2.552224">
        <ele>603.7</ele>
        <time>2015-09-19T14:08:51.874Z</time>
    </trkpt>
    <trkpt lat="42.140533" lon="2.552132">
        <ele>604.0</ele>
        <time>2015-09-19T14:08:59.874Z</time>
    </trkpt>
    <trkpt lat="42.140448" lon="2.552058">
        <ele>604.7</ele>
        <time>2015-09-19T14:09:07.874Z</time>
    </trkpt>
    <trkpt lat="42.140356" lon="2.55202">
        <ele>605.6</ele>
        <time>2015-09-19T14:09:18.874Z</time>
    </trkpt>
    <trkpt lat="42.14026" lon="2.552012">
        <ele>607.7</ele>
        <time>2015-09-19T14:09:31.874Z</time>
    </trkpt>
    <trkpt lat="42.140168" lon="2.551996">
        <ele>608.8</ele>
        <time>2015-09-19T14:09:42.874Z</time>
    </trkpt>
    <trkpt lat="42.140074" lon="2.552011">
        <ele>610.8</ele>
        <time>2015-09-19T14:09:54.874Z</time>
    </trkpt>
    <trkpt lat="42.139979" lon="2.551991">
        <ele>612.3</ele>
        <time>2015-09-19T14:10:04.874Z</time>
    </trkpt>
    <trkpt lat="42.139883" lon="2.551976">
        <ele>613.0</ele>
        <time>2015-09-19T14:10:09.874Z</time>
    </trkpt>
    <trkpt lat="42.139793" lon="2.552022">
        <ele>614.1</ele>
        <time>2015-09-19T14:10:16.874Z</time>
    </trkpt>
    <trkpt lat="42.139713" lon="2.552085">
        <ele>614.7</ele>
        <time>2015-09-19T14:10:22.874Z</time>
    </trkpt>
    <trkpt lat="42.139636" lon="2.55216">
        <ele>614.6</ele>
        <time>2015-09-19T14:10:27.874Z</time>
    </trkpt>
    <trkpt lat="42.139534" lon="2.552285">
        <ele>614.2</ele>
        <time>2015-09-19T14:10:35.874Z</time>
    </trkpt>
    <trkpt lat="42.139454" lon="2.552343">
        <ele>614.1</ele>
        <time>2015-09-19T14:10:40.874Z</time>
    </trkpt>
    <trkpt lat="42.139376" lon="2.552406">
        <ele>614.3</ele>
        <time>2015-09-19T14:10:46.874Z</time>
    </trkpt>
    <trkpt lat="42.139312" lon="2.552499">
        <ele>615.1</ele>
        <time>2015-09-19T14:10:54.874Z</time>
    </trkpt>
    <trkpt lat="42.139228" lon="2.552556">
        <ele>616.4</ele>
        <time>2015-09-19T14:11:07.874Z</time>
    </trkpt>
    <trkpt lat="42.139136" lon="2.552558">
        <ele>617.6</ele>
        <time>2015-09-19T14:11:21.874Z</time>
    </trkpt>
    <trkpt lat="42.139046" lon="2.552576">
        <ele>619.0</ele>
        <time>2015-09-19T14:11:29.874Z</time>
    </trkpt>
    <trkpt lat="42.138956" lon="2.552599">
        <ele>620.1</ele>
        <time>2015-09-19T14:11:36.874Z</time>
    </trkpt>
    <trkpt lat="42.138878" lon="2.552662">
        <ele>620.5</ele>
        <time>2015-09-19T14:11:43.874Z</time>
    </trkpt>
    <trkpt lat="42.138789" lon="2.552716">
        <ele>620.3</ele>
        <time>2015-09-19T14:11:49.874Z</time>
    </trkpt>
    <trkpt lat="42.138679" lon="2.552751">
        <ele>619.6</ele>
        <time>2015-09-19T14:11:55.874Z</time>
    </trkpt>
    <trkpt lat="42.138575" lon="2.552763">
        <ele>618.6</ele>
        <time>2015-09-19T14:12:03.874Z</time>
    </trkpt>
    <trkpt lat="42.138501" lon="2.552691">
        <ele>618.2</ele>
        <time>2015-09-19T14:12:12.874Z</time>
    </trkpt>
    <trkpt lat="42.138437" lon="2.552598">
        <ele>618.1</ele>
        <time>2015-09-19T14:12:19.874Z</time>
    </trkpt>
    <trkpt lat="42.138386" lon="2.552471">
        <ele>618.4</ele>
        <time>2015-09-19T14:12:27.874Z</time>
    </trkpt>
    <trkpt lat="42.138345" lon="2.552348">
        <ele>618.6</ele>
        <time>2015-09-19T14:12:34.874Z</time>
    </trkpt>
    <trkpt lat="42.1383" lon="2.552223">
        <ele>618.8</ele>
        <time>2015-09-19T14:12:41.874Z</time>
    </trkpt>
    <trkpt lat="42.138263" lon="2.552108">
        <ele>619.2</ele>
        <time>2015-09-19T14:12:50.874Z</time>
    </trkpt>
    <trkpt lat="42.138254" lon="2.551979">
        <ele>619.5</ele>
        <time>2015-09-19T14:12:58.874Z</time>
    </trkpt>
    <trkpt lat="42.138259" lon="2.551857">
        <ele>620.0</ele>
        <time>2015-09-19T14:13:05.874Z</time>
    </trkpt>
    <trkpt lat="42.13828" lon="2.551734">
        <ele>620.3</ele>
        <time>2015-09-19T14:13:12.874Z</time>
    </trkpt>
    <trkpt lat="42.138331" lon="2.551631">
        <ele>620.5</ele>
        <time>2015-09-19T14:13:22.874Z</time>
    </trkpt>
    <trkpt lat="42.138385" lon="2.551521">
        <ele>620.9</ele>
        <time>2015-09-19T14:13:29.874Z</time>
    </trkpt>
    <trkpt lat="42.138413" lon="2.5514">
        <ele>621.4</ele>
        <time>2015-09-19T14:13:40.874Z</time>
    </trkpt>
    <trkpt lat="42.138364" lon="2.551283">
        <ele>620.5</ele>
        <time>2015-09-19T14:14:05.874Z</time>
    </trkpt>
    <trkpt lat="42.138315" lon="2.551179">
        <ele>620.1</ele>
        <time>2015-09-19T14:14:13.874Z</time>
    </trkpt>
    <trkpt lat="42.138236" lon="2.551109">
        <ele>620.2</ele>
        <time>2015-09-19T14:14:19.874Z</time>
    </trkpt>
    <trkpt lat="42.138145" lon="2.551054">
        <ele>621.0</ele>
        <time>2015-09-19T14:14:28.874Z</time>
    </trkpt>
    <trkpt lat="42.138066" lon="2.550991">
        <ele>621.6</ele>
        <time>2015-09-19T14:14:37.874Z</time>
    </trkpt>
    <trkpt lat="42.137983" lon="2.550942">
        <ele>622.8</ele>
        <time>2015-09-19T14:15:04.874Z</time>
    </trkpt>
    <trkpt lat="42.138075" lon="2.550931">
        <ele>623.8</ele>
        <time>2015-09-19T14:15:17.874Z</time>
    </trkpt>
    <trkpt lat="42.13817" lon="2.550952">
        <ele>624.5</ele>
        <time>2015-09-19T14:15:24.874Z</time>
    </trkpt>
    <trkpt lat="42.138265" lon="2.551">
        <ele>626.7</ele>
        <time>2015-09-19T14:15:39.874Z</time>
    </trkpt>
    <trkpt lat="42.138362" lon="2.550966">
        <ele>628.0</ele>
        <time>2015-09-19T14:15:46.874Z</time>
    </trkpt>
    <trkpt lat="42.138456" lon="2.550929">
        <ele>629.2</ele>
        <time>2015-09-19T14:15:56.874Z</time>
    </trkpt>
    <trkpt lat="42.138548" lon="2.550877">
        <ele>630.4</ele>
        <time>2015-09-19T14:16:04.874Z</time>
    </trkpt>
    <trkpt lat="42.138636" lon="2.550822">
        <ele>631.6</ele>
        <time>2015-09-19T14:16:15.874Z</time>
    </trkpt>
    <trkpt lat="42.138734" lon="2.550787">
        <ele>632.9</ele>
        <time>2015-09-19T14:16:24.874Z</time>
    </trkpt>
    <trkpt lat="42.138817" lon="2.550726">
        <ele>634.2</ele>
        <time>2015-09-19T14:16:30.874Z</time>
    </trkpt>
    <trkpt lat="42.138903" lon="2.550667">
        <ele>634.9</ele>
        <time>2015-09-19T14:16:37.874Z</time>
    </trkpt>
    <trkpt lat="42.139006" lon="2.550665">
        <ele>635.3</ele>
        <time>2015-09-19T14:16:44.874Z</time>
    </trkpt>
    <trkpt lat="42.139073" lon="2.550753">
        <ele>635.2</ele>
        <time>2015-09-19T14:16:52.874Z</time>
    </trkpt>
    <trkpt lat="42.139124" lon="2.550861">
        <ele>635.1</ele>
        <time>2015-09-19T14:17:03.874Z</time>
    </trkpt>
    <trkpt lat="42.139109" lon="2.550992">
        <ele>634.8</ele>
        <time>2015-09-19T14:17:10.874Z</time>
    </trkpt>
    <trkpt lat="42.139108" lon="2.551118">
        <ele>634.0</ele>
        <time>2015-09-19T14:17:18.874Z</time>
    </trkpt>
    <trkpt lat="42.139106" lon="2.551246">
        <ele>634.2</ele>
        <time>2015-09-19T14:17:25.874Z</time>
    </trkpt>
    <trkpt lat="42.139074" lon="2.551369">
        <ele>634.5</ele>
        <time>2015-09-19T14:17:41.874Z</time>
    </trkpt>
    <trkpt lat="42.139077" lon="2.55149">
        <ele>635.8</ele>
        <time>2015-09-19T14:17:54.874Z</time>
    </trkpt>
    <trkpt lat="42.139076" lon="2.551612">
        <ele>636.6</ele>
        <time>2015-09-19T14:18:02.874Z</time>
    </trkpt>
    <trkpt lat="42.13911" lon="2.551726">
        <ele>637.4</ele>
        <time>2015-09-19T14:18:08.874Z</time>
    </trkpt>
    <trkpt lat="42.139199" lon="2.551784">
        <ele>638.3</ele>
        <time>2015-09-19T14:18:15.874Z</time>
    </trkpt>
    <trkpt lat="42.139283" lon="2.551724">
        <ele>639.4</ele>
        <time>2015-09-19T14:18:22.874Z</time>
    </trkpt>
    <trkpt lat="42.139353" lon="2.551644">
        <ele>641.4</ele>
        <time>2015-09-19T14:18:36.874Z</time>
    </trkpt>
    <trkpt lat="42.139314" lon="2.551755">
        <ele>641.7</ele>
        <time>2015-09-19T14:19:04.874Z</time>
    </trkpt>
    <trkpt lat="42.139344" lon="2.551635">
        <ele>640.9</ele>
        <time>2015-09-19T14:19:22.874Z</time>
    </trkpt>
    <trkpt lat="42.139397" lon="2.551531">
        <ele>640.9</ele>
        <time>2015-09-19T14:19:31.874Z</time>
    </trkpt>
    <trkpt lat="42.139475" lon="2.551467">
        <ele>640.8</ele>
        <time>2015-09-19T14:19:40.874Z</time>
    </trkpt>
    <trkpt lat="42.139432" lon="2.551355">
        <ele>640.9</ele>
        <time>2015-09-19T14:20:03.874Z</time>
    </trkpt>
    <trkpt lat="42.139363" lon="2.551264">
        <ele>641.1</ele>
        <time>2015-09-19T14:20:12.874Z</time>
    </trkpt>
    <trkpt lat="42.139354" lon="2.55114">
        <ele>642.5</ele>
        <time>2015-09-19T14:20:21.874Z</time>
    </trkpt>
    <trkpt lat="42.139368" lon="2.551017">
        <ele>643.9</ele>
        <time>2015-09-19T14:20:30.874Z</time>
    </trkpt>
    <trkpt lat="42.139389" lon="2.550896">
        <ele>645.6</ele>
        <time>2015-09-19T14:20:39.874Z</time>
    </trkpt>
    <trkpt lat="42.139422" lon="2.550779">
        <ele>646.7</ele>
        <time>2015-09-19T14:20:46.874Z</time>
    </trkpt>
    <trkpt lat="42.139463" lon="2.550669">
        <ele>647.9</ele>
        <time>2015-09-19T14:20:57.874Z</time>
    </trkpt>
    <trkpt lat="42.139508" lon="2.55055">
        <ele>647.9</ele>
        <time>2015-09-19T14:21:03.874Z</time>
    </trkpt>
    <trkpt lat="42.139558" lon="2.550441">
        <ele>648.9</ele>
        <time>2015-09-19T14:21:10.874Z</time>
    </trkpt>
    <trkpt lat="42.139572" lon="2.550318">
        <ele>650.2</ele>
        <time>2015-09-19T14:21:18.874Z</time>
    </trkpt>
    <trkpt lat="42.139549" lon="2.550189">
        <ele>651.2</ele>
        <time>2015-09-19T14:21:23.874Z</time>
    </trkpt>
    <trkpt lat="42.139519" lon="2.550058">
        <ele>652.0</ele>
        <time>2015-09-19T14:21:28.874Z</time>
    </trkpt>
    <trkpt lat="42.139457" lon="2.549969">
        <ele>652.6</ele>
        <time>2015-09-19T14:21:34.874Z</time>
    </trkpt>
    <trkpt lat="42.139381" lon="2.549873">
        <ele>653.2</ele>
        <time>2015-09-19T14:21:43.874Z</time>
    </trkpt>
    <trkpt lat="42.139282" lon="2.549837">
        <ele>654.2</ele>
        <time>2015-09-19T14:21:52.874Z</time>
    </trkpt>
    <trkpt lat="42.139186" lon="2.549849">
        <ele>654.3</ele>
        <time>2015-09-19T14:22:00.874Z</time>
    </trkpt>
    <trkpt lat="42.139093" lon="2.549893">
        <ele>653.9</ele>
        <time>2015-09-19T14:22:08.874Z</time>
    </trkpt>
    <trkpt lat="42.139012" lon="2.549947">
        <ele>653.4</ele>
        <time>2015-09-19T14:22:16.874Z</time>
    </trkpt>
    <trkpt lat="42.138928" lon="2.550011">
        <ele>652.5</ele>
        <time>2015-09-19T14:22:31.874Z</time>
    </trkpt>
    <trkpt lat="42.138835" lon="2.550022">
        <ele>653.4</ele>
        <time>2015-09-19T14:22:40.874Z</time>
    </trkpt>
    <trkpt lat="42.138739" lon="2.549984">
        <ele>654.4</ele>
        <time>2015-09-19T14:22:46.874Z</time>
    </trkpt>
    <trkpt lat="42.138652" lon="2.550056">
        <ele>654.8</ele>
        <time>2015-09-19T14:22:58.874Z</time>
    </trkpt>
    <trkpt lat="42.138547" lon="2.550091">
        <ele>655.3</ele>
        <time>2015-09-19T14:23:09.874Z</time>
    </trkpt>
    <trkpt lat="42.138456" lon="2.550087">
        <ele>655.5</ele>
        <time>2015-09-19T14:23:15.874Z</time>
    </trkpt>
    <trkpt lat="42.138362" lon="2.550095">
        <ele>655.3</ele>
        <time>2015-09-19T14:23:19.874Z</time>
    </trkpt>
    <trkpt lat="42.13827" lon="2.55014">
        <ele>655.2</ele>
        <time>2015-09-19T14:23:28.874Z</time>
    </trkpt>
    <trkpt lat="42.138175" lon="2.550164">
        <ele>656.0</ele>
        <time>2015-09-19T14:23:34.874Z</time>
    </trkpt>
    <trkpt lat="42.138081" lon="2.550175">
        <ele>656.2</ele>
        <time>2015-09-19T14:23:40.874Z</time>
    </trkpt>
    <trkpt lat="42.137995" lon="2.550135">
        <ele>656.7</ele>
        <time>2015-09-19T14:23:46.874Z</time>
    </trkpt>
    <trkpt lat="42.137903" lon="2.550124">
        <ele>657.8</ele>
        <time>2015-09-19T14:24:17.874Z</time>
    </trkpt>
    <trkpt lat="42.137812" lon="2.550109">
        <ele>656.2</ele>
        <time>2015-09-19T14:24:45.874Z</time>
    </trkpt>
    <trkpt lat="42.137765" lon="2.549998">
        <ele>656.7</ele>
        <time>2015-09-19T14:24:59.874Z</time>
    </trkpt>
    <trkpt lat="42.137691" lon="2.549925">
        <ele>657.5</ele>
        <time>2015-09-19T14:25:07.874Z</time>
    </trkpt>
    <trkpt lat="42.137654" lon="2.549808">
        <ele>659.4</ele>
        <time>2015-09-19T14:25:17.874Z</time>
    </trkpt>
    <trkpt lat="42.137598" lon="2.549712">
        <ele>659.9</ele>
        <time>2015-09-19T14:25:24.874Z</time>
    </trkpt>
    <trkpt lat="42.137559" lon="2.549593">
        <ele>659.6</ele>
        <time>2015-09-19T14:25:31.874Z</time>
    </trkpt>
    <trkpt lat="42.137529" lon="2.54945">
        <ele>660.2</ele>
        <time>2015-09-19T14:25:43.874Z</time>
    </trkpt>
    <trkpt lat="42.137501" lon="2.549334">
        <ele>660.7</ele>
        <time>2015-09-19T14:25:53.874Z</time>
    </trkpt>
    <trkpt lat="42.137504" lon="2.54918">
        <ele>660.9</ele>
        <time>2015-09-19T14:26:03.874Z</time>
    </trkpt>
    <trkpt lat="42.13751" lon="2.549043">
        <ele>660.9</ele>
        <time>2015-09-19T14:26:10.874Z</time>
    </trkpt>
    <trkpt lat="42.137513" lon="2.548909">
        <ele>661.3</ele>
        <time>2015-09-19T14:26:18.874Z</time>
    </trkpt>
    <trkpt lat="42.137492" lon="2.548781">
        <ele>662.3</ele>
        <time>2015-09-19T14:26:27.874Z</time>
    </trkpt>
    <trkpt lat="42.137478" lon="2.548643">
        <ele>663.4</ele>
        <time>2015-09-19T14:26:40.874Z</time>
    </trkpt>
    <trkpt lat="42.137448" lon="2.548518">
        <ele>663.6</ele>
        <time>2015-09-19T14:26:47.874Z</time>
    </trkpt>
    <trkpt lat="42.137439" lon="2.548392">
        <ele>663.8</ele>
        <time>2015-09-19T14:26:56.874Z</time>
    </trkpt>
    <trkpt lat="42.137426" lon="2.548263">
        <ele>664.2</ele>
        <time>2015-09-19T14:27:11.874Z</time>
    </trkpt>
    <trkpt lat="42.137462" lon="2.548135">
        <ele>664.6</ele>
        <time>2015-09-19T14:27:19.874Z</time>
    </trkpt>
    <trkpt lat="42.137486" lon="2.548008">
        <ele>666.4</ele>
        <time>2015-09-19T14:27:32.874Z</time>
    </trkpt>
    <trkpt lat="42.137551" lon="2.547924">
        <ele>667.3</ele>
        <time>2015-09-19T14:27:40.874Z</time>
    </trkpt>
    <trkpt lat="42.137602" lon="2.547813">
        <ele>667.7</ele>
        <time>2015-09-19T14:27:48.874Z</time>
    </trkpt>
    <trkpt lat="42.137667" lon="2.547717">
        <ele>668.4</ele>
        <time>2015-09-19T14:27:57.874Z</time>
    </trkpt>
    <trkpt lat="42.13775" lon="2.547661">
        <ele>668.6</ele>
        <time>2015-09-19T14:28:03.874Z</time>
    </trkpt>
    <trkpt lat="42.137783" lon="2.547536">
        <ele>669.0</ele>
        <time>2015-09-19T14:28:15.874Z</time>
    </trkpt>
    <trkpt lat="42.137811" lon="2.547393">
        <ele>669.2</ele>
        <time>2015-09-19T14:28:22.874Z</time>
    </trkpt>
    <trkpt lat="42.137783" lon="2.547273">
        <ele>669.7</ele>
        <time>2015-09-19T14:28:28.874Z</time>
    </trkpt>
    <trkpt lat="42.137774" lon="2.547153">
        <ele>670.7</ele>
        <time>2015-09-19T14:28:39.874Z</time>
    </trkpt>
    <trkpt lat="42.137822" lon="2.547041">
        <ele>671.5</ele>
        <time>2015-09-19T14:28:49.874Z</time>
    </trkpt>
    <trkpt lat="42.1379" lon="2.546978">
        <ele>672.7</ele>
        <time>2015-09-19T14:29:17.874Z</time>
    </trkpt>
    <trkpt lat="42.137908" lon="2.546848">
        <ele>674.9</ele>
        <time>2015-09-19T14:29:52.874Z</time>
    </trkpt>
    <trkpt lat="42.137948" lon="2.546731">
        <ele>677.0</ele>
        <time>2015-09-19T14:30:11.874Z</time>
    </trkpt>
    <trkpt lat="42.137973" lon="2.546611">
        <ele>677.7</ele>
        <time>2015-09-19T14:30:24.874Z</time>
    </trkpt>
    <trkpt lat="42.138008" lon="2.54649">
        <ele>680.3</ele>
        <time>2015-09-19T14:30:43.874Z</time>
    </trkpt>
    <trkpt lat="42.138044" lon="2.546372">
        <ele>681.4</ele>
        <time>2015-09-19T14:30:50.874Z</time>
    </trkpt>
    <trkpt lat="42.138055" lon="2.546247">
        <ele>681.4</ele>
        <time>2015-09-19T14:30:56.874Z</time>
    </trkpt>
    <trkpt lat="42.138121" lon="2.546157">
        <ele>681.7</ele>
        <time>2015-09-19T14:31:06.874Z</time>
    </trkpt>
    <trkpt lat="42.138224" lon="2.546137">
        <ele>683.0</ele>
        <time>2015-09-19T14:31:16.874Z</time>
    </trkpt>
    <trkpt lat="42.1383" lon="2.546066">
        <ele>683.6</ele>
        <time>2015-09-19T14:31:23.874Z</time>
    </trkpt>
    <trkpt lat="42.13825" lon="2.545954">
        <ele>690.6</ele>
        <time>2015-09-19T14:32:06.874Z</time>
    </trkpt>
    <trkpt lat="42.138304" lon="2.546069">
        <ele>688.3</ele>
        <time>2015-09-19T14:32:35.874Z</time>
    </trkpt>
    <trkpt lat="42.138371" lon="2.545988">
        <ele>688.1</ele>
        <time>2015-09-19T14:33:07.874Z</time>
    </trkpt>
    <trkpt lat="42.138412" lon="2.545873">
        <ele>687.7</ele>
        <time>2015-09-19T14:33:20.874Z</time>
    </trkpt>
    <trkpt lat="42.138322" lon="2.545814">
        <ele>686.4</ele>
        <time>2015-09-19T14:33:26.874Z</time>
    </trkpt>
    <trkpt lat="42.138239" lon="2.545755">
        <ele>685.1</ele>
        <time>2015-09-19T14:33:33.874Z</time>
    </trkpt>
    <trkpt lat="42.138145" lon="2.545708">
        <ele>683.9</ele>
        <time>2015-09-19T14:33:39.874Z</time>
    </trkpt>
    <trkpt lat="42.138075" lon="2.545622">
        <ele>682.8</ele>
        <time>2015-09-19T14:33:47.874Z</time>
    </trkpt>
    <trkpt lat="42.138" lon="2.545553">
        <ele>682.5</ele>
        <time>2015-09-19T14:33:58.874Z</time>
    </trkpt>
    <trkpt lat="42.137933" lon="2.545469">
        <ele>683.2</ele>
        <time>2015-09-19T14:34:07.874Z</time>
    </trkpt>
    <trkpt lat="42.137872" lon="2.54537">
        <ele>684.3</ele>
        <time>2015-09-19T14:34:21.874Z</time>
    </trkpt>
    <trkpt lat="42.137873" lon="2.545237">
        <ele>687.3</ele>
        <time>2015-09-19T14:34:29.874Z</time>
    </trkpt>
    <trkpt lat="42.137859" lon="2.545112">
        <ele>688.7</ele>
        <time>2015-09-19T14:34:35.874Z</time>
    </trkpt>
    <trkpt lat="42.137828" lon="2.544998">
        <ele>691.0</ele>
        <time>2015-09-19T14:34:45.874Z</time>
    </trkpt>
    <trkpt lat="42.137781" lon="2.54489">
        <ele>693.4</ele>
        <time>2015-09-19T14:34:53.874Z</time>
    </trkpt>
    <trkpt lat="42.137751" lon="2.544776">
        <ele>694.7</ele>
        <time>2015-09-19T14:34:58.874Z</time>
    </trkpt>
    <trkpt lat="42.137658" lon="2.544736">
        <ele>696.8</ele>
        <time>2015-09-19T14:35:06.874Z</time>
    </trkpt>
    <trkpt lat="42.137643" lon="2.544607">
        <ele>698.5</ele>
        <time>2015-09-19T14:35:15.874Z</time>
    </trkpt>
    <trkpt lat="42.137648" lon="2.544476">
        <ele>699.3</ele>
        <time>2015-09-19T14:35:23.874Z</time>
    </trkpt>
    <trkpt lat="42.137657" lon="2.54435">
        <ele>699.5</ele>
        <time>2015-09-19T14:35:32.874Z</time>
    </trkpt>
    <trkpt lat="42.137697" lon="2.544235">
        <ele>699.6</ele>
        <time>2015-09-19T14:35:46.874Z</time>
    </trkpt>
    <trkpt lat="42.137761" lon="2.544138">
        <ele>700.2</ele>
        <time>2015-09-19T14:36:04.874Z</time>
    </trkpt>
    <trkpt lat="42.13775" lon="2.543995">
        <ele>701.5</ele>
        <time>2015-09-19T14:36:14.874Z</time>
    </trkpt>
    <trkpt lat="42.137776" lon="2.543877">
        <ele>702.0</ele>
        <time>2015-09-19T14:36:21.874Z</time>
    </trkpt>
    <trkpt lat="42.137768" lon="2.543755">
        <ele>702.2</ele>
        <time>2015-09-19T14:36:28.874Z</time>
    </trkpt>
    <trkpt lat="42.137772" lon="2.543622">
        <ele>702.8</ele>
        <time>2015-09-19T14:36:38.874Z</time>
    </trkpt>
    <trkpt lat="42.137777" lon="2.543495">
        <ele>703.3</ele>
        <time>2015-09-19T14:36:52.874Z</time>
    </trkpt>
    <trkpt lat="42.137818" lon="2.543353">
        <ele>704.7</ele>
        <time>2015-09-19T14:37:06.874Z</time>
    </trkpt>
    <trkpt lat="42.137758" lon="2.543239">
        <ele>705.3</ele>
        <time>2015-09-19T14:37:09.874Z</time>
    </trkpt>
    <trkpt lat="42.137733" lon="2.543123">
        <ele>706.5</ele>
        <time>2015-09-19T14:37:17.874Z</time>
    </trkpt>
    <trkpt lat="42.137789" lon="2.543016">
        <ele>710.5</ele>
        <time>2015-09-19T14:37:38.874Z</time>
    </trkpt>
    <trkpt lat="42.137837" lon="2.542909">
        <ele>712.2</ele>
        <time>2015-09-19T14:37:47.874Z</time>
    </trkpt>
    <trkpt lat="42.137845" lon="2.542788">
        <ele>712.8</ele>
        <time>2015-09-19T14:37:56.874Z</time>
    </trkpt>
    <trkpt lat="42.137853" lon="2.542665">
        <ele>713.8</ele>
        <time>2015-09-19T14:38:11.874Z</time>
    </trkpt>
    <trkpt lat="42.137853" lon="2.542665">
        <ele>713.8</ele>
        <time>2015-09-19T14:38:11.874Z</time>
    </trkpt>
    <trkpt lat="42.137869" lon="2.542546">
        <ele>714.3</ele>
        <time>2015-09-19T14:38:36.874Z</time>
    </trkpt>
    <trkpt lat="42.137872" lon="2.542419">
        <ele>715.7</ele>
        <time>2015-09-19T14:38:49.874Z</time>
    </trkpt>
    <trkpt lat="42.13788" lon="2.542292">
        <ele>718.1</ele>
        <time>2015-09-19T14:39:02.874Z</time>
    </trkpt>
    <trkpt lat="42.137854" lon="2.542175">
        <ele>718.8</ele>
        <time>2015-09-19T14:39:10.874Z</time>
    </trkpt>
    <trkpt lat="42.13781" lon="2.542064">
        <ele>719.1</ele>
        <time>2015-09-19T14:39:18.874Z</time>
    </trkpt>
    <trkpt lat="42.137792" lon="2.541939">
        <ele>719.2</ele>
        <time>2015-09-19T14:39:31.874Z</time>
    </trkpt>
    <trkpt lat="42.137872" lon="2.54201">
        <ele>722.4</ele>
        <time>2015-09-19T14:39:47.874Z</time>
    </trkpt>
    <trkpt lat="42.137961" lon="2.542031">
        <ele>723.1</ele>
        <time>2015-09-19T14:39:57.874Z</time>
    </trkpt>
    <trkpt lat="42.138002" lon="2.54192">
        <ele>723.6</ele>
        <time>2015-09-19T14:40:13.874Z</time>
    </trkpt>
    <trkpt lat="42.138043" lon="2.541794">
        <ele>723.8</ele>
        <time>2015-09-19T14:40:24.874Z</time>
    </trkpt>
    <trkpt lat="42.138122" lon="2.541731">
        <ele>725.5</ele>
        <time>2015-09-19T14:40:46.874Z</time>
    </trkpt>
    <trkpt lat="42.138149" lon="2.541602">
        <ele>730.1</ele>
        <time>2015-09-19T14:41:13.874Z</time>
    </trkpt>
    <trkpt lat="42.138197" lon="2.541495">
        <ele>731.3</ele>
        <time>2015-09-19T14:41:32.874Z</time>
    </trkpt>
    <trkpt lat="42.138291" lon="2.541445">
        <ele>732.3</ele>
        <time>2015-09-19T14:41:39.874Z</time>
    </trkpt>
    <trkpt lat="42.138373" lon="2.541383">
        <ele>733.6</ele>
        <time>2015-09-19T14:41:49.874Z</time>
    </trkpt>
    <trkpt lat="42.138462" lon="2.541365">
        <ele>735.5</ele>
        <time>2015-09-19T14:42:01.874Z</time>
    </trkpt>
    <trkpt lat="42.138536" lon="2.541441">
        <ele>738.7</ele>
        <time>2015-09-19T14:42:15.874Z</time>
    </trkpt>
    <trkpt lat="42.138482" lon="2.541554">
        <ele>739.7</ele>
        <time>2015-09-19T14:42:27.874Z</time>
    </trkpt>
    <trkpt lat="42.138485" lon="2.541679">
        <ele>741.6</ele>
        <time>2015-09-19T14:42:52.874Z</time>
    </trkpt>
    <trkpt lat="42.138531" lon="2.541809">
        <ele>730.0</ele>
        <time>2015-09-19T15:04:25.874Z</time>
    </trkpt>
    <trkpt lat="42.138569" lon="2.54192">
        <ele>740.5</ele>
        <time>2015-09-19T15:04:41.874Z</time>
    </trkpt>
    <trkpt lat="42.13867" lon="2.541925">
        <ele>742.4</ele>
        <time>2015-09-19T15:05:00.874Z</time>
    </trkpt>
    <trkpt lat="42.138753" lon="2.541873">
        <ele>743.9</ele>
        <time>2015-09-19T15:05:12.874Z</time>
    </trkpt>
    <trkpt lat="42.138789" lon="2.54176">
        <ele>745.4</ele>
        <time>2015-09-19T15:05:23.874Z</time>
    </trkpt>
    <trkpt lat="42.138862" lon="2.541669">
        <ele>745.9</ele>
        <time>2015-09-19T15:05:29.874Z</time>
    </trkpt>
    <trkpt lat="42.138939" lon="2.541589">
        <ele>746.5</ele>
        <time>2015-09-19T15:05:34.874Z</time>
    </trkpt>
    <trkpt lat="42.139012" lon="2.541515">
        <ele>747.1</ele>
        <time>2015-09-19T15:05:40.874Z</time>
    </trkpt>
    <trkpt lat="42.1391" lon="2.541451">
        <ele>748.3</ele>
        <time>2015-09-19T15:05:50.874Z</time>
    </trkpt>
    <trkpt lat="42.139161" lon="2.541349">
        <ele>749.2</ele>
        <time>2015-09-19T15:06:00.874Z</time>
    </trkpt>
    <trkpt lat="42.139222" lon="2.541261">
        <ele>749.7</ele>
        <time>2015-09-19T15:06:08.874Z</time>
    </trkpt>
    <trkpt lat="42.13928" lon="2.541166">
        <ele>750.0</ele>
        <time>2015-09-19T15:06:16.874Z</time>
    </trkpt>
    <trkpt lat="42.139361" lon="2.541081">
        <ele>749.8</ele>
        <time>2015-09-19T15:06:21.874Z</time>
    </trkpt>
    <trkpt lat="42.139413" lon="2.540964">
        <ele>749.1</ele>
        <time>2015-09-19T15:06:29.874Z</time>
    </trkpt>
    <trkpt lat="42.139449" lon="2.540851">
        <ele>748.4</ele>
        <time>2015-09-19T15:06:37.874Z</time>
    </trkpt>
    <trkpt lat="42.139503" lon="2.540742">
        <ele>748.0</ele>
        <time>2015-09-19T15:06:45.874Z</time>
    </trkpt>
    <trkpt lat="42.139571" lon="2.54065">
        <ele>749.3</ele>
        <time>2015-09-19T15:07:06.874Z</time>
    </trkpt>
    <trkpt lat="42.139654" lon="2.540602">
        <ele>751.0</ele>
        <time>2015-09-19T15:07:16.874Z</time>
    </trkpt>
    <trkpt lat="42.139742" lon="2.540531">
        <ele>752.9</ele>
        <time>2015-09-19T15:07:24.874Z</time>
    </trkpt>
    <trkpt lat="42.139822" lon="2.54047">
        <ele>754.2</ele>
        <time>2015-09-19T15:07:31.874Z</time>
    </trkpt>
    <trkpt lat="42.1399" lon="2.540402">
        <ele>754.8</ele>
        <time>2015-09-19T15:07:40.874Z</time>
    </trkpt>
    <trkpt lat="42.13998" lon="2.540334">
        <ele>754.7</ele>
        <time>2015-09-19T15:07:53.874Z</time>
    </trkpt>
    <trkpt lat="42.140074" lon="2.540306">
        <ele>756.2</ele>
        <time>2015-09-19T15:08:04.874Z</time>
    </trkpt>
    <trkpt lat="42.140169" lon="2.540289">
        <ele>757.7</ele>
        <time>2015-09-19T15:08:11.874Z</time>
    </trkpt>
    <trkpt lat="42.140258" lon="2.540264">
        <ele>759.3</ele>
        <time>2015-09-19T15:08:18.874Z</time>
    </trkpt>
    <trkpt lat="42.140347" lon="2.540249">
        <ele>761.0</ele>
        <time>2015-09-19T15:08:26.874Z</time>
    </trkpt>
    <trkpt lat="42.140445" lon="2.540207">
        <ele>763.1</ele>
        <time>2015-09-19T15:08:35.874Z</time>
    </trkpt>
    <trkpt lat="42.140526" lon="2.540141">
        <ele>767.6</ele>
        <time>2015-09-19T15:08:50.874Z</time>
    </trkpt>
    <trkpt lat="42.14062" lon="2.540128">
        <ele>769.2</ele>
        <time>2015-09-19T15:09:01.874Z</time>
    </trkpt>
    <trkpt lat="42.140716" lon="2.540106">
        <ele>770.4</ele>
        <time>2015-09-19T15:09:09.874Z</time>
    </trkpt>
    <trkpt lat="42.140804" lon="2.540068">
        <ele>772.3</ele>
        <time>2015-09-19T15:09:21.874Z</time>
    </trkpt>
    <trkpt lat="42.140893" lon="2.54002">
        <ele>773.8</ele>
        <time>2015-09-19T15:09:28.874Z</time>
    </trkpt>
    <trkpt lat="42.14098" lon="2.539932">
        <ele>775.1</ele>
        <time>2015-09-19T15:09:35.874Z</time>
    </trkpt>
    <trkpt lat="42.141072" lon="2.539887">
        <ele>776.0</ele>
        <time>2015-09-19T15:09:44.874Z</time>
    </trkpt>
    <trkpt lat="42.141173" lon="2.53987">
        <ele>777.1</ele>
        <time>2015-09-19T15:09:51.874Z</time>
    </trkpt>
    <trkpt lat="42.141265" lon="2.539856">
        <ele>779.0</ele>
        <time>2015-09-19T15:09:59.874Z</time>
    </trkpt>
    <trkpt lat="42.141352" lon="2.539809">
        <ele>780.6</ele>
        <time>2015-09-19T15:10:08.874Z</time>
    </trkpt>
    <trkpt lat="42.141453" lon="2.539799">
        <ele>782.4</ele>
        <time>2015-09-19T15:10:17.874Z</time>
    </trkpt>
    <trkpt lat="42.141543" lon="2.539789">
        <ele>784.1</ele>
        <time>2015-09-19T15:10:24.874Z</time>
    </trkpt>
    <trkpt lat="42.141634" lon="2.539809">
        <ele>785.5</ele>
        <time>2015-09-19T15:10:32.874Z</time>
    </trkpt>
    <trkpt lat="42.14172" lon="2.539743">
        <ele>786.3</ele>
        <time>2015-09-19T15:10:39.874Z</time>
    </trkpt>
    <trkpt lat="42.141786" lon="2.539646">
        <ele>786.2</ele>
        <time>2015-09-19T15:10:44.874Z</time>
    </trkpt>
    <trkpt lat="42.141876" lon="2.539595">
        <ele>785.6</ele>
        <time>2015-09-19T15:10:52.874Z</time>
    </trkpt>
    <trkpt lat="42.141969" lon="2.539566">
        <ele>784.7</ele>
        <time>2015-09-19T15:11:02.874Z</time>
    </trkpt>
    <trkpt lat="42.142064" lon="2.539584">
        <ele>784.4</ele>
        <time>2015-09-19T15:11:08.874Z</time>
    </trkpt>
    <trkpt lat="42.142165" lon="2.539585">
        <ele>784.2</ele>
        <time>2015-09-19T15:11:13.874Z</time>
    </trkpt>
    <trkpt lat="42.142257" lon="2.53959">
        <ele>783.8</ele>
        <time>2015-09-19T15:11:18.874Z</time>
    </trkpt>
    <trkpt lat="42.142344" lon="2.539649">
        <ele>783.5</ele>
        <time>2015-09-19T15:11:26.874Z</time>
    </trkpt>
    <trkpt lat="42.142434" lon="2.539679">
        <ele>784.8</ele>
        <time>2015-09-19T15:13:13.874Z</time>
    </trkpt>
    <trkpt lat="42.14251" lon="2.539763">
        <ele>784.8</ele>
        <time>2015-09-19T15:13:23.874Z</time>
    </trkpt>
    <trkpt lat="42.142598" lon="2.539833">
        <ele>784.8</ele>
        <time>2015-09-19T15:13:32.874Z</time>
    </trkpt>
    <trkpt lat="42.142659" lon="2.539937">
        <ele>785.0</ele>
        <time>2015-09-19T15:13:39.874Z</time>
    </trkpt>
    <trkpt lat="42.142749" lon="2.539976">
        <ele>785.4</ele>
        <time>2015-09-19T15:13:48.874Z</time>
    </trkpt>
    <trkpt lat="42.142836" lon="2.540036">
        <ele>786.2</ele>
        <time>2015-09-19T15:13:57.874Z</time>
    </trkpt>
    <trkpt lat="42.142926" lon="2.540067">
        <ele>786.0</ele>
        <time>2015-09-19T15:14:08.874Z</time>
    </trkpt>
    <trkpt lat="42.143016" lon="2.540131">
        <ele>785.2</ele>
        <time>2015-09-19T15:14:15.874Z</time>
    </trkpt>
    <trkpt lat="42.14311" lon="2.540142">
        <ele>784.5</ele>
        <time>2015-09-19T15:14:24.874Z</time>
    </trkpt>
    <trkpt lat="42.14319" lon="2.540231">
        <ele>784.3</ele>
        <time>2015-09-19T15:14:33.874Z</time>
    </trkpt>
    <trkpt lat="42.143223" lon="2.540361">
        <ele>784.5</ele>
        <time>2015-09-19T15:14:40.874Z</time>
    </trkpt>
    <trkpt lat="42.143288" lon="2.54046">
        <ele>784.5</ele>
        <time>2015-09-19T15:14:48.874Z</time>
    </trkpt>
    <trkpt lat="42.143332" lon="2.540566">
        <ele>783.7</ele>
        <time>2015-09-19T15:14:58.874Z</time>
    </trkpt>
    <trkpt lat="42.143341" lon="2.540696">
        <ele>783.3</ele>
        <time>2015-09-19T15:15:11.874Z</time>
    </trkpt>
    <trkpt lat="42.143363" lon="2.540826">
        <ele>783.2</ele>
        <time>2015-09-19T15:15:18.874Z</time>
    </trkpt>
    <trkpt lat="42.143384" lon="2.540961">
        <ele>782.9</ele>
        <time>2015-09-19T15:15:25.874Z</time>
    </trkpt>
    <trkpt lat="42.143426" lon="2.541074">
        <ele>782.7</ele>
        <time>2015-09-19T15:15:46.874Z</time>
    </trkpt>
    <trkpt lat="42.143482" lon="2.541174">
        <ele>783.2</ele>
        <time>2015-09-19T15:15:56.874Z</time>
    </trkpt>
    <trkpt lat="42.143548" lon="2.541273">
        <ele>784.7</ele>
        <time>2015-09-19T15:16:07.874Z</time>
    </trkpt>
    <trkpt lat="42.143622" lon="2.54136">
        <ele>786.6</ele>
        <time>2015-09-19T15:16:18.874Z</time>
    </trkpt>
    <trkpt lat="42.143671" lon="2.541464">
        <ele>786.9</ele>
        <time>2015-09-19T15:16:26.874Z</time>
    </trkpt>
    <trkpt lat="42.143718" lon="2.541571">
        <ele>786.7</ele>
        <time>2015-09-19T15:16:35.874Z</time>
    </trkpt>
    <trkpt lat="42.143798" lon="2.541669">
        <ele>786.1</ele>
        <time>2015-09-19T15:16:40.874Z</time>
    </trkpt>
    <trkpt lat="42.143881" lon="2.541735">
        <ele>785.8</ele>
        <time>2015-09-19T15:16:45.874Z</time>
    </trkpt>
    <trkpt lat="42.143955" lon="2.541813">
        <ele>785.1</ele>
        <time>2015-09-19T15:16:51.874Z</time>
    </trkpt>
    <trkpt lat="42.144022" lon="2.541925">
        <ele>784.0</ele>
        <time>2015-09-19T15:16:56.874Z</time>
    </trkpt>
    <trkpt lat="42.144085" lon="2.54202">
        <ele>782.9</ele>
        <time>2015-09-19T15:17:04.874Z</time>
    </trkpt>
    <trkpt lat="42.144165" lon="2.542083">
        <ele>781.0</ele>
        <time>2015-09-19T15:17:13.874Z</time>
    </trkpt>
    <trkpt lat="42.144219" lon="2.542183">
        <ele>779.1</ele>
        <time>2015-09-19T15:17:21.874Z</time>
    </trkpt>
    <trkpt lat="42.144308" lon="2.542256">
        <ele>777.6</ele>
        <time>2015-09-19T15:17:28.874Z</time>
    </trkpt>
    <trkpt lat="42.14438" lon="2.542362">
        <ele>775.7</ele>
        <time>2015-09-19T15:17:35.874Z</time>
    </trkpt>
    <trkpt lat="42.144449" lon="2.542462">
        <ele>771.8</ele>
        <time>2015-09-19T15:17:46.874Z</time>
    </trkpt>
    <trkpt lat="42.14451" lon="2.542558">
        <ele>769.1</ele>
        <time>2015-09-19T15:17:57.874Z</time>
    </trkpt>
    <trkpt lat="42.144588" lon="2.54262">
        <ele>767.8</ele>
        <time>2015-09-19T15:18:03.874Z</time>
    </trkpt>
    <trkpt lat="42.14466" lon="2.542696">
        <ele>766.4</ele>
        <time>2015-09-19T15:18:09.874Z</time>
    </trkpt>
    <trkpt lat="42.144735" lon="2.542772">
        <ele>763.8</ele>
        <time>2015-09-19T15:18:18.874Z</time>
    </trkpt>
    <trkpt lat="42.144807" lon="2.542862">
        <ele>760.3</ele>
        <time>2015-09-19T15:18:29.874Z</time>
    </trkpt>
    <trkpt lat="42.144852" lon="2.542973">
        <ele>758.6</ele>
        <time>2015-09-19T15:18:38.874Z</time>
    </trkpt>
    <trkpt lat="42.144907" lon="2.543074">
        <ele>756.6</ele>
        <time>2015-09-19T15:18:46.874Z</time>
    </trkpt>
    <trkpt lat="42.144958" lon="2.54318">
        <ele>754.8</ele>
        <time>2015-09-19T15:18:59.874Z</time>
    </trkpt>
    <trkpt lat="42.145008" lon="2.543302">
        <ele>753.6</ele>
        <time>2015-09-19T15:19:07.874Z</time>
    </trkpt>
    <trkpt lat="42.145103" lon="2.543369">
        <ele>752.5</ele>
        <time>2015-09-19T15:19:13.874Z</time>
    </trkpt>
    <trkpt lat="42.145203" lon="2.543436">
        <ele>750.8</ele>
        <time>2015-09-19T15:19:19.874Z</time>
    </trkpt>
    <trkpt lat="42.1453" lon="2.543495">
        <ele>748.8</ele>
        <time>2015-09-19T15:19:25.874Z</time>
    </trkpt>
    <trkpt lat="42.145396" lon="2.543504">
        <ele>746.3</ele>
        <time>2015-09-19T15:19:33.874Z</time>
    </trkpt>
    <trkpt lat="42.145459" lon="2.543408">
        <ele>743.2</ele>
        <time>2015-09-19T15:19:41.874Z</time>
    </trkpt>
    <trkpt lat="42.145552" lon="2.543342">
        <ele>741.1</ele>
        <time>2015-09-19T15:19:47.874Z</time>
    </trkpt>
    <trkpt lat="42.145648" lon="2.543287">
        <ele>738.7</ele>
        <time>2015-09-19T15:19:54.874Z</time>
    </trkpt>
    <trkpt lat="42.14573" lon="2.543175">
        <ele>736.6</ele>
        <time>2015-09-19T15:20:00.874Z</time>
    </trkpt>
    <trkpt lat="42.145758" lon="2.543059">
        <ele>734.1</ele>
        <time>2015-09-19T15:20:09.874Z</time>
    </trkpt>
    <trkpt lat="42.145795" lon="2.542942">
        <ele>732.1</ele>
        <time>2015-09-19T15:20:15.874Z</time>
    </trkpt>
    <trkpt lat="42.145817" lon="2.542817">
        <ele>723.9</ele>
        <time>2015-09-19T15:21:12.874Z</time>
    </trkpt>
    <trkpt lat="42.145888" lon="2.542742">
        <ele>723.0</ele>
        <time>2015-09-19T15:21:33.874Z</time>
    </trkpt>
    <trkpt lat="42.145967" lon="2.542683">
        <ele>722.9</ele>
        <time>2015-09-19T15:21:39.874Z</time>
    </trkpt>
    <trkpt lat="42.14606" lon="2.542663">
        <ele>721.4</ele>
        <time>2015-09-19T15:21:49.874Z</time>
    </trkpt>
    <trkpt lat="42.146155" lon="2.542658">
        <ele>720.4</ele>
        <time>2015-09-19T15:21:58.874Z</time>
    </trkpt>
    <trkpt lat="42.146248" lon="2.542701">
        <ele>719.3</ele>
        <time>2015-09-19T15:22:04.874Z</time>
    </trkpt>
    <trkpt lat="42.146347" lon="2.542683">
        <ele>717.3</ele>
        <time>2015-09-19T15:22:12.874Z</time>
    </trkpt>
    <trkpt lat="42.146441" lon="2.542731">
        <ele>715.6</ele>
        <time>2015-09-19T15:22:23.874Z</time>
    </trkpt>
    <trkpt lat="42.146493" lon="2.542834">
        <ele>714.3</ele>
        <time>2015-09-19T15:22:31.874Z</time>
    </trkpt>
    <trkpt lat="42.14647" lon="2.542953">
        <ele>712.6</ele>
        <time>2015-09-19T15:22:39.874Z</time>
    </trkpt>
    <trkpt lat="42.146416" lon="2.543057">
        <ele>711.2</ele>
        <time>2015-09-19T15:22:49.874Z</time>
    </trkpt>
    <trkpt lat="42.146376" lon="2.543179">
        <ele>710.9</ele>
        <time>2015-09-19T15:22:58.874Z</time>
    </trkpt>
    <trkpt lat="42.146318" lon="2.543281">
        <ele>710.7</ele>
        <time>2015-09-19T15:23:06.874Z</time>
    </trkpt>
    <trkpt lat="42.146297" lon="2.543416">
        <ele>711.2</ele>
        <time>2015-09-19T15:23:13.874Z</time>
    </trkpt>
    <trkpt lat="42.146259" lon="2.543533">
        <ele>710.6</ele>
        <time>2015-09-19T15:23:25.874Z</time>
    </trkpt>
    <trkpt lat="42.146256" lon="2.543657">
        <ele>709.7</ele>
        <time>2015-09-19T15:23:44.874Z</time>
    </trkpt>
    <trkpt lat="42.146213" lon="2.543786">
        <ele>709.3</ele>
        <time>2015-09-19T15:23:50.874Z</time>
    </trkpt>
    <trkpt lat="42.146183" lon="2.543901">
        <ele>708.8</ele>
        <time>2015-09-19T15:23:55.874Z</time>
    </trkpt>
    <trkpt lat="42.14614" lon="2.54401">
        <ele>708.5</ele>
        <time>2015-09-19T15:24:01.874Z</time>
    </trkpt>
    <trkpt lat="42.146089" lon="2.544113">
        <ele>708.2</ele>
        <time>2015-09-19T15:24:07.874Z</time>
    </trkpt>
    <trkpt lat="42.146038" lon="2.544218">
        <ele>708.4</ele>
        <time>2015-09-19T15:24:14.874Z</time>
    </trkpt>
    <trkpt lat="42.145973" lon="2.544306">
        <ele>708.1</ele>
        <time>2015-09-19T15:24:20.874Z</time>
    </trkpt>
    <trkpt lat="42.145928" lon="2.544412">
        <ele>707.9</ele>
        <time>2015-09-19T15:24:28.874Z</time>
    </trkpt>
    <trkpt lat="42.145886" lon="2.544533">
        <ele>707.3</ele>
        <time>2015-09-19T15:24:34.874Z</time>
    </trkpt>
    <trkpt lat="42.145868" lon="2.544676">
        <ele>706.7</ele>
        <time>2015-09-19T15:24:40.874Z</time>
    </trkpt>
    <trkpt lat="42.145846" lon="2.544816">
        <ele>706.3</ele>
        <time>2015-09-19T15:24:47.874Z</time>
    </trkpt>
    <trkpt lat="42.145824" lon="2.544935">
        <ele>706.1</ele>
        <time>2015-09-19T15:24:53.874Z</time>
    </trkpt>
    <trkpt lat="42.145799" lon="2.545058">
        <ele>705.8</ele>
        <time>2015-09-19T15:24:59.874Z</time>
    </trkpt>
    <trkpt lat="42.145795" lon="2.545184">
        <ele>705.6</ele>
        <time>2015-09-19T15:25:05.874Z</time>
    </trkpt>
    <trkpt lat="42.145802" lon="2.545314">
        <ele>705.1</ele>
        <time>2015-09-19T15:25:12.874Z</time>
    </trkpt>
    <trkpt lat="42.145844" lon="2.545437">
        <ele>704.1</ele>
        <time>2015-09-19T15:25:18.874Z</time>
    </trkpt>
    <trkpt lat="42.145921" lon="2.545525">
        <ele>702.9</ele>
        <time>2015-09-19T15:25:24.874Z</time>
    </trkpt>
    <trkpt lat="42.146004" lon="2.545572">
        <ele>700.8</ele>
        <time>2015-09-19T15:25:31.874Z</time>
    </trkpt>
    <trkpt lat="42.146091" lon="2.54549">
        <ele>698.7</ele>
        <time>2015-09-19T15:25:39.874Z</time>
    </trkpt>
    <trkpt lat="42.146175" lon="2.545415">
        <ele>697.8</ele>
        <time>2015-09-19T15:25:44.874Z</time>
    </trkpt>
    <trkpt lat="42.146251" lon="2.545319">
        <ele>697.1</ele>
        <time>2015-09-19T15:25:51.874Z</time>
    </trkpt>
    <trkpt lat="42.146328" lon="2.545243">
        <ele>696.1</ele>
        <time>2015-09-19T15:25:59.874Z</time>
    </trkpt>
    <trkpt lat="42.146423" lon="2.545214">
        <ele>695.3</ele>
        <time>2015-09-19T15:26:06.874Z</time>
    </trkpt>
    <trkpt lat="42.146523" lon="2.545188">
        <ele>694.3</ele>
        <time>2015-09-19T15:26:15.874Z</time>
    </trkpt>
    <trkpt lat="42.146606" lon="2.545112">
        <ele>694.0</ele>
        <time>2015-09-19T15:26:20.874Z</time>
    </trkpt>
    <trkpt lat="42.146678" lon="2.54502">
        <ele>693.8</ele>
        <time>2015-09-19T15:26:26.874Z</time>
    </trkpt>
    <trkpt lat="42.146765" lon="2.544915">
        <ele>693.5</ele>
        <time>2015-09-19T15:26:32.874Z</time>
    </trkpt>
    <trkpt lat="42.14685" lon="2.544821">
        <ele>693.0</ele>
        <time>2015-09-19T15:26:38.874Z</time>
    </trkpt>
    <trkpt lat="42.146925" lon="2.544722">
        <ele>691.9</ele>
        <time>2015-09-19T15:26:44.874Z</time>
    </trkpt>
    <trkpt lat="42.147012" lon="2.54464">
        <ele>690.9</ele>
        <time>2015-09-19T15:26:51.874Z</time>
    </trkpt>
    <trkpt lat="42.147086" lon="2.544554">
        <ele>689.9</ele>
        <time>2015-09-19T15:26:59.874Z</time>
    </trkpt>
    <trkpt lat="42.147166" lon="2.544462">
        <ele>688.8</ele>
        <time>2015-09-19T15:27:06.874Z</time>
    </trkpt>
    <trkpt lat="42.147242" lon="2.544369">
        <ele>687.9</ele>
        <time>2015-09-19T15:27:12.874Z</time>
    </trkpt>
    <trkpt lat="42.147312" lon="2.544282">
        <ele>687.1</ele>
        <time>2015-09-19T15:27:19.874Z</time>
    </trkpt>
    <trkpt lat="42.147353" lon="2.544154">
        <ele>686.1</ele>
        <time>2015-09-19T15:27:25.874Z</time>
    </trkpt>
    <trkpt lat="42.147406" lon="2.544027">
        <ele>684.6</ele>
        <time>2015-09-19T15:27:32.874Z</time>
    </trkpt>
    <trkpt lat="42.147398" lon="2.543904">
        <ele>683.7</ele>
        <time>2015-09-19T15:27:41.874Z</time>
    </trkpt>
    <trkpt lat="42.147444" lon="2.543786">
        <ele>682.2</ele>
        <time>2015-09-19T15:27:53.874Z</time>
    </trkpt>
    <trkpt lat="42.147539" lon="2.543753">
        <ele>681.0</ele>
        <time>2015-09-19T15:28:03.874Z</time>
    </trkpt>
    <trkpt lat="42.147639" lon="2.543767">
        <ele>680.9</ele>
        <time>2015-09-19T15:28:11.874Z</time>
    </trkpt>
    <trkpt lat="42.147751" lon="2.543742">
        <ele>680.8</ele>
        <time>2015-09-19T15:28:15.874Z</time>
    </trkpt>
    <trkpt lat="42.147849" lon="2.543702">
        <ele>680.3</ele>
        <time>2015-09-19T15:28:21.874Z</time>
    </trkpt>
    <trkpt lat="42.147943" lon="2.543671">
        <ele>679.9</ele>
        <time>2015-09-19T15:28:26.874Z</time>
    </trkpt>
    <trkpt lat="42.148031" lon="2.543618">
        <ele>679.8</ele>
        <time>2015-09-19T15:28:31.874Z</time>
    </trkpt>
    <trkpt lat="42.148127" lon="2.543585">
        <ele>679.4</ele>
        <time>2015-09-19T15:28:37.874Z</time>
    </trkpt>
    <trkpt lat="42.148233" lon="2.543582">
        <ele>677.9</ele>
        <time>2015-09-19T15:28:44.874Z</time>
    </trkpt>
    <trkpt lat="42.148325" lon="2.543627">
        <ele>676.9</ele>
        <time>2015-09-19T15:28:51.874Z</time>
    </trkpt>
    <trkpt lat="42.148413" lon="2.543657">
        <ele>676.2</ele>
        <time>2015-09-19T15:28:57.874Z</time>
    </trkpt>
    <trkpt lat="42.148504" lon="2.543686">
        <ele>675.2</ele>
        <time>2015-09-19T15:29:02.874Z</time>
    </trkpt>
    <trkpt lat="42.148603" lon="2.543664">
        <ele>674.2</ele>
        <time>2015-09-19T15:29:11.874Z</time>
    </trkpt>
    <trkpt lat="42.148705" lon="2.543637">
        <ele>673.5</ele>
        <time>2015-09-19T15:29:19.874Z</time>
    </trkpt>
    <trkpt lat="42.148799" lon="2.54362">
        <ele>673.4</ele>
        <time>2015-09-19T15:29:26.874Z</time>
    </trkpt>
    <trkpt lat="42.148888" lon="2.543649">
        <ele>673.0</ele>
        <time>2015-09-19T15:29:34.874Z</time>
    </trkpt>
    <trkpt lat="42.148974" lon="2.543587">
        <ele>672.9</ele>
        <time>2015-09-19T15:29:41.874Z</time>
    </trkpt>
    <trkpt lat="42.149067" lon="2.543541">
        <ele>672.3</ele>
        <time>2015-09-19T15:29:49.874Z</time>
    </trkpt>
    <trkpt lat="42.149167" lon="2.543474">
        <ele>672.1</ele>
        <time>2015-09-19T15:29:55.874Z</time>
    </trkpt>
    <trkpt lat="42.149273" lon="2.543421">
        <ele>671.3</ele>
        <time>2015-09-19T15:30:03.874Z</time>
    </trkpt>
    <trkpt lat="42.149358" lon="2.543374">
        <ele>671.0</ele>
        <time>2015-09-19T15:30:10.874Z</time>
    </trkpt>
    <trkpt lat="42.149441" lon="2.54332">
        <ele>670.6</ele>
        <time>2015-09-19T15:30:16.874Z</time>
    </trkpt>
    <trkpt lat="42.14954" lon="2.543283">
        <ele>671.2</ele>
        <time>2015-09-19T15:30:23.874Z</time>
    </trkpt>
    <trkpt lat="42.149633" lon="2.543283">
        <ele>670.9</ele>
        <time>2015-09-19T15:30:31.874Z</time>
    </trkpt>
    <trkpt lat="42.149728" lon="2.543286">
        <ele>670.9</ele>
        <time>2015-09-19T15:30:38.874Z</time>
    </trkpt>
    <trkpt lat="42.149826" lon="2.543263">
        <ele>671.7</ele>
        <time>2015-09-19T15:30:47.874Z</time>
    </trkpt>
    <trkpt lat="42.149924" lon="2.543239">
        <ele>672.0</ele>
        <time>2015-09-19T15:30:55.874Z</time>
    </trkpt>
    <trkpt lat="42.150029" lon="2.543217">
        <ele>672.4</ele>
        <time>2015-09-19T15:31:02.874Z</time>
    </trkpt>
    <trkpt lat="42.150121" lon="2.543208">
        <ele>672.4</ele>
        <time>2015-09-19T15:31:08.874Z</time>
    </trkpt>
    <trkpt lat="42.150209" lon="2.543165">
        <ele>672.1</ele>
        <time>2015-09-19T15:31:15.874Z</time>
    </trkpt>
    <trkpt lat="42.150299" lon="2.543111">
        <ele>671.0</ele>
        <time>2015-09-19T15:31:26.874Z</time>
    </trkpt>
    <trkpt lat="42.150389" lon="2.54306">
        <ele>670.0</ele>
        <time>2015-09-19T15:31:45.874Z</time>
    </trkpt>
    <trkpt lat="42.150475" lon="2.543017">
        <ele>669.5</ele>
        <time>2015-09-19T15:31:52.874Z</time>
    </trkpt>
    <trkpt lat="42.150571" lon="2.542951">
        <ele>669.9</ele>
        <time>2015-09-19T15:31:59.874Z</time>
    </trkpt>
    <trkpt lat="42.150665" lon="2.542909">
        <ele>669.9</ele>
        <time>2015-09-19T15:32:06.874Z</time>
    </trkpt>
    <trkpt lat="42.150745" lon="2.542838">
        <ele>670.0</ele>
        <time>2015-09-19T15:32:13.874Z</time>
    </trkpt>
    <trkpt lat="42.150829" lon="2.542783">
        <ele>670.1</ele>
        <time>2015-09-19T15:32:20.874Z</time>
    </trkpt>
    <trkpt lat="42.150913" lon="2.542729">
        <ele>670.0</ele>
        <time>2015-09-19T15:32:28.874Z</time>
    </trkpt>
    <trkpt lat="42.151002" lon="2.542668">
        <ele>669.7</ele>
        <time>2015-09-19T15:32:36.874Z</time>
    </trkpt>
    <trkpt lat="42.151103" lon="2.542665">
        <ele>669.9</ele>
        <time>2015-09-19T15:32:43.874Z</time>
    </trkpt>
    <trkpt lat="42.151193" lon="2.542646">
        <ele>669.8</ele>
        <time>2015-09-19T15:32:49.874Z</time>
    </trkpt>
    <trkpt lat="42.151287" lon="2.542636">
        <ele>669.8</ele>
        <time>2015-09-19T15:32:56.874Z</time>
    </trkpt>
    <trkpt lat="42.151381" lon="2.542607">
        <ele>669.6</ele>
        <time>2015-09-19T15:33:03.874Z</time>
    </trkpt>
    <trkpt lat="42.151488" lon="2.542584">
        <ele>669.2</ele>
        <time>2015-09-19T15:33:08.874Z</time>
    </trkpt>
    <trkpt lat="42.15159" lon="2.54259">
        <ele>668.8</ele>
        <time>2015-09-19T15:33:16.874Z</time>
    </trkpt>
    <trkpt lat="42.151682" lon="2.542578">
        <ele>668.7</ele>
        <time>2015-09-19T15:33:23.874Z</time>
    </trkpt>
    <trkpt lat="42.151774" lon="2.542572">
        <ele>668.9</ele>
        <time>2015-09-19T15:33:29.874Z</time>
    </trkpt>
    <trkpt lat="42.151866" lon="2.542587">
        <ele>669.0</ele>
        <time>2015-09-19T15:33:35.874Z</time>
    </trkpt>
    <trkpt lat="42.151958" lon="2.542558">
        <ele>669.3</ele>
        <time>2015-09-19T15:33:42.874Z</time>
    </trkpt>
    <trkpt lat="42.152044" lon="2.542504">
        <ele>669.1</ele>
        <time>2015-09-19T15:33:47.874Z</time>
    </trkpt>
    <trkpt lat="42.152128" lon="2.542461">
        <ele>669.2</ele>
        <time>2015-09-19T15:33:53.874Z</time>
    </trkpt>
    <trkpt lat="42.152229" lon="2.54246">
        <ele>669.1</ele>
        <time>2015-09-19T15:34:00.874Z</time>
    </trkpt>
    <trkpt lat="42.152325" lon="2.542443">
        <ele>669.4</ele>
        <time>2015-09-19T15:34:07.874Z</time>
    </trkpt>
    <trkpt lat="42.152415" lon="2.542419">
        <ele>669.3</ele>
        <time>2015-09-19T15:34:13.874Z</time>
    </trkpt>
    <trkpt lat="42.152509" lon="2.542371">
        <ele>668.5</ele>
        <time>2015-09-19T15:34:20.874Z</time>
    </trkpt>
    <trkpt lat="42.152574" lon="2.542282">
        <ele>668.2</ele>
        <time>2015-09-19T15:34:28.874Z</time>
    </trkpt>
    <trkpt lat="42.152605" lon="2.54216">
        <ele>668.0</ele>
        <time>2015-09-19T15:34:37.874Z</time>
    </trkpt>
    <trkpt lat="42.15264" lon="2.542042">
        <ele>667.5</ele>
        <time>2015-09-19T15:34:44.874Z</time>
    </trkpt>
    <trkpt lat="42.152644" lon="2.541918">
        <ele>666.6</ele>
        <time>2015-09-19T15:34:58.874Z</time>
    </trkpt>
    <trkpt lat="42.152653" lon="2.54179">
        <ele>667.1</ele>
        <time>2015-09-19T15:35:06.874Z</time>
    </trkpt>
    <trkpt lat="42.152676" lon="2.541664">
        <ele>667.5</ele>
        <time>2015-09-19T15:35:13.874Z</time>
    </trkpt>
    <trkpt lat="42.152698" lon="2.541538">
        <ele>668.1</ele>
        <time>2015-09-19T15:35:22.874Z</time>
    </trkpt>
    <trkpt lat="42.152678" lon="2.54141">
        <ele>668.9</ele>
        <time>2015-09-19T15:35:30.874Z</time>
    </trkpt>
    <trkpt lat="42.152679" lon="2.541283">
        <ele>670.0</ele>
        <time>2015-09-19T15:35:40.874Z</time>
    </trkpt>
    <trkpt lat="42.152711" lon="2.541135">
        <ele>670.9</ele>
        <time>2015-09-19T15:35:48.874Z</time>
    </trkpt>
    <trkpt lat="42.152738" lon="2.541019">
        <ele>671.7</ele>
        <time>2015-09-19T15:35:56.874Z</time>
    </trkpt>
    <trkpt lat="42.15276" lon="2.540889">
        <ele>672.5</ele>
        <time>2015-09-19T15:36:04.874Z</time>
    </trkpt>
    <trkpt lat="42.152776" lon="2.540768">
        <ele>672.7</ele>
        <time>2015-09-19T15:36:11.874Z</time>
    </trkpt>
    <trkpt lat="42.152773" lon="2.54064">
        <ele>673.4</ele>
        <time>2015-09-19T15:36:18.874Z</time>
    </trkpt>
    <trkpt lat="42.152774" lon="2.540519">
        <ele>674.6</ele>
        <time>2015-09-19T15:36:32.874Z</time>
    </trkpt>
    <trkpt lat="42.15279" lon="2.540387">
        <ele>676.6</ele>
        <time>2015-09-19T15:36:43.874Z</time>
    </trkpt>
    <trkpt lat="42.1528" lon="2.540263">
        <ele>678.3</ele>
        <time>2015-09-19T15:36:53.874Z</time>
    </trkpt>
    <trkpt lat="42.152823" lon="2.540142">
        <ele>680.4</ele>
        <time>2015-09-19T15:37:02.874Z</time>
    </trkpt>
    <trkpt lat="42.152815" lon="2.539986">
        <ele>682.5</ele>
        <time>2015-09-19T15:37:28.874Z</time>
    </trkpt>
    <trkpt lat="42.152823" lon="2.539851">
        <ele>683.2</ele>
        <time>2015-09-19T15:37:36.874Z</time>
    </trkpt>
    <trkpt lat="42.152895" lon="2.539755">
        <ele>683.6</ele>
        <time>2015-09-19T15:37:43.874Z</time>
    </trkpt>
    <trkpt lat="42.152998" lon="2.539759">
        <ele>683.3</ele>
        <time>2015-09-19T15:38:08.874Z</time>
    </trkpt>
    <trkpt lat="42.153088" lon="2.539711">
        <ele>682.8</ele>
        <time>2015-09-19T15:38:19.874Z</time>
    </trkpt>
    <trkpt lat="42.153179" lon="2.539699">
        <ele>683.8</ele>
        <time>2015-09-19T15:38:28.874Z</time>
    </trkpt>
    <trkpt lat="42.153281" lon="2.539725">
        <ele>684.9</ele>
        <time>2015-09-19T15:38:39.874Z</time>
    </trkpt>
    <trkpt lat="42.153385" lon="2.53975">
        <ele>686.4</ele>
        <time>2015-09-19T15:38:49.874Z</time>
    </trkpt>
    <trkpt lat="42.153467" lon="2.539811">
        <ele>687.0</ele>
        <time>2015-09-19T15:38:56.874Z</time>
    </trkpt>
    <trkpt lat="42.153567" lon="2.53987">
        <ele>688.1</ele>
        <time>2015-09-19T15:39:07.874Z</time>
    </trkpt>
    <trkpt lat="42.153651" lon="2.539951">
        <ele>689.3</ele>
        <time>2015-09-19T15:39:14.874Z</time>
    </trkpt>
    <trkpt lat="42.153701" lon="2.540056">
        <ele>691.2</ele>
        <time>2015-09-19T15:39:24.874Z</time>
    </trkpt>
    <trkpt lat="42.153766" lon="2.540152">
        <ele>692.9</ele>
        <time>2015-09-19T15:39:31.874Z</time>
    </trkpt>
    <trkpt lat="42.153855" lon="2.540217">
        <ele>693.5</ele>
        <time>2015-09-19T15:39:39.874Z</time>
    </trkpt>
    <trkpt lat="42.153855" lon="2.540217">
        <ele>693.5</ele>
        <time>2015-09-19T15:39:39.874Z</time>
    </trkpt>
    <trkpt lat="42.153952" lon="2.540249">
        <ele>695.8</ele>
        <time>2015-09-19T15:39:45.874Z</time>
    </trkpt>
    <trkpt lat="42.154045" lon="2.540267">
        <ele>696.7</ele>
        <time>2015-09-19T15:39:52.874Z</time>
    </trkpt>
    <trkpt lat="42.154135" lon="2.540298">
        <ele>697.1</ele>
        <time>2015-09-19T15:39:57.874Z</time>
    </trkpt>
    <trkpt lat="42.154211" lon="2.540365">
        <ele>697.3</ele>
        <time>2015-09-19T15:40:04.874Z</time>
    </trkpt>
    <trkpt lat="42.154303" lon="2.540399">
        <ele>697.3</ele>
        <time>2015-09-19T15:40:12.874Z</time>
    </trkpt>
    <trkpt lat="42.154398" lon="2.540408">
        <ele>697.9</ele>
        <time>2015-09-19T15:40:21.874Z</time>
    </trkpt>
    <trkpt lat="42.154508" lon="2.540395">
        <ele>698.1</ele>
        <time>2015-09-19T15:40:29.874Z</time>
    </trkpt>
    <trkpt lat="42.154605" lon="2.540387">
        <ele>698.0</ele>
        <time>2015-09-19T15:40:33.874Z</time>
    </trkpt>
    <trkpt lat="42.154711" lon="2.540395">
        <ele>698.0</ele>
        <time>2015-09-19T15:40:41.874Z</time>
    </trkpt>
    <trkpt lat="42.154807" lon="2.540435">
        <ele>697.5</ele>
        <time>2015-09-19T15:40:48.874Z</time>
    </trkpt>
    <trkpt lat="42.154886" lon="2.540495">
        <ele>696.2</ele>
        <time>2015-09-19T15:40:57.874Z</time>
    </trkpt>
    <trkpt lat="42.154967" lon="2.540572">
        <ele>695.3</ele>
        <time>2015-09-19T15:41:05.874Z</time>
    </trkpt>
    <trkpt lat="42.155058" lon="2.540605">
        <ele>695.0</ele>
        <time>2015-09-19T15:41:11.874Z</time>
    </trkpt>
    <trkpt lat="42.155149" lon="2.540635">
        <ele>694.1</ele>
        <time>2015-09-19T15:41:21.874Z</time>
    </trkpt>
    <trkpt lat="42.155241" lon="2.540675">
        <ele>693.1</ele>
        <time>2015-09-19T15:41:31.874Z</time>
    </trkpt>
    <trkpt lat="42.155338" lon="2.540719">
        <ele>692.4</ele>
        <time>2015-09-19T15:41:40.874Z</time>
    </trkpt>
    <trkpt lat="42.155435" lon="2.540748">
        <ele>691.8</ele>
        <time>2015-09-19T15:41:49.874Z</time>
    </trkpt>
    <trkpt lat="42.155539" lon="2.540733">
        <ele>687.7</ele>
        <time>2015-09-19T15:42:40.874Z</time>
    </trkpt>
    <trkpt lat="42.155613" lon="2.540829">
        <ele>686.5</ele>
        <time>2015-09-19T15:42:54.874Z</time>
    </trkpt>
    <trkpt lat="42.155637" lon="2.540969">
        <ele>685.3</ele>
        <time>2015-09-19T15:43:01.874Z</time>
    </trkpt>
    <trkpt lat="42.155724" lon="2.541004">
        <ele>683.5</ele>
        <time>2015-09-19T15:43:12.874Z</time>
    </trkpt>
    <trkpt lat="42.155778" lon="2.540904">
        <ele>682.6</ele>
        <time>2015-09-19T15:43:19.874Z</time>
    </trkpt>
    <trkpt lat="42.155822" lon="2.540792">
        <ele>681.9</ele>
        <time>2015-09-19T15:43:29.874Z</time>
    </trkpt>
    <trkpt lat="42.155874" lon="2.540678">
        <ele>681.8</ele>
        <time>2015-09-19T15:43:36.874Z</time>
    </trkpt>
    <trkpt lat="42.155938" lon="2.540564">
        <ele>681.4</ele>
        <time>2015-09-19T15:43:44.874Z</time>
    </trkpt>
    <trkpt lat="42.156" lon="2.540434">
        <ele>681.2</ele>
        <time>2015-09-19T15:43:50.874Z</time>
    </trkpt>
    <trkpt lat="42.156034" lon="2.540313">
        <ele>680.8</ele>
        <time>2015-09-19T15:43:57.874Z</time>
    </trkpt>
    <trkpt lat="42.156083" lon="2.540187">
        <ele>680.5</ele>
        <time>2015-09-19T15:44:05.874Z</time>
    </trkpt>
    <trkpt lat="42.156145" lon="2.540094">
        <ele>679.7</ele>
        <time>2015-09-19T15:44:12.874Z</time>
    </trkpt>
    <trkpt lat="42.156216" lon="2.539999">
        <ele>679.0</ele>
        <time>2015-09-19T15:44:20.874Z</time>
    </trkpt>
    <trkpt lat="42.156241" lon="2.539865">
        <ele>678.3</ele>
        <time>2015-09-19T15:44:27.874Z</time>
    </trkpt>
    <trkpt lat="42.156193" lon="2.53976">
        <ele>678.5</ele>
        <time>2015-09-19T15:44:34.874Z</time>
    </trkpt>
    <trkpt lat="42.156126" lon="2.539666">
        <ele>678.6</ele>
        <time>2015-09-19T15:44:40.874Z</time>
    </trkpt>
    <trkpt lat="42.156068" lon="2.539565">
        <ele>678.4</ele>
        <time>2015-09-19T15:44:46.874Z</time>
    </trkpt>
    <trkpt lat="42.156012" lon="2.539461">
        <ele>678.7</ele>
        <time>2015-09-19T15:44:54.874Z</time>
    </trkpt>
    <trkpt lat="42.155966" lon="2.539341">
        <ele>678.9</ele>
        <time>2015-09-19T15:45:02.874Z</time>
    </trkpt>
    <trkpt lat="42.155904" lon="2.539251">
        <ele>679.3</ele>
        <time>2015-09-19T15:45:09.874Z</time>
    </trkpt>
    <trkpt lat="42.15582" lon="2.539154">
        <ele>679.1</ele>
        <time>2015-09-19T15:45:22.874Z</time>
    </trkpt>
    <trkpt lat="42.15579" lon="2.539014">
        <ele>678.8</ele>
        <time>2015-09-19T15:45:30.874Z</time>
    </trkpt>
    <trkpt lat="42.155789" lon="2.538891">
        <ele>678.2</ele>
        <time>2015-09-19T15:45:36.874Z</time>
    </trkpt>
    <trkpt lat="42.155767" lon="2.538752">
        <ele>678.0</ele>
        <time>2015-09-19T15:46:09.874Z</time>
    </trkpt>
    <trkpt lat="42.155752" lon="2.53862">
        <ele>678.0</ele>
        <time>2015-09-19T15:46:15.874Z</time>
    </trkpt>
    <trkpt lat="42.15575" lon="2.538485">
        <ele>677.9</ele>
        <time>2015-09-19T15:46:23.874Z</time>
    </trkpt>
    <trkpt lat="42.155781" lon="2.538364">
        <ele>677.9</ele>
        <time>2015-09-19T15:46:30.874Z</time>
    </trkpt>
    <trkpt lat="42.155834" lon="2.538253">
        <ele>678.0</ele>
        <time>2015-09-19T15:46:39.874Z</time>
    </trkpt>
    <trkpt lat="42.155918" lon="2.538156">
        <ele>677.6</ele>
        <time>2015-09-19T15:46:47.874Z</time>
    </trkpt>
    <trkpt lat="42.156014" lon="2.538148">
        <ele>677.3</ele>
        <time>2015-09-19T15:46:56.874Z</time>
    </trkpt>
    <trkpt lat="42.156101" lon="2.538111">
        <ele>676.0</ele>
        <time>2015-09-19T15:47:09.874Z</time>
    </trkpt>
    <trkpt lat="42.15616" lon="2.538016">
        <ele>673.0</ele>
        <time>2015-09-19T15:48:30.874Z</time>
    </trkpt>
    <trkpt lat="42.156251" lon="2.537963">
        <ele>671.8</ele>
        <time>2015-09-19T15:48:45.874Z</time>
    </trkpt>
    <trkpt lat="42.15624" lon="2.538095">
        <ele>670.1</ele>
        <time>2015-09-19T15:48:54.874Z</time>
    </trkpt>
    <trkpt lat="42.156197" lon="2.538239">
        <ele>669.7</ele>
        <time>2015-09-19T15:49:02.874Z</time>
    </trkpt>
    <trkpt lat="42.156187" lon="2.538363">
        <ele>668.8</ele>
        <time>2015-09-19T15:49:09.874Z</time>
    </trkpt>
    <trkpt lat="42.156187" lon="2.538363">
        <ele>668.9</ele>
        <time>2015-09-19T15:49:09.874Z</time>
    </trkpt>
    <trkpt lat="42.156205" lon="2.538513">
        <ele>668.0</ele>
        <time>2015-09-19T15:49:14.874Z</time>
    </trkpt>
    <trkpt lat="42.156242" lon="2.538638">
        <ele>666.9</ele>
        <time>2015-09-19T15:49:20.874Z</time>
    </trkpt>
    <trkpt lat="42.156278" lon="2.53876">
        <ele>665.5</ele>
        <time>2015-09-19T15:49:28.874Z</time>
    </trkpt>
    <trkpt lat="42.156319" lon="2.538871">
        <ele>664.7</ele>
        <time>2015-09-19T15:49:34.874Z</time>
    </trkpt>
    <trkpt lat="42.156416" lon="2.538971">
        <ele>664.4</ele>
        <time>2015-09-19T15:49:44.874Z</time>
    </trkpt>
    <trkpt lat="42.156521" lon="2.539015">
        <ele>664.8</ele>
        <time>2015-09-19T15:49:51.874Z</time>
    </trkpt>
    <trkpt lat="42.156613" lon="2.538997">
        <ele>664.8</ele>
        <time>2015-09-19T15:49:58.874Z</time>
    </trkpt>
    <trkpt lat="42.156694" lon="2.538909">
        <ele>664.2</ele>
        <time>2015-09-19T15:50:15.874Z</time>
    </trkpt>
    <trkpt lat="42.156767" lon="2.538836">
        <ele>663.8</ele>
        <time>2015-09-19T15:50:20.874Z</time>
    </trkpt>
    <trkpt lat="42.15685" lon="2.538748">
        <ele>663.1</ele>
        <time>2015-09-19T15:50:26.874Z</time>
    </trkpt>
    <trkpt lat="42.156936" lon="2.538667">
        <ele>662.5</ele>
        <time>2015-09-19T15:50:33.874Z</time>
    </trkpt>
    <trkpt lat="42.157028" lon="2.538612">
        <ele>661.3</ele>
        <time>2015-09-19T15:50:41.874Z</time>
    </trkpt>
    <trkpt lat="42.157114" lon="2.538649">
        <ele>659.9</ele>
        <time>2015-09-19T15:50:49.874Z</time>
    </trkpt>
    <trkpt lat="42.157115" lon="2.538778">
        <ele>658.9</ele>
        <time>2015-09-19T15:50:56.874Z</time>
    </trkpt>
    <trkpt lat="42.157057" lon="2.538881">
        <ele>658.7</ele>
        <time>2015-09-19T15:51:05.874Z</time>
    </trkpt>
    <trkpt lat="42.156983" lon="2.538977">
        <ele>659.3</ele>
        <time>2015-09-19T15:51:19.874Z</time>
    </trkpt>
    <trkpt lat="42.156912" lon="2.539073">
        <ele>659.8</ele>
        <time>2015-09-19T15:51:28.874Z</time>
    </trkpt>
    <trkpt lat="42.156863" lon="2.539179">
        <ele>659.9</ele>
        <time>2015-09-19T15:51:38.874Z</time>
    </trkpt>
    <trkpt lat="42.156822" lon="2.539304">
        <ele>661.0</ele>
        <time>2015-09-19T15:51:46.874Z</time>
    </trkpt>
    <trkpt lat="42.156774" lon="2.539419">
        <ele>662.9</ele>
        <time>2015-09-19T15:51:56.874Z</time>
    </trkpt>
    <trkpt lat="42.156695" lon="2.539477">
        <ele>663.9</ele>
        <time>2015-09-19T15:52:03.874Z</time>
    </trkpt>
    <trkpt lat="42.156623" lon="2.539554">
        <ele>664.8</ele>
        <time>2015-09-19T15:52:09.874Z</time>
    </trkpt>
    <trkpt lat="42.156536" lon="2.53959">
        <ele>666.0</ele>
        <time>2015-09-19T15:52:17.874Z</time>
    </trkpt>
    <trkpt lat="42.156461" lon="2.539659">
        <ele>667.7</ele>
        <time>2015-09-19T15:52:38.874Z</time>
    </trkpt>
    <trkpt lat="42.156379" lon="2.539727">
        <ele>668.5</ele>
        <time>2015-09-19T15:52:47.874Z</time>
    </trkpt>
    <trkpt lat="42.156285" lon="2.53979">
        <ele>669.2</ele>
        <time>2015-09-19T15:52:55.874Z</time>
    </trkpt>
    <trkpt lat="42.156217" lon="2.53988">
        <ele>669.8</ele>
        <time>2015-09-19T15:53:01.874Z</time>
    </trkpt>
    <trkpt lat="42.156164" lon="2.539993">
        <ele>670.1</ele>
        <time>2015-09-19T15:53:07.874Z</time>
    </trkpt>
    <trkpt lat="42.156111" lon="2.540097">
        <ele>669.7</ele>
        <time>2015-09-19T15:53:14.874Z</time>
    </trkpt>
    <trkpt lat="42.156068" lon="2.540221">
        <ele>669.2</ele>
        <time>2015-09-19T15:53:21.874Z</time>
    </trkpt>
    <trkpt lat="42.156021" lon="2.540337">
        <ele>669.4</ele>
        <time>2015-09-19T15:53:28.874Z</time>
    </trkpt>
    <trkpt lat="42.155958" lon="2.540448">
        <ele>669.6</ele>
        <time>2015-09-19T15:53:35.874Z</time>
    </trkpt>
    <trkpt lat="42.155907" lon="2.540565">
        <ele>669.4</ele>
        <time>2015-09-19T15:53:42.874Z</time>
    </trkpt>
    <trkpt lat="42.155859" lon="2.540671">
        <ele>669.5</ele>
        <time>2015-09-19T15:53:48.874Z</time>
    </trkpt>
    <trkpt lat="42.155802" lon="2.540781">
        <ele>670.3</ele>
        <time>2015-09-19T15:53:56.874Z</time>
    </trkpt>
    <trkpt lat="42.155736" lon="2.540874">
        <ele>670.5</ele>
        <time>2015-09-19T15:54:02.874Z</time>
    </trkpt>
    <trkpt lat="42.155684" lon="2.540977">
        <ele>671.3</ele>
        <time>2015-09-19T15:54:10.874Z</time>
    </trkpt>
    <trkpt lat="42.155602" lon="2.540907">
        <ele>672.3</ele>
        <time>2015-09-19T15:54:31.874Z</time>
    </trkpt>
    <trkpt lat="42.155589" lon="2.540773">
        <ele>673.2</ele>
        <time>2015-09-19T15:54:39.874Z</time>
    </trkpt>
    <trkpt lat="42.155527" lon="2.540675">
        <ele>674.2</ele>
        <time>2015-09-19T15:54:48.874Z</time>
    </trkpt>
    <trkpt lat="42.155436" lon="2.540712">
        <ele>675.2</ele>
        <time>2015-09-19T15:54:58.874Z</time>
    </trkpt>
    <trkpt lat="42.155342" lon="2.540732">
        <ele>676.3</ele>
        <time>2015-09-19T15:55:08.874Z</time>
    </trkpt>
    <trkpt lat="42.155255" lon="2.540687">
        <ele>677.0</ele>
        <time>2015-09-19T15:55:19.874Z</time>
    </trkpt>
    <trkpt lat="42.155255" lon="2.540687">
        <ele>676.9</ele>
        <time>2015-09-19T15:55:19.874Z</time>
    </trkpt>
    <trkpt lat="42.155156" lon="2.540664">
        <ele>678.2</ele>
        <time>2015-09-19T15:55:28.874Z</time>
    </trkpt>
    <trkpt lat="42.155065" lon="2.540608">
        <ele>679.3</ele>
        <time>2015-09-19T15:55:36.874Z</time>
    </trkpt>
    <trkpt lat="42.154987" lon="2.540524">
        <ele>680.9</ele>
        <time>2015-09-19T15:55:45.874Z</time>
    </trkpt>
    <trkpt lat="42.154912" lon="2.540451">
        <ele>682.3</ele>
        <time>2015-09-19T15:55:56.874Z</time>
    </trkpt>
    <trkpt lat="42.154834" lon="2.540383">
        <ele>683.2</ele>
        <time>2015-09-19T15:56:06.874Z</time>
    </trkpt>
    <trkpt lat="42.154745" lon="2.540347">
        <ele>684.1</ele>
        <time>2015-09-19T15:56:14.874Z</time>
    </trkpt>
    <trkpt lat="42.154653" lon="2.540323">
        <ele>685.0</ele>
        <time>2015-09-19T15:56:35.874Z</time>
    </trkpt>
    <trkpt lat="42.154653" lon="2.540323">
        <ele>684.9</ele>
        <time>2015-09-19T15:56:35.874Z</time>
    </trkpt>
    <trkpt lat="42.154549" lon="2.540343">
        <ele>685.0</ele>
        <time>2015-09-19T15:56:43.874Z</time>
    </trkpt>
    <trkpt lat="42.154458" lon="2.540383">
        <ele>684.9</ele>
        <time>2015-09-19T15:56:52.874Z</time>
    </trkpt>
    <trkpt lat="42.154364" lon="2.540403">
        <ele>686.6</ele>
        <time>2015-09-19T15:57:05.874Z</time>
    </trkpt>
    <trkpt lat="42.154293" lon="2.540319">
        <ele>688.3</ele>
        <time>2015-09-19T15:57:16.874Z</time>
    </trkpt>
    <trkpt lat="42.154213" lon="2.540263">
        <ele>689.9</ele>
        <time>2015-09-19T15:57:23.874Z</time>
    </trkpt>
    <trkpt lat="42.154147" lon="2.54017">
        <ele>691.4</ele>
        <time>2015-09-19T15:57:30.874Z</time>
    </trkpt>
    <trkpt lat="42.154054" lon="2.540117">
        <ele>692.8</ele>
        <time>2015-09-19T15:57:38.874Z</time>
    </trkpt>
    <trkpt lat="42.153976" lon="2.540047">
        <ele>693.7</ele>
        <time>2015-09-19T15:57:47.874Z</time>
    </trkpt>
    <trkpt lat="42.153895" lon="2.53998">
        <ele>695.5</ele>
        <time>2015-09-19T15:57:57.874Z</time>
    </trkpt>
    <trkpt lat="42.153803" lon="2.539912">
        <ele>696.6</ele>
        <time>2015-09-19T15:58:05.874Z</time>
    </trkpt>
    <trkpt lat="42.153725" lon="2.539828">
        <ele>697.4</ele>
        <time>2015-09-19T15:58:13.874Z</time>
    </trkpt>
    <trkpt lat="42.153639" lon="2.539784">
        <ele>697.5</ele>
        <time>2015-09-19T15:58:17.874Z</time>
    </trkpt>
    <trkpt lat="42.153526" lon="2.5398">
        <ele>697.5</ele>
        <time>2015-09-19T15:58:22.874Z</time>
    </trkpt>
    <trkpt lat="42.153436" lon="2.539799">
        <ele>697.6</ele>
        <time>2015-09-19T15:58:28.874Z</time>
    </trkpt>
    <trkpt lat="42.153345" lon="2.539763">
        <ele>697.9</ele>
        <time>2015-09-19T15:58:34.874Z</time>
    </trkpt>
    <trkpt lat="42.153249" lon="2.539726">
        <ele>698.2</ele>
        <time>2015-09-19T15:58:43.874Z</time>
    </trkpt>
    <trkpt lat="42.153155" lon="2.539746">
        <ele>698.7</ele>
        <time>2015-09-19T15:58:52.874Z</time>
    </trkpt>
    <trkpt lat="42.153064" lon="2.539737">
        <ele>698.8</ele>
        <time>2015-09-19T15:59:02.874Z</time>
    </trkpt>
    <trkpt lat="42.152968" lon="2.539754">
        <ele>697.3</ele>
        <time>2015-09-19T15:59:10.874Z</time>
    </trkpt>
    <trkpt lat="42.152877" lon="2.539793">
        <ele>696.2</ele>
        <time>2015-09-19T15:59:16.874Z</time>
    </trkpt>
    <trkpt lat="42.152837" lon="2.539915">
        <ele>695.5</ele>
        <time>2015-09-19T15:59:22.874Z</time>
    </trkpt>
    <trkpt lat="42.15284" lon="2.540074">
        <ele>695.1</ele>
        <time>2015-09-19T15:59:28.874Z</time>
    </trkpt>
    <trkpt lat="42.152815" lon="2.540204">
        <ele>695.0</ele>
        <time>2015-09-19T15:59:35.874Z</time>
    </trkpt>
    <trkpt lat="42.152784" lon="2.540328">
        <ele>693.7</ele>
        <time>2015-09-19T15:59:43.874Z</time>
    </trkpt>
    <trkpt lat="42.152755" lon="2.540443">
        <ele>692.1</ele>
        <time>2015-09-19T15:59:49.874Z</time>
    </trkpt>
    <trkpt lat="42.152733" lon="2.540565">
        <ele>690.5</ele>
        <time>2015-09-19T15:59:55.874Z</time>
    </trkpt>
    <trkpt lat="42.152731" lon="2.540691">
        <ele>689.0</ele>
        <time>2015-09-19T16:00:02.874Z</time>
    </trkpt>
    <trkpt lat="42.152731" lon="2.540813">
        <ele>687.5</ele>
        <time>2015-09-19T16:00:08.874Z</time>
    </trkpt>
    <trkpt lat="42.152735" lon="2.540953">
        <ele>685.7</ele>
        <time>2015-09-19T16:00:15.874Z</time>
    </trkpt>
    <trkpt lat="42.152731" lon="2.541084">
        <ele>684.3</ele>
        <time>2015-09-19T16:00:21.874Z</time>
    </trkpt>
    <trkpt lat="42.152724" lon="2.541217">
        <ele>682.8</ele>
        <time>2015-09-19T16:00:27.874Z</time>
    </trkpt>
    <trkpt lat="42.152708" lon="2.541353">
        <ele>680.9</ele>
        <time>2015-09-19T16:00:35.874Z</time>
    </trkpt>
    <trkpt lat="42.152683" lon="2.541477">
        <ele>679.6</ele>
        <time>2015-09-19T16:00:42.874Z</time>
    </trkpt>
    <trkpt lat="42.152662" lon="2.541595">
        <ele>678.5</ele>
        <time>2015-09-19T16:00:48.874Z</time>
    </trkpt>
    <trkpt lat="42.152629" lon="2.541717">
        <ele>676.7</ele>
        <time>2015-09-19T16:00:58.874Z</time>
    </trkpt>
    <trkpt lat="42.152605" lon="2.541853">
        <ele>676.0</ele>
        <time>2015-09-19T16:01:04.874Z</time>
    </trkpt>
    <trkpt lat="42.152588" lon="2.541978">
        <ele>674.8</ele>
        <time>2015-09-19T16:01:11.874Z</time>
    </trkpt>
    <trkpt lat="42.152569" lon="2.542102">
        <ele>673.7</ele>
        <time>2015-09-19T16:01:16.874Z</time>
    </trkpt>
    <trkpt lat="42.152558" lon="2.542228">
        <ele>672.9</ele>
        <time>2015-09-19T16:01:22.874Z</time>
    </trkpt>
    <trkpt lat="42.152556" lon="2.542355">
        <ele>672.1</ele>
        <time>2015-09-19T16:01:28.874Z</time>
    </trkpt>
    <trkpt lat="42.152597" lon="2.542463">
        <ele>669.0</ele>
        <time>2015-09-19T16:02:35.874Z</time>
    </trkpt>
    <trkpt lat="42.152517" lon="2.542386">
        <ele>663.7</ele>
        <time>2015-09-19T16:06:02.874Z</time>
    </trkpt>
    <trkpt lat="42.152426" lon="2.542393">
        <ele>663.5</ele>
        <time>2015-09-19T16:06:10.874Z</time>
    </trkpt>
    <trkpt lat="42.152332" lon="2.542397">
        <ele>663.6</ele>
        <time>2015-09-19T16:06:16.874Z</time>
    </trkpt>
    <trkpt lat="42.152229" lon="2.542404">
        <ele>663.4</ele>
        <time>2015-09-19T16:06:24.874Z</time>
    </trkpt>
    <trkpt lat="42.152139" lon="2.54245">
        <ele>662.8</ele>
        <time>2015-09-19T16:06:34.874Z</time>
    </trkpt>
    <trkpt lat="42.15205" lon="2.542486">
        <ele>662.8</ele>
        <time>2015-09-19T16:06:41.874Z</time>
    </trkpt>
    <trkpt lat="42.151955" lon="2.542532">
        <ele>663.1</ele>
        <time>2015-09-19T16:06:51.874Z</time>
    </trkpt>
    <trkpt lat="42.151856" lon="2.542514">
        <ele>663.2</ele>
        <time>2015-09-19T16:07:03.874Z</time>
    </trkpt>
    <trkpt lat="42.151765" lon="2.542508">
        <ele>663.5</ele>
        <time>2015-09-19T16:07:11.874Z</time>
    </trkpt>
    <trkpt lat="42.151666" lon="2.542518">
        <ele>663.4</ele>
        <time>2015-09-19T16:07:20.874Z</time>
    </trkpt>
    <trkpt lat="42.151566" lon="2.542538">
        <ele>663.9</ele>
        <time>2015-09-19T16:07:28.874Z</time>
    </trkpt>
    <trkpt lat="42.151476" lon="2.542555">
        <ele>664.5</ele>
        <time>2015-09-19T16:07:35.874Z</time>
    </trkpt>
    <trkpt lat="42.151386" lon="2.542573">
        <ele>664.7</ele>
        <time>2015-09-19T16:07:42.874Z</time>
    </trkpt>
    <trkpt lat="42.151287" lon="2.542584">
        <ele>664.4</ele>
        <time>2015-09-19T16:07:51.874Z</time>
    </trkpt>
    <trkpt lat="42.151198" lon="2.542611">
        <ele>664.8</ele>
        <time>2015-09-19T16:07:59.874Z</time>
    </trkpt>
    <trkpt lat="42.151104" lon="2.54265">
        <ele>665.5</ele>
        <time>2015-09-19T16:08:06.874Z</time>
    </trkpt>
    <trkpt lat="42.151002" lon="2.542655">
        <ele>665.1</ele>
        <time>2015-09-19T16:08:14.874Z</time>
    </trkpt>
    <trkpt lat="42.150903" lon="2.542691">
        <ele>665.3</ele>
        <time>2015-09-19T16:08:22.874Z</time>
    </trkpt>
    <trkpt lat="42.150816" lon="2.542724">
        <ele>665.7</ele>
        <time>2015-09-19T16:08:29.874Z</time>
    </trkpt>
    <trkpt lat="42.150724" lon="2.542759">
        <ele>666.1</ele>
        <time>2015-09-19T16:08:36.874Z</time>
    </trkpt>
    <trkpt lat="42.150627" lon="2.542792">
        <ele>667.0</ele>
        <time>2015-09-19T16:08:48.874Z</time>
    </trkpt>
    <trkpt lat="42.150542" lon="2.542866">
        <ele>667.3</ele>
        <time>2015-09-19T16:08:55.874Z</time>
    </trkpt>
    <trkpt lat="42.150463" lon="2.542941">
        <ele>667.3</ele>
        <time>2015-09-19T16:09:02.874Z</time>
    </trkpt>
    <trkpt lat="42.150421" lon="2.543054">
        <ele>667.4</ele>
        <time>2015-09-19T16:09:08.874Z</time>
    </trkpt>
    <trkpt lat="42.150455" lon="2.543184">
        <ele>667.3</ele>
        <time>2015-09-19T16:09:16.874Z</time>
    </trkpt>
    <trkpt lat="42.150498" lon="2.543306">
        <ele>666.7</ele>
        <time>2015-09-19T16:09:23.874Z</time>
    </trkpt>
    <trkpt lat="42.150581" lon="2.54336">
        <ele>666.3</ele>
        <time>2015-09-19T16:09:38.874Z</time>
    </trkpt>
    <trkpt lat="42.150653" lon="2.543457">
        <ele>665.7</ele>
        <time>2015-09-19T16:10:10.874Z</time>
    </trkpt>
    <trkpt lat="42.150701" lon="2.543563">
        <ele>665.1</ele>
        <time>2015-09-19T16:10:22.874Z</time>
    </trkpt>
    <trkpt lat="42.150751" lon="2.543666">
        <ele>664.5</ele>
        <time>2015-09-19T16:10:29.874Z</time>
    </trkpt>
    <trkpt lat="42.150825" lon="2.543742">
        <ele>664.2</ele>
        <time>2015-09-19T16:10:35.874Z</time>
    </trkpt>
    <trkpt lat="42.150902" lon="2.543805">
        <ele>664.0</ele>
        <time>2015-09-19T16:10:40.874Z</time>
    </trkpt>
    <trkpt lat="42.150986" lon="2.543889">
        <ele>663.1</ele>
        <time>2015-09-19T16:10:48.874Z</time>
    </trkpt>
    <trkpt lat="42.151073" lon="2.543954">
        <ele>661.8</ele>
        <time>2015-09-19T16:10:55.874Z</time>
    </trkpt>
    <trkpt lat="42.151157" lon="2.544025">
        <ele>661.2</ele>
        <time>2015-09-19T16:11:02.874Z</time>
    </trkpt>
    <trkpt lat="42.151252" lon="2.544083">
        <ele>660.9</ele>
        <time>2015-09-19T16:11:08.874Z</time>
    </trkpt>
    <trkpt lat="42.151335" lon="2.544131">
        <ele>659.9</ele>
        <time>2015-09-19T16:11:15.874Z</time>
    </trkpt>
    <trkpt lat="42.151432" lon="2.544163">
        <ele>659.1</ele>
        <time>2015-09-19T16:11:21.874Z</time>
    </trkpt>
    <trkpt lat="42.151514" lon="2.544226">
        <ele>657.6</ele>
        <time>2015-09-19T16:11:28.874Z</time>
    </trkpt>
    <trkpt lat="42.151595" lon="2.544297">
        <ele>656.5</ele>
        <time>2015-09-19T16:11:36.874Z</time>
    </trkpt>
    <trkpt lat="42.151657" lon="2.544397">
        <ele>655.3</ele>
        <time>2015-09-19T16:11:45.874Z</time>
    </trkpt>
    <trkpt lat="42.151742" lon="2.544469">
        <ele>654.7</ele>
        <time>2015-09-19T16:11:51.874Z</time>
    </trkpt>
    <trkpt lat="42.151809" lon="2.544559">
        <ele>654.3</ele>
        <time>2015-09-19T16:11:59.874Z</time>
    </trkpt>
    <trkpt lat="42.151896" lon="2.544665">
        <ele>653.7</ele>
        <time>2015-09-19T16:12:07.874Z</time>
    </trkpt>
    <trkpt lat="42.151972" lon="2.544781">
        <ele>653.1</ele>
        <time>2015-09-19T16:12:15.874Z</time>
    </trkpt>
    <trkpt lat="42.152031" lon="2.544894">
        <ele>652.6</ele>
        <time>2015-09-19T16:12:23.874Z</time>
    </trkpt>
    <trkpt lat="42.152091" lon="2.544993">
        <ele>652.1</ele>
        <time>2015-09-19T16:12:28.874Z</time>
    </trkpt>
    <trkpt lat="42.152162" lon="2.545099">
        <ele>651.1</ele>
        <time>2015-09-19T16:12:36.874Z</time>
    </trkpt>
    <trkpt lat="42.152212" lon="2.545218">
        <ele>650.4</ele>
        <time>2015-09-19T16:12:43.874Z</time>
    </trkpt>
    <trkpt lat="42.152252" lon="2.545341">
        <ele>649.8</ele>
        <time>2015-09-19T16:12:50.874Z</time>
    </trkpt>
    <trkpt lat="42.152287" lon="2.545462">
        <ele>649.6</ele>
        <time>2015-09-19T16:12:58.874Z</time>
    </trkpt>
    <trkpt lat="42.152317" lon="2.545587">
        <ele>649.5</ele>
        <time>2015-09-19T16:13:04.874Z</time>
    </trkpt>
    <trkpt lat="42.152347" lon="2.545716">
        <ele>649.3</ele>
        <time>2015-09-19T16:13:12.874Z</time>
    </trkpt>
    <trkpt lat="42.152381" lon="2.54583">
        <ele>649.1</ele>
        <time>2015-09-19T16:13:18.874Z</time>
    </trkpt>
    <trkpt lat="42.152397" lon="2.545953">
        <ele>648.6</ele>
        <time>2015-09-19T16:13:24.874Z</time>
    </trkpt>
    <trkpt lat="42.152395" lon="2.546077">
        <ele>648.0</ele>
        <time>2015-09-19T16:13:30.874Z</time>
    </trkpt>
    <trkpt lat="42.152412" lon="2.546198">
        <ele>647.8</ele>
        <time>2015-09-19T16:13:35.874Z</time>
    </trkpt>
    <trkpt lat="42.152424" lon="2.546334">
        <ele>647.5</ele>
        <time>2015-09-19T16:13:42.874Z</time>
    </trkpt>
    <trkpt lat="42.152441" lon="2.546469">
        <ele>647.4</ele>
        <time>2015-09-19T16:13:48.874Z</time>
    </trkpt>
    <trkpt lat="42.152473" lon="2.546597">
        <ele>647.1</ele>
        <time>2015-09-19T16:13:55.874Z</time>
    </trkpt>
    <trkpt lat="42.152483" lon="2.546721">
        <ele>646.9</ele>
        <time>2015-09-19T16:14:01.874Z</time>
    </trkpt>
    <trkpt lat="42.152482" lon="2.546854">
        <ele>646.2</ele>
        <time>2015-09-19T16:14:08.874Z</time>
    </trkpt>
    <trkpt lat="42.152489" lon="2.546987">
        <ele>645.9</ele>
        <time>2015-09-19T16:14:14.874Z</time>
    </trkpt>
    <trkpt lat="42.152526" lon="2.547104">
        <ele>645.5</ele>
        <time>2015-09-19T16:14:20.874Z</time>
    </trkpt>
    <trkpt lat="42.152555" lon="2.547223">
        <ele>644.3</ele>
        <time>2015-09-19T16:15:03.874Z</time>
    </trkpt>
    <trkpt lat="42.152532" lon="2.547346">
        <ele>643.4</ele>
        <time>2015-09-19T16:15:13.874Z</time>
    </trkpt>
    <trkpt lat="42.152519" lon="2.547488">
        <ele>642.7</ele>
        <time>2015-09-19T16:15:21.874Z</time>
    </trkpt>
    <trkpt lat="42.152494" lon="2.547621">
        <ele>642.6</ele>
        <time>2015-09-19T16:15:28.874Z</time>
    </trkpt>
    <trkpt lat="42.152497" lon="2.54776">
        <ele>642.8</ele>
        <time>2015-09-19T16:15:35.874Z</time>
    </trkpt>
    <trkpt lat="42.152518" lon="2.547882">
        <ele>642.7</ele>
        <time>2015-09-19T16:15:41.874Z</time>
    </trkpt>
    <trkpt lat="42.152542" lon="2.54801">
        <ele>642.5</ele>
        <time>2015-09-19T16:15:48.874Z</time>
    </trkpt>
    <trkpt lat="42.152582" lon="2.548123">
        <ele>641.9</ele>
        <time>2015-09-19T16:15:58.874Z</time>
    </trkpt>
    <trkpt lat="42.152615" lon="2.548248">
        <ele>641.2</ele>
        <time>2015-09-19T16:16:05.874Z</time>
    </trkpt>
    <trkpt lat="42.152588" lon="2.548364">
        <ele>640.9</ele>
        <time>2015-09-19T16:16:13.874Z</time>
    </trkpt>
    <trkpt lat="42.152601" lon="2.548497">
        <ele>640.9</ele>
        <time>2015-09-19T16:16:19.874Z</time>
    </trkpt>
    <trkpt lat="42.152606" lon="2.548628">
        <ele>640.5</ele>
        <time>2015-09-19T16:16:27.874Z</time>
    </trkpt>
    <trkpt lat="42.152614" lon="2.548763">
        <ele>639.7</ele>
        <time>2015-09-19T16:16:34.874Z</time>
    </trkpt>
    <trkpt lat="42.152639" lon="2.548915">
        <ele>638.8</ele>
        <time>2015-09-19T16:16:42.874Z</time>
    </trkpt>
    <trkpt lat="42.15267" lon="2.549038">
        <ele>637.7</ele>
        <time>2015-09-19T16:16:48.874Z</time>
    </trkpt>
    <trkpt lat="42.152737" lon="2.549121">
        <ele>636.6</ele>
        <time>2015-09-19T16:16:55.874Z</time>
    </trkpt>
    <trkpt lat="42.152808" lon="2.549212">
        <ele>634.6</ele>
        <time>2015-09-19T16:17:03.874Z</time>
    </trkpt>
    <trkpt lat="42.152865" lon="2.549317">
        <ele>633.2</ele>
        <time>2015-09-19T16:17:11.874Z</time>
    </trkpt>
    <trkpt lat="42.152933" lon="2.549412">
        <ele>631.7</ele>
        <time>2015-09-19T16:17:24.874Z</time>
    </trkpt>
    <trkpt lat="42.152989" lon="2.549511">
        <ele>630.8</ele>
        <time>2015-09-19T16:17:30.874Z</time>
    </trkpt>
    <trkpt lat="42.15306" lon="2.54961">
        <ele>630.0</ele>
        <time>2015-09-19T16:17:37.874Z</time>
    </trkpt>
    <trkpt lat="42.153121" lon="2.549715">
        <ele>629.5</ele>
        <time>2015-09-19T16:17:44.874Z</time>
    </trkpt>
    <trkpt lat="42.153175" lon="2.549818">
        <ele>629.0</ele>
        <time>2015-09-19T16:17:53.874Z</time>
    </trkpt>
    <trkpt lat="42.153231" lon="2.549915">
        <ele>628.2</ele>
        <time>2015-09-19T16:17:59.874Z</time>
    </trkpt>
    <trkpt lat="42.153307" lon="2.550015">
        <ele>627.0</ele>
        <time>2015-09-19T16:18:05.874Z</time>
    </trkpt>
    <trkpt lat="42.15337" lon="2.55012">
        <ele>625.8</ele>
        <time>2015-09-19T16:18:11.874Z</time>
    </trkpt>
    <trkpt lat="42.15347" lon="2.55021">
        <ele>624.3</ele>
        <time>2015-09-19T16:18:20.874Z</time>
    </trkpt>
    <trkpt lat="42.153548" lon="2.550281">
        <ele>623.2</ele>
        <time>2015-09-19T16:18:24.874Z</time>
    </trkpt>
    <trkpt lat="42.153621" lon="2.550364">
        <ele>621.9</ele>
        <time>2015-09-19T16:18:30.874Z</time>
    </trkpt>
    <trkpt lat="42.153677" lon="2.550463">
        <ele>620.3</ele>
        <time>2015-09-19T16:18:37.874Z</time>
    </trkpt>
    <trkpt lat="42.153746" lon="2.550558">
        <ele>618.9</ele>
        <time>2015-09-19T16:18:45.874Z</time>
    </trkpt>
    <trkpt lat="42.153817" lon="2.550636">
        <ele>617.5</ele>
        <time>2015-09-19T16:18:51.874Z</time>
    </trkpt>
    <trkpt lat="42.15388" lon="2.550747">
        <ele>616.2</ele>
        <time>2015-09-19T16:18:58.874Z</time>
    </trkpt>
    <trkpt lat="42.153966" lon="2.550834">
        <ele>614.6</ele>
        <time>2015-09-19T16:19:05.874Z</time>
    </trkpt>
    <trkpt lat="42.154033" lon="2.550941">
        <ele>612.8</ele>
        <time>2015-09-19T16:19:15.874Z</time>
    </trkpt>
    <trkpt lat="42.1541" lon="2.55104">
        <ele>611.2</ele>
        <time>2015-09-19T16:19:24.874Z</time>
    </trkpt>
    <trkpt lat="42.154163" lon="2.551135">
        <ele>610.5</ele>
        <time>2015-09-19T16:19:29.874Z</time>
    </trkpt>
    <trkpt lat="42.154256" lon="2.551187">
        <ele>609.2</ele>
        <time>2015-09-19T16:19:35.874Z</time>
    </trkpt>
    <trkpt lat="42.154335" lon="2.551268">
        <ele>607.7</ele>
        <time>2015-09-19T16:19:41.874Z</time>
    </trkpt>
    <trkpt lat="42.154418" lon="2.551346">
        <ele>606.5</ele>
        <time>2015-09-19T16:19:47.874Z</time>
    </trkpt>
    <trkpt lat="42.154509" lon="2.551415">
        <ele>605.4</ele>
        <time>2015-09-19T16:19:54.874Z</time>
    </trkpt>
    <trkpt lat="42.154598" lon="2.551487">
        <ele>604.3</ele>
        <time>2015-09-19T16:19:59.874Z</time>
    </trkpt>
    <trkpt lat="42.154697" lon="2.551531">
        <ele>602.9</ele>
        <time>2015-09-19T16:20:05.874Z</time>
    </trkpt>
    <trkpt lat="42.154785" lon="2.551571">
        <ele>602.1</ele>
        <time>2015-09-19T16:20:11.874Z</time>
    </trkpt>
    <trkpt lat="42.154879" lon="2.551628">
        <ele>600.4</ele>
        <time>2015-09-19T16:20:17.874Z</time>
    </trkpt>
    <trkpt lat="42.154956" lon="2.551699">
        <ele>599.0</ele>
        <time>2015-09-19T16:20:23.874Z</time>
    </trkpt>
    <trkpt lat="42.155047" lon="2.551752">
        <ele>597.5</ele>
        <time>2015-09-19T16:20:29.874Z</time>
    </trkpt>
    <trkpt lat="42.155122" lon="2.551823">
        <ele>595.8</ele>
        <time>2015-09-19T16:20:35.874Z</time>
    </trkpt>
    <trkpt lat="42.155216" lon="2.551909">
        <ele>593.8</ele>
        <time>2015-09-19T16:20:42.874Z</time>
    </trkpt>
    <trkpt lat="42.155304" lon="2.551986">
        <ele>592.2</ele>
        <time>2015-09-19T16:20:51.874Z</time>
    </trkpt>
    <trkpt lat="42.155384" lon="2.552054">
        <ele>591.8</ele>
        <time>2015-09-19T16:20:57.874Z</time>
    </trkpt>
    <trkpt lat="42.155464" lon="2.552138">
        <ele>590.7</ele>
        <time>2015-09-19T16:21:03.874Z</time>
    </trkpt>
    <trkpt lat="42.155527" lon="2.552243">
        <ele>589.7</ele>
        <time>2015-09-19T16:21:09.874Z</time>
    </trkpt>
    <trkpt lat="42.155607" lon="2.552317">
        <ele>588.5</ele>
        <time>2015-09-19T16:21:17.874Z</time>
    </trkpt>
    <trkpt lat="42.155679" lon="2.552392">
        <ele>587.5</ele>
        <time>2015-09-19T16:21:23.874Z</time>
    </trkpt>
    <trkpt lat="42.155756" lon="2.552473">
        <ele>586.1</ele>
        <time>2015-09-19T16:21:30.874Z</time>
    </trkpt>
    <trkpt lat="42.155824" lon="2.552564">
        <ele>585.2</ele>
        <time>2015-09-19T16:21:37.874Z</time>
    </trkpt>
    <trkpt lat="42.155886" lon="2.552678">
        <ele>583.9</ele>
        <time>2015-09-19T16:21:45.874Z</time>
    </trkpt>
    <trkpt lat="42.155952" lon="2.552763">
        <ele>582.8</ele>
        <time>2015-09-19T16:21:52.874Z</time>
    </trkpt>
    <trkpt lat="42.156018" lon="2.552854">
        <ele>582.2</ele>
        <time>2015-09-19T16:21:57.874Z</time>
    </trkpt>
    <trkpt lat="42.156082" lon="2.552953">
        <ele>580.2</ele>
        <time>2015-09-19T16:22:05.874Z</time>
    </trkpt>
    <trkpt lat="42.156145" lon="2.553046">
        <ele>579.5</ele>
        <time>2015-09-19T16:22:12.874Z</time>
    </trkpt>
    <trkpt lat="42.156211" lon="2.553132">
        <ele>578.9</ele>
        <time>2015-09-19T16:22:19.874Z</time>
    </trkpt>
    <trkpt lat="42.156287" lon="2.553229">
        <ele>578.8</ele>
        <time>2015-09-19T16:22:26.874Z</time>
    </trkpt>
    <trkpt lat="42.156365" lon="2.55332">
        <ele>578.5</ele>
        <time>2015-09-19T16:22:33.874Z</time>
    </trkpt>
    <trkpt lat="42.156429" lon="2.553406">
        <ele>578.0</ele>
        <time>2015-09-19T16:22:40.874Z</time>
    </trkpt>
    <trkpt lat="42.156506" lon="2.553481">
        <ele>577.7</ele>
        <time>2015-09-19T16:22:47.874Z</time>
    </trkpt>
    <trkpt lat="42.156585" lon="2.553554">
        <ele>576.7</ele>
        <time>2015-09-19T16:22:53.874Z</time>
    </trkpt>
    <trkpt lat="42.15667" lon="2.553626">
        <ele>576.3</ele>
        <time>2015-09-19T16:23:00.874Z</time>
    </trkpt>
    <trkpt lat="42.156748" lon="2.553688">
        <ele>576.0</ele>
        <time>2015-09-19T16:23:06.874Z</time>
    </trkpt>
    <trkpt lat="42.156836" lon="2.553758">
        <ele>575.4</ele>
        <time>2015-09-19T16:23:14.874Z</time>
    </trkpt>
    <trkpt lat="42.156936" lon="2.553801">
        <ele>575.1</ele>
        <time>2015-09-19T16:23:20.874Z</time>
    </trkpt>
    <trkpt lat="42.157018" lon="2.553852">
        <ele>575.0</ele>
        <time>2015-09-19T16:23:27.874Z</time>
    </trkpt>
    <trkpt lat="42.157122" lon="2.553853">
        <ele>573.8</ele>
        <time>2015-09-19T16:23:36.874Z</time>
    </trkpt>
    <trkpt lat="42.157224" lon="2.553891">
        <ele>573.2</ele>
        <time>2015-09-19T16:23:43.874Z</time>
    </trkpt>
    <trkpt lat="42.157316" lon="2.55395">
        <ele>572.5</ele>
        <time>2015-09-19T16:23:50.874Z</time>
    </trkpt>
    <trkpt lat="42.157395" lon="2.554039">
        <ele>571.4</ele>
        <time>2015-09-19T16:23:56.874Z</time>
    </trkpt>
    <trkpt lat="42.157484" lon="2.554057">
        <ele>570.6</ele>
        <time>2015-09-19T16:24:02.874Z</time>
    </trkpt>
    <trkpt lat="42.157583" lon="2.554078">
        <ele>570.2</ele>
        <time>2015-09-19T16:24:09.874Z</time>
    </trkpt>
    <trkpt lat="42.157675" lon="2.554127">
        <ele>570.6</ele>
        <time>2015-09-19T16:24:17.874Z</time>
    </trkpt>
    <trkpt lat="42.157768" lon="2.55413">
        <ele>570.9</ele>
        <time>2015-09-19T16:24:24.874Z</time>
    </trkpt>
    <trkpt lat="42.157846" lon="2.554209">
        <ele>570.5</ele>
        <time>2015-09-19T16:24:31.874Z</time>
    </trkpt>
    <trkpt lat="42.157926" lon="2.554274">
        <ele>571.3</ele>
        <time>2015-09-19T16:24:38.874Z</time>
    </trkpt>
    <trkpt lat="42.158007" lon="2.554355">
        <ele>571.6</ele>
        <time>2015-09-19T16:24:45.874Z</time>
    </trkpt>
    <trkpt lat="42.158096" lon="2.554373">
        <ele>571.4</ele>
        <time>2015-09-19T16:25:54.874Z</time>
    </trkpt>
    <trkpt lat="42.158162" lon="2.554474">
        <ele>571.5</ele>
        <time>2015-09-19T16:26:09.874Z</time>
    </trkpt>
    <trkpt lat="42.15824" lon="2.554536">
        <ele>571.6</ele>
        <time>2015-09-19T16:26:14.874Z</time>
    </trkpt>
    <trkpt lat="42.158322" lon="2.554611">
        <ele>571.3</ele>
        <time>2015-09-19T16:26:21.874Z</time>
    </trkpt>
    <trkpt lat="42.158383" lon="2.554704">
        <ele>570.9</ele>
        <time>2015-09-19T16:26:26.874Z</time>
    </trkpt>
    <trkpt lat="42.158445" lon="2.554813">
        <ele>570.2</ele>
        <time>2015-09-19T16:26:33.874Z</time>
    </trkpt>
    <trkpt lat="42.158507" lon="2.554902">
        <ele>570.1</ele>
        <time>2015-09-19T16:26:40.874Z</time>
    </trkpt>
    <trkpt lat="42.158562" lon="2.555">
        <ele>570.3</ele>
        <time>2015-09-19T16:26:48.874Z</time>
    </trkpt>
    <trkpt lat="42.158633" lon="2.555098">
        <ele>570.8</ele>
        <time>2015-09-19T16:27:01.874Z</time>
    </trkpt>
    <trkpt lat="42.158712" lon="2.55519">
        <ele>570.4</ele>
        <time>2015-09-19T16:27:08.874Z</time>
    </trkpt>
    <trkpt lat="42.158785" lon="2.555286">
        <ele>569.7</ele>
        <time>2015-09-19T16:27:14.874Z</time>
    </trkpt>
    <trkpt lat="42.158865" lon="2.555357">
        <ele>570.0</ele>
        <time>2015-09-19T16:27:19.874Z</time>
    </trkpt>
    <trkpt lat="42.158964" lon="2.555399">
        <ele>570.0</ele>
        <time>2015-09-19T16:27:25.874Z</time>
    </trkpt>
    <trkpt lat="42.158994" lon="2.555514">
        <ele>569.8</ele>
        <time>2015-09-19T16:27:33.874Z</time>
    </trkpt>
    <trkpt lat="42.159023" lon="2.555646">
        <ele>569.1</ele>
        <time>2015-09-19T16:27:41.874Z</time>
    </trkpt>
    <trkpt lat="42.159038" lon="2.555769">
        <ele>568.5</ele>
        <time>2015-09-19T16:27:48.874Z</time>
    </trkpt>
    <trkpt lat="42.15906" lon="2.55589">
        <ele>568.2</ele>
        <time>2015-09-19T16:27:52.874Z</time>
    </trkpt>
    <trkpt lat="42.159056" lon="2.556017">
        <ele>567.6</ele>
        <time>2015-09-19T16:28:00.874Z</time>
    </trkpt>
    <trkpt lat="42.1591" lon="2.556147">
        <ele>566.8</ele>
        <time>2015-09-19T16:28:07.874Z</time>
    </trkpt>
    <trkpt lat="42.159092" lon="2.556284">
        <ele>565.9</ele>
        <time>2015-09-19T16:28:13.874Z</time>
    </trkpt>
    <trkpt lat="42.159062" lon="2.556416">
        <ele>564.9</ele>
        <time>2015-09-19T16:28:22.874Z</time>
    </trkpt>
    <trkpt lat="42.15905" lon="2.55655">
        <ele>564.3</ele>
        <time>2015-09-19T16:28:31.874Z</time>
    </trkpt>
    <trkpt lat="42.159034" lon="2.556671">
        <ele>564.2</ele>
        <time>2015-09-19T16:28:36.874Z</time>
    </trkpt>
    <trkpt lat="42.159035" lon="2.556799">
        <ele>563.8</ele>
        <time>2015-09-19T16:28:42.874Z</time>
    </trkpt>
    <trkpt lat="42.159002" lon="2.556919">
        <ele>563.3</ele>
        <time>2015-09-19T16:28:49.874Z</time>
    </trkpt>
    <trkpt lat="42.158964" lon="2.557037">
        <ele>562.5</ele>
        <time>2015-09-19T16:28:55.874Z</time>
    </trkpt>
    <trkpt lat="42.158969" lon="2.557166">
        <ele>562.5</ele>
        <time>2015-09-19T16:29:04.874Z</time>
    </trkpt>
    <trkpt lat="42.158936" lon="2.557283">
        <ele>562.5</ele>
        <time>2015-09-19T16:29:10.874Z</time>
    </trkpt>
    <trkpt lat="42.158938" lon="2.557413">
        <ele>562.1</ele>
        <time>2015-09-19T16:29:17.874Z</time>
    </trkpt>
    <trkpt lat="42.158893" lon="2.557539">
        <ele>560.7</ele>
        <time>2015-09-19T16:29:36.874Z</time>
    </trkpt>
    <trkpt lat="42.158844" lon="2.557651">
        <ele>560.6</ele>
        <time>2015-09-19T16:29:44.874Z</time>
    </trkpt>
    <trkpt lat="42.158784" lon="2.557761">
        <ele>560.3</ele>
        <time>2015-09-19T16:29:52.874Z</time>
    </trkpt>
    <trkpt lat="42.158729" lon="2.557865">
        <ele>560.3</ele>
        <time>2015-09-19T16:29:59.874Z</time>
    </trkpt>
    <trkpt lat="42.158654" lon="2.557953">
        <ele>560.3</ele>
        <time>2015-09-19T16:30:08.874Z</time>
    </trkpt>
    <trkpt lat="42.15857" lon="2.55804">
        <ele>560.0</ele>
        <time>2015-09-19T16:30:16.874Z</time>
    </trkpt>
    <trkpt lat="42.158493" lon="2.558128">
        <ele>559.1</ele>
        <time>2015-09-19T16:30:24.874Z</time>
    </trkpt>
    <trkpt lat="42.15845" lon="2.55826">
        <ele>558.4</ele>
        <time>2015-09-19T16:30:30.874Z</time>
    </trkpt>
    <trkpt lat="42.158386" lon="2.558371">
        <ele>557.9</ele>
        <time>2015-09-19T16:30:36.874Z</time>
    </trkpt>
    <trkpt lat="42.158336" lon="2.558471">
        <ele>557.5</ele>
        <time>2015-09-19T16:30:41.874Z</time>
    </trkpt>
    <trkpt lat="42.158308" lon="2.558587">
        <ele>557.2</ele>
        <time>2015-09-19T16:30:46.874Z</time>
    </trkpt>
    <trkpt lat="42.158241" lon="2.558678">
        <ele>557.0</ele>
        <time>2015-09-19T16:30:53.874Z</time>
    </trkpt>
    <trkpt lat="42.158229" lon="2.5588">
        <ele>555.6</ele>
        <time>2015-09-19T16:31:11.874Z</time>
    </trkpt>
    <trkpt lat="42.158173" lon="2.558907">
        <ele>554.9</ele>
        <time>2015-09-19T16:31:19.874Z</time>
    </trkpt>
    <trkpt lat="42.158136" lon="2.559028">
        <ele>554.4</ele>
        <time>2015-09-19T16:31:26.874Z</time>
    </trkpt>
    <trkpt lat="42.158072" lon="2.559121">
        <ele>553.7</ele>
        <time>2015-09-19T16:31:34.874Z</time>
    </trkpt>
    <trkpt lat="42.158013" lon="2.559214">
        <ele>553.7</ele>
        <time>2015-09-19T16:31:40.874Z</time>
    </trkpt>
    <trkpt lat="42.157933" lon="2.55929">
        <ele>553.4</ele>
        <time>2015-09-19T16:31:47.874Z</time>
    </trkpt>
    <trkpt lat="42.157852" lon="2.559373">
        <ele>552.6</ele>
        <time>2015-09-19T16:31:54.874Z</time>
    </trkpt>
    <trkpt lat="42.157798" lon="2.559472">
        <ele>552.3</ele>
        <time>2015-09-19T16:32:01.874Z</time>
    </trkpt>
    <trkpt lat="42.157762" lon="2.559586">
        <ele>551.6</ele>
        <time>2015-09-19T16:32:08.874Z</time>
    </trkpt>
    <trkpt lat="42.157706" lon="2.559694">
        <ele>551.3</ele>
        <time>2015-09-19T16:32:15.874Z</time>
    </trkpt>
    <trkpt lat="42.15762" lon="2.559796">
        <ele>550.5</ele>
        <time>2015-09-19T16:32:22.874Z</time>
    </trkpt>
    <trkpt lat="42.157583" lon="2.559921">
        <ele>550.5</ele>
        <time>2015-09-19T16:32:28.874Z</time>
    </trkpt>
    <trkpt lat="42.157533" lon="2.560039">
        <ele>550.0</ele>
        <time>2015-09-19T16:32:36.874Z</time>
    </trkpt>
    <trkpt lat="42.157465" lon="2.560125">
        <ele>549.8</ele>
        <time>2015-09-19T16:32:42.874Z</time>
    </trkpt>
    <trkpt lat="42.157403" lon="2.560217">
        <ele>549.6</ele>
        <time>2015-09-19T16:32:49.874Z</time>
    </trkpt>
    <trkpt lat="42.157332" lon="2.560305">
        <ele>549.6</ele>
        <time>2015-09-19T16:32:56.874Z</time>
    </trkpt>
    <trkpt lat="42.157271" lon="2.5604">
        <ele>549.5</ele>
        <time>2015-09-19T16:33:02.874Z</time>
    </trkpt>
    <trkpt lat="42.157194" lon="2.560476">
        <ele>549.0</ele>
        <time>2015-09-19T16:33:09.874Z</time>
    </trkpt>
    <trkpt lat="42.157134" lon="2.560581">
        <ele>548.7</ele>
        <time>2015-09-19T16:33:16.874Z</time>
    </trkpt>
    <trkpt lat="42.157066" lon="2.560681">
        <ele>548.4</ele>
        <time>2015-09-19T16:33:25.874Z</time>
    </trkpt>
    <trkpt lat="42.157018" lon="2.560788">
        <ele>547.7</ele>
        <time>2015-09-19T16:33:34.874Z</time>
    </trkpt>
    <trkpt lat="42.156948" lon="2.560896">
        <ele>546.6</ele>
        <time>2015-09-19T16:33:45.874Z</time>
    </trkpt>
    <trkpt lat="42.156878" lon="2.560994">
        <ele>545.8</ele>
        <time>2015-09-19T16:33:52.874Z</time>
    </trkpt>
    <trkpt lat="42.156814" lon="2.561089">
        <ele>545.1</ele>
        <time>2015-09-19T16:34:02.874Z</time>
    </trkpt>
    <trkpt lat="42.156762" lon="2.561188">
        <ele>544.7</ele>
        <time>2015-09-19T16:34:27.874Z</time>
    </trkpt>
    <trkpt lat="42.15669" lon="2.561283">
        <ele>544.4</ele>
        <time>2015-09-19T16:34:46.874Z</time>
    </trkpt>
    <trkpt lat="42.156608" lon="2.561348">
        <ele>544.6</ele>
        <time>2015-09-19T16:34:52.874Z</time>
    </trkpt>
    <trkpt lat="42.156518" lon="2.561424">
        <ele>544.4</ele>
        <time>2015-09-19T16:34:59.874Z</time>
    </trkpt>
    <trkpt lat="42.156464" lon="2.561548">
        <ele>543.3</ele>
        <time>2015-09-19T16:35:07.874Z</time>
    </trkpt>
    <trkpt lat="42.156403" lon="2.561641">
        <ele>542.6</ele>
        <time>2015-09-19T16:35:13.874Z</time>
    </trkpt>
    <trkpt lat="42.156336" lon="2.561727">
        <ele>542.5</ele>
        <time>2015-09-19T16:35:19.874Z</time>
    </trkpt>
    <trkpt lat="42.156276" lon="2.561827">
        <ele>541.7</ele>
        <time>2015-09-19T16:35:27.874Z</time>
    </trkpt>
    <trkpt lat="42.156213" lon="2.561935">
        <ele>541.4</ele>
        <time>2015-09-19T16:35:33.874Z</time>
    </trkpt>
    <trkpt lat="42.156152" lon="2.562039">
        <ele>541.2</ele>
        <time>2015-09-19T16:35:40.874Z</time>
    </trkpt>
    <trkpt lat="42.15609" lon="2.56215">
        <ele>541.1</ele>
        <time>2015-09-19T16:35:48.874Z</time>
    </trkpt>
    <trkpt lat="42.156029" lon="2.562258">
        <ele>541.0</ele>
        <time>2015-09-19T16:35:54.874Z</time>
    </trkpt>
    <trkpt lat="42.155965" lon="2.562366">
        <ele>540.6</ele>
        <time>2015-09-19T16:36:01.874Z</time>
    </trkpt>
    <trkpt lat="42.155898" lon="2.562478">
        <ele>539.7</ele>
        <time>2015-09-19T16:36:08.874Z</time>
    </trkpt>
    <trkpt lat="42.155841" lon="2.562592">
        <ele>539.2</ele>
        <time>2015-09-19T16:36:15.874Z</time>
    </trkpt>
    <trkpt lat="42.15578" lon="2.562719">
        <ele>539.1</ele>
        <time>2015-09-19T16:36:22.874Z</time>
    </trkpt>
    <trkpt lat="42.155719" lon="2.56282">
        <ele>539.0</ele>
        <time>2015-09-19T16:36:30.874Z</time>
    </trkpt>
    <trkpt lat="42.155654" lon="2.562922">
        <ele>538.9</ele>
        <time>2015-09-19T16:36:37.874Z</time>
    </trkpt>
    <trkpt lat="42.155592" lon="2.563023">
        <ele>537.0</ele>
        <time>2015-09-19T16:37:05.874Z</time>
    </trkpt>
    <trkpt lat="42.155531" lon="2.563131">
        <ele>536.5</ele>
        <time>2015-09-19T16:37:12.874Z</time>
    </trkpt>
    <trkpt lat="42.15545" lon="2.563238">
        <ele>536.1</ele>
        <time>2015-09-19T16:37:20.874Z</time>
    </trkpt>
    <trkpt lat="42.15545" lon="2.563238">
        <ele>536.2</ele>
        <time>2015-09-19T16:37:20.874Z</time>
    </trkpt>
    <trkpt lat="42.155374" lon="2.563331">
        <ele>536.0</ele>
        <time>2015-09-19T16:37:27.874Z</time>
    </trkpt>
    <trkpt lat="42.155328" lon="2.563447">
        <ele>536.1</ele>
        <time>2015-09-19T16:37:33.874Z</time>
    </trkpt>
    <trkpt lat="42.155274" lon="2.563555">
        <ele>536.0</ele>
        <time>2015-09-19T16:37:41.874Z</time>
    </trkpt>
    <trkpt lat="42.155204" lon="2.563653">
        <ele>536.0</ele>
        <time>2015-09-19T16:37:48.874Z</time>
    </trkpt>
    <trkpt lat="42.15513" lon="2.563739">
        <ele>535.9</ele>
        <time>2015-09-19T16:37:58.874Z</time>
    </trkpt>
    <trkpt lat="42.155057" lon="2.563821">
        <ele>536.2</ele>
        <time>2015-09-19T16:38:05.874Z</time>
    </trkpt>
    <trkpt lat="42.155006" lon="2.563929">
        <ele>536.4</ele>
        <time>2015-09-19T16:38:11.874Z</time>
    </trkpt>
    <trkpt lat="42.15496" lon="2.564035">
        <ele>536.0</ele>
        <time>2015-09-19T16:38:18.874Z</time>
    </trkpt>
    <trkpt lat="42.154913" lon="2.56415">
        <ele>535.2</ele>
        <time>2015-09-19T16:38:25.874Z</time>
    </trkpt>
    <trkpt lat="42.15487" lon="2.564284">
        <ele>534.8</ele>
        <time>2015-09-19T16:38:31.874Z</time>
    </trkpt>
    <trkpt lat="42.154858" lon="2.564422">
        <ele>534.2</ele>
        <time>2015-09-19T16:38:37.874Z</time>
    </trkpt>
    <trkpt lat="42.154862" lon="2.564566">
        <ele>533.8</ele>
        <time>2015-09-19T16:38:43.874Z</time>
    </trkpt>
    <trkpt lat="42.15486" lon="2.564704">
        <ele>532.8</ele>
        <time>2015-09-19T16:38:50.874Z</time>
    </trkpt>
    <trkpt lat="42.154872" lon="2.564825">
        <ele>532.3</ele>
        <time>2015-09-19T16:38:56.874Z</time>
    </trkpt>
    <trkpt lat="42.154874" lon="2.564948">
        <ele>531.9</ele>
        <time>2015-09-19T16:39:01.874Z</time>
    </trkpt>
    <trkpt lat="42.154894" lon="2.56507">
        <ele>531.4</ele>
        <time>2015-09-19T16:39:06.874Z</time>
    </trkpt>
    <trkpt lat="42.154902" lon="2.565194">
        <ele>530.1</ele>
        <time>2015-09-19T16:39:12.874Z</time>
    </trkpt>
    <trkpt lat="42.154887" lon="2.565314">
        <ele>528.9</ele>
        <time>2015-09-19T16:39:18.874Z</time>
    </trkpt>
    <trkpt lat="42.15488" lon="2.565444">
        <ele>527.4</ele>
        <time>2015-09-19T16:39:26.874Z</time>
    </trkpt>
    <trkpt lat="42.154871" lon="2.56557">
        <ele>526.8</ele>
        <time>2015-09-19T16:39:32.874Z</time>
    </trkpt>
    <trkpt lat="42.15487" lon="2.565697">
        <ele>526.0</ele>
        <time>2015-09-19T16:39:38.874Z</time>
    </trkpt>
    <trkpt lat="42.154875" lon="2.565828">
        <ele>525.4</ele>
        <time>2015-09-19T16:39:44.874Z</time>
    </trkpt>
    <trkpt lat="42.154875" lon="2.56595">
        <ele>524.8</ele>
        <time>2015-09-19T16:39:53.874Z</time>
    </trkpt>
    <trkpt lat="42.154863" lon="2.566079">
        <ele>524.1</ele>
        <time>2015-09-19T16:40:01.874Z</time>
    </trkpt>
    <trkpt lat="42.154818" lon="2.566197">
        <ele>523.8</ele>
        <time>2015-09-19T16:40:07.874Z</time>
    </trkpt>
    <trkpt lat="42.154768" lon="2.566299">
        <ele>523.3</ele>
        <time>2015-09-19T16:40:13.874Z</time>
    </trkpt>
    <trkpt lat="42.154707" lon="2.566402">
        <ele>522.7</ele>
        <time>2015-09-19T16:40:19.874Z</time>
    </trkpt>
    <trkpt lat="42.154643" lon="2.566502">
        <ele>522.1</ele>
        <time>2015-09-19T16:40:27.874Z</time>
    </trkpt>
    <trkpt lat="42.154582" lon="2.566593">
        <ele>522.3</ele>
        <time>2015-09-19T16:40:34.874Z</time>
    </trkpt>
    <trkpt lat="42.154505" lon="2.566681">
        <ele>521.9</ele>
        <time>2015-09-19T16:40:41.874Z</time>
    </trkpt>
    <trkpt lat="42.154458" lon="2.566785">
        <ele>521.5</ele>
        <time>2015-09-19T16:40:48.874Z</time>
    </trkpt>
    <trkpt lat="42.154391" lon="2.566869">
        <ele>520.2</ele>
        <time>2015-09-19T16:40:57.874Z</time>
    </trkpt>
    <trkpt lat="42.154324" lon="2.566957">
        <ele>519.1</ele>
        <time>2015-09-19T16:41:04.874Z</time>
    </trkpt>
    <trkpt lat="42.154263" lon="2.567069">
        <ele>518.0</ele>
        <time>2015-09-19T16:41:12.874Z</time>
    </trkpt>
    <trkpt lat="42.154215" lon="2.567179">
        <ele>517.6</ele>
        <time>2015-09-19T16:41:17.874Z</time>
    </trkpt>
    <trkpt lat="42.154174" lon="2.567301">
        <ele>517.5</ele>
        <time>2015-09-19T16:41:23.874Z</time>
    </trkpt>
    <trkpt lat="42.154112" lon="2.567397">
        <ele>517.0</ele>
        <time>2015-09-19T16:41:41.874Z</time>
    </trkpt>
    <trkpt lat="42.154097" lon="2.567518">
        <ele>516.4</ele>
        <time>2015-09-19T16:41:47.874Z</time>
    </trkpt>
    <trkpt lat="42.154029" lon="2.567613">
        <ele>516.0</ele>
        <time>2015-09-19T16:41:55.874Z</time>
    </trkpt>
    <trkpt lat="42.153977" lon="2.567715">
        <ele>516.1</ele>
        <time>2015-09-19T16:42:00.874Z</time>
    </trkpt>
    <trkpt lat="42.153908" lon="2.567801">
        <ele>516.1</ele>
        <time>2015-09-19T16:42:07.874Z</time>
    </trkpt>
    <trkpt lat="42.153853" lon="2.567913">
        <ele>515.0</ele>
        <time>2015-09-19T16:42:15.874Z</time>
    </trkpt>
    <trkpt lat="42.153779" lon="2.567999">
        <ele>514.1</ele>
        <time>2015-09-19T16:42:23.874Z</time>
    </trkpt>
    <trkpt lat="42.153722" lon="2.568103">
        <ele>513.1</ele>
        <time>2015-09-19T16:42:33.874Z</time>
    </trkpt>
    <trkpt lat="42.153676" lon="2.568216">
        <ele>512.2</ele>
        <time>2015-09-19T16:42:41.874Z</time>
    </trkpt>
    <trkpt lat="42.153633" lon="2.568324">
        <ele>510.8</ele>
        <time>2015-09-19T16:42:51.874Z</time>
    </trkpt>
    <trkpt lat="42.153609" lon="2.568455">
        <ele>510.5</ele>
        <time>2015-09-19T16:42:59.874Z</time>
    </trkpt>
    <trkpt lat="42.153555" lon="2.568569">
        <ele>510.5</ele>
        <time>2015-09-19T16:43:06.874Z</time>
    </trkpt>
    <trkpt lat="42.153515" lon="2.568682">
        <ele>510.3</ele>
        <time>2015-09-19T16:43:14.874Z</time>
    </trkpt>
    <trkpt lat="42.153481" lon="2.568796">
        <ele>510.3</ele>
        <time>2015-09-19T16:43:21.874Z</time>
    </trkpt>
    <trkpt lat="42.153491" lon="2.568921">
        <ele>510.2</ele>
        <time>2015-09-19T16:43:27.874Z</time>
    </trkpt>
    <trkpt lat="42.15351" lon="2.569045">
        <ele>509.9</ele>
        <time>2015-09-19T16:43:36.874Z</time>
    </trkpt>
    <trkpt lat="42.153519" lon="2.569179">
        <ele>509.6</ele>
        <time>2015-09-19T16:43:42.874Z</time>
    </trkpt>
    <trkpt lat="42.153498" lon="2.569304">
        <ele>509.8</ele>
        <time>2015-09-19T16:43:48.874Z</time>
    </trkpt>
    <trkpt lat="42.15347" lon="2.569421">
        <ele>509.4</ele>
        <time>2015-09-19T16:43:54.874Z</time>
    </trkpt>
    <trkpt lat="42.153455" lon="2.569553">
        <ele>509.0</ele>
        <time>2015-09-19T16:44:01.874Z</time>
    </trkpt>
    <trkpt lat="42.153443" lon="2.569674">
        <ele>508.5</ele>
        <time>2015-09-19T16:44:06.874Z</time>
    </trkpt>
    <trkpt lat="42.153413" lon="2.569799">
        <ele>508.4</ele>
        <time>2015-09-19T16:44:13.874Z</time>
    </trkpt>
    <trkpt lat="42.153328" lon="2.569866">
        <ele>507.9</ele>
        <time>2015-09-19T16:44:21.874Z</time>
    </trkpt>
    <trkpt lat="42.153232" lon="2.569921">
        <ele>507.4</ele>
        <time>2015-09-19T16:44:29.874Z</time>
    </trkpt>
    <trkpt lat="42.153167" lon="2.570019">
        <ele>507.3</ele>
        <time>2015-09-19T16:44:37.874Z</time>
    </trkpt>
    <trkpt lat="42.15309" lon="2.570085">
        <ele>507.0</ele>
        <time>2015-09-19T16:44:49.874Z</time>
    </trkpt>
    <trkpt lat="42.153039" lon="2.570191">
        <ele>506.5</ele>
        <time>2015-09-19T16:44:57.874Z</time>
    </trkpt>
    <trkpt lat="42.152992" lon="2.570295">
        <ele>506.0</ele>
        <time>2015-09-19T16:45:10.874Z</time>
    </trkpt>
    <trkpt lat="42.152898" lon="2.570356">
        <ele>506.1</ele>
        <time>2015-09-19T16:45:19.874Z</time>
    </trkpt>
    <trkpt lat="42.152807" lon="2.570364">
        <ele>506.1</ele>
        <time>2015-09-19T16:45:26.874Z</time>
    </trkpt>
    <trkpt lat="42.152718" lon="2.570399">
        <ele>506.1</ele>
        <time>2015-09-19T16:45:33.874Z</time>
    </trkpt>
    <trkpt lat="42.15262" lon="2.570411">
        <ele>506.3</ele>
        <time>2015-09-19T16:45:40.874Z</time>
    </trkpt>
    <trkpt lat="42.152526" lon="2.570415">
        <ele>506.6</ele>
        <time>2015-09-19T16:45:46.874Z</time>
    </trkpt>
    <trkpt lat="42.152436" lon="2.570455">
        <ele>506.4</ele>
        <time>2015-09-19T16:45:58.874Z</time>
    </trkpt>
    <trkpt lat="42.152346" lon="2.570485">
        <ele>505.3</ele>
        <time>2015-09-19T16:46:23.874Z</time>
    </trkpt>
    <trkpt lat="42.152254" lon="2.570515">
        <ele>504.5</ele>
        <time>2015-09-19T16:46:31.874Z</time>
    </trkpt>
    <trkpt lat="42.152164" lon="2.57055">
        <ele>504.6</ele>
        <time>2015-09-19T16:46:36.874Z</time>
    </trkpt>
    <trkpt lat="42.152069" lon="2.570586">
        <ele>505.2</ele>
        <time>2015-09-19T16:46:43.874Z</time>
    </trkpt>
    <trkpt lat="42.152013" lon="2.570686">
        <ele>505.8</ele>
        <time>2015-09-19T16:46:52.874Z</time>
    </trkpt>
    <trkpt lat="42.15196" lon="2.570786">
        <ele>505.9</ele>
        <time>2015-09-19T16:47:00.874Z</time>
    </trkpt>
    <trkpt lat="42.151921" lon="2.570899">
        <ele>506.1</ele>
        <time>2015-09-19T16:47:06.874Z</time>
    </trkpt>
    <trkpt lat="42.151827" lon="2.570945">
        <ele>506.6</ele>
        <time>2015-09-19T16:47:16.874Z</time>
    </trkpt>
    <trkpt lat="42.151734" lon="2.570975">
        <ele>508.5</ele>
        <time>2015-09-19T16:47:27.874Z</time>
    </trkpt>
    <trkpt lat="42.151631" lon="2.57095">
        <ele>510.5</ele>
        <time>2015-09-19T16:47:37.874Z</time>
    </trkpt>
    <trkpt lat="42.151529" lon="2.570968">
        <ele>511.9</ele>
        <time>2015-09-19T16:47:45.874Z</time>
    </trkpt>
    <trkpt lat="42.151442" lon="2.571019">
        <ele>512.5</ele>
        <time>2015-09-19T16:47:53.874Z</time>
    </trkpt>
    <trkpt lat="42.151352" lon="2.571053">
        <ele>512.7</ele>
        <time>2015-09-19T16:48:01.874Z</time>
    </trkpt>
    <trkpt lat="42.151274" lon="2.571125">
        <ele>513.1</ele>
        <time>2015-09-19T16:48:07.874Z</time>
    </trkpt>
    <trkpt lat="42.151195" lon="2.571204">
        <ele>513.7</ele>
        <time>2015-09-19T16:48:17.874Z</time>
    </trkpt>
    <trkpt lat="42.151124" lon="2.57128">
        <ele>514.5</ele>
        <time>2015-09-19T16:48:24.874Z</time>
    </trkpt>
    <trkpt lat="42.151153" lon="2.571402">
        <ele>514.7</ele>
        <time>2015-09-19T16:48:35.874Z</time>
    </trkpt>
    <trkpt lat="42.151061" lon="2.571358">
        <ele>513.7</ele>
        <time>2015-09-19T16:48:47.874Z</time>
    </trkpt>
    <trkpt lat="42.150962" lon="2.571317">
        <ele>514.7</ele>
        <time>2015-09-19T16:48:56.874Z</time>
    </trkpt>
    <trkpt lat="42.15088" lon="2.571255">
        <ele>515.3</ele>
        <time>2015-09-19T16:49:04.874Z</time>
    </trkpt>
    <trkpt lat="42.150804" lon="2.571175">
        <ele>515.8</ele>
        <time>2015-09-19T16:50:01.874Z</time>
    </trkpt>
    <trkpt lat="42.150735" lon="2.571086">
        <ele>516.3</ele>
        <time>2015-09-19T16:50:08.874Z</time>
    </trkpt>
    <trkpt lat="42.150671" lon="2.570988">
        <ele>516.9</ele>
        <time>2015-09-19T16:50:17.874Z</time>
    </trkpt>
    <trkpt lat="42.150602" lon="2.570909">
        <ele>517.5</ele>
        <time>2015-09-19T16:50:26.874Z</time>
    </trkpt>
    <trkpt lat="42.150529" lon="2.570817">
        <ele>517.6</ele>
        <time>2015-09-19T16:50:34.874Z</time>
    </trkpt>
    <trkpt lat="42.150462" lon="2.570726">
        <ele>518.4</ele>
        <time>2015-09-19T16:50:43.874Z</time>
    </trkpt>
    <trkpt lat="42.150382" lon="2.570644">
        <ele>518.7</ele>
        <time>2015-09-19T16:50:51.874Z</time>
    </trkpt>
    <trkpt lat="42.150306" lon="2.570553">
        <ele>518.7</ele>
        <time>2015-09-19T16:50:58.874Z</time>
    </trkpt>
    <trkpt lat="42.150221" lon="2.570476">
        <ele>518.5</ele>
        <time>2015-09-19T16:51:05.874Z</time>
    </trkpt>
    <trkpt lat="42.150144" lon="2.570403">
        <ele>518.2</ele>
        <time>2015-09-19T16:51:12.874Z</time>
    </trkpt>
    <trkpt lat="42.150072" lon="2.570311">
        <ele>518.1</ele>
        <time>2015-09-19T16:51:20.874Z</time>
    </trkpt>
    <trkpt lat="42.149993" lon="2.570225">
        <ele>517.7</ele>
        <time>2015-09-19T16:51:29.874Z</time>
    </trkpt>
    <trkpt lat="42.149913" lon="2.570144">
        <ele>517.9</ele>
        <time>2015-09-19T16:51:36.874Z</time>
    </trkpt>
    <trkpt lat="42.149827" lon="2.570071">
        <ele>518.1</ele>
        <time>2015-09-19T16:51:44.874Z</time>
    </trkpt>
    <trkpt lat="42.149739" lon="2.570007">
        <ele>518.9</ele>
        <time>2015-09-19T16:51:51.874Z</time>
    </trkpt>
    <trkpt lat="42.149658" lon="2.569949">
        <ele>518.8</ele>
        <time>2015-09-19T16:51:58.874Z</time>
    </trkpt>
    <trkpt lat="42.149581" lon="2.569884">
        <ele>519.1</ele>
        <time>2015-09-19T16:52:05.874Z</time>
    </trkpt>
    <trkpt lat="42.149499" lon="2.569823">
        <ele>519.6</ele>
        <time>2015-09-19T16:52:15.874Z</time>
    </trkpt>
    <trkpt lat="42.149418" lon="2.569769">
        <ele>520.2</ele>
        <time>2015-09-19T16:52:24.874Z</time>
    </trkpt>
    <trkpt lat="42.149333" lon="2.569712">
        <ele>521.2</ele>
        <time>2015-09-19T16:52:35.874Z</time>
    </trkpt>
    <trkpt lat="42.149229" lon="2.569684">
        <ele>522.1</ele>
        <time>2015-09-19T16:52:43.874Z</time>
    </trkpt>
    <trkpt lat="42.149132" lon="2.569687">
        <ele>523.1</ele>
        <time>2015-09-19T16:52:48.874Z</time>
    </trkpt>
    <trkpt lat="42.149038" lon="2.569709">
        <ele>524.3</ele>
        <time>2015-09-19T16:52:58.874Z</time>
    </trkpt>
    <trkpt lat="42.148942" lon="2.569729">
        <ele>525.0</ele>
        <time>2015-09-19T16:53:06.874Z</time>
    </trkpt>
    <trkpt lat="42.148851" lon="2.569755">
        <ele>525.8</ele>
        <time>2015-09-19T16:53:15.874Z</time>
    </trkpt>
    <trkpt lat="42.148761" lon="2.569775">
        <ele>527.4</ele>
        <time>2015-09-19T16:53:23.874Z</time>
    </trkpt>
    <trkpt lat="42.148667" lon="2.569792">
        <ele>528.3</ele>
        <time>2015-09-19T16:53:31.874Z</time>
    </trkpt>
    <trkpt lat="42.148575" lon="2.569843">
        <ele>529.2</ele>
        <time>2015-09-19T16:53:39.874Z</time>
    </trkpt>
    <trkpt lat="42.14847" lon="2.569787">
        <ele>490.3</ele>
        <time>2015-09-19T16:53:49.671Z</time>
        <extensions>
        <gpxtpx:TrackPointExtension>
        <gpxtpx:Extensions>
            <surface>asphalt</surface>
        </gpxtpx:Extensions>
        </gpxtpx:TrackPointExtension>
        </extensions>
    </trkpt>
    <trkpt lat="42.148459" lon="2.569789">
        <ele>490.5</ele>
        <time>2015-09-19T16:53:50.634Z</time>
        <extensions>
        <gpxtpx:TrackPointExtension>
        <gpxtpx:Extensions>
            <surface>asphalt</surface>
        </gpxtpx:Extensions>
        </gpxtpx:TrackPointExtension>
        </extensions>
    </trkpt>
    <trkpt lat="42.148376" lon="2.5698">
        <ele>491.3</ele>
        <time>2015-09-19T16:53:57.870Z</time>
        <extensions>
        <gpxtpx:TrackPointExtension>
        <gpxtpx:Extensions>
            <surface>asphalt</surface>
        </gpxtpx:Extensions>
        </gpxtpx:TrackPointExtension>
        </extensions>
    </trkpt>
    <trkpt lat="42.148148" lon="2.569779">
        <ele>492.5</ele>
        <time>2015-09-19T16:54:17.700Z</time>
        <extensions>
        <gpxtpx:TrackPointExtension>
        <gpxtpx:Extensions>
            <surface>asphalt</surface>
        </gpxtpx:Extensions>
        </gpxtpx:TrackPointExtension>
        </extensions>
    </trkpt>
    <trkpt lat="42.147526" lon="2.569723">
        <ele>495.0</ele>
        <time>2015-09-19T16:55:11.793Z</time>
        <extensions>
        <gpxtpx:TrackPointExtension>
        <gpxtpx:Extensions>
            <surface>asphalt</surface>
        </gpxtpx:Extensions>
        </gpxtpx:TrackPointExtension>
        </extensions>
    </trkpt>
    <trkpt lat="42.147224" lon="2.569695">
        <ele>495.0</ele>
        <time>2015-09-19T16:55:39.286Z</time>
        <extensions>
        <gpxtpx:TrackPointExtension>
        <gpxtpx:Extensions>
            <surface>asphalt</surface>
        </gpxtpx:Extensions>
        </gpxtpx:TrackPointExtension>
        </extensions>
    </trkpt>
    </trkseg>
</trk>
</gpx>