<?xml version="1.0" encoding="UTF-8"?>
<gpx xmlns:xsi="http://www.w3.org/2001/XMLSchema-instance" xmlns="http://www.topografix.com/GPX/1/1" xsi:schemaLocation="http://www.topografix.com/GPX/1/1 http://www.topografix.com/GPX/1/1/gpx.xsd http://www.garmin.com/xmlschemas/GpxExtensions/v3 http://www.garmin.com/xmlschemas/GpxExtensionsv3.xsd http://www.garmin.com/xmlschemas/TrackPointExtension/v1 http://www.garmin.com/xmlschemas/TrackPointExtensionv1.xsd http://www.topografix.com/GPX/gpx_style/0/2 http://www.topografix.com/GPX/gpx_style/0/2/gpx_style.xsd" xmlns:gpxtpx="http://www.garmin.com/xmlschemas/TrackPointExtension/v1" xmlns:gpxx="http://www.garmin.com/xmlschemas/GpxExtensions/v3" xmlns:gpx_style="http://www.topografix.com/GPX/gpx_style/0/2" version="1.1" creator="http://www.GoolTracking.com">
<metadata>
    <name>R7 - De castell a castell</name>
    <author>
        <name>gpx.studio</name>
        <link href="https://gpx.studio"></link>
    </author>
</metadata>
<wpt lat="42.132285311643344" lon="2.5326704978942876">
    <ele>819.4</ele>
    <name>Castell de Colltort</name>
    <sym>Geographic place name, Man-made</sym>
</wpt>
<wpt lat="42.12792103047816" lon="2.5437560677528386">
    <ele>833.8</ele>
    <name>Font de Fontpobra</name>
    <sym>Water Source</sym>
</wpt>
<wpt lat="42.1418046" lon="2.5545121">
    <ele>561.1</ele>
    <name>Gredera del Rocanegra</name>
    <cmt>name: Gredera del Rocanegra, source: survey, tourism: attraction</cmt>
    <sym>Geographic place name, land</sym>
</wpt>
<wpt lat="42.1442801" lon="2.5688667">
    <ele>489.4</ele>
    <name>Mirador</name>
    <cmt>tourism: viewpoint</cmt>
    <sym>Scenic Area</sym>
</wpt>
<wpt lat="42.1436858" lon="2.5698934">
    <ele>489.1</ele>
    <name>WC</name>
    <cmt>amenity: toilets</cmt>
    <sym>Restroom</sym>
</wpt>
<wpt lat="42.1439068" lon="2.5709497">
    <ele>491.5</ele>
    <name>Font</name>
    <cmt>amenity: drinking_water</cmt>
    <sym>Drinking Water</sym>
</wpt>
<wpt lat="42.13920463844771" lon="2.5321509181087714">
    <ele>642.7</ele>
    <name>Sant Miquel Sacot</name>
    <sym>Church</sym>
</wpt>
<wpt lat="42.137649984940246" lon="2.53095140653786">
    <ele>661.3</ele>
    <name>Capes geològiques</name>
    <sym>Geographic place name, land</sym>
</wpt>
<wpt lat="42.13883898195294" lon="2.5325378261780744">
    <ele>632.2</ele>
    <name>Escòria volcànica</name>
    <sym>Geographic place name, land</sym>
</wpt>
<wpt lat="42.14449798285012" lon="2.5690892590806906">
    <ele>491.1</ele>
    <name>SP10</name>
    <cmt>Santa Pau c/del pont</cmt>
    <desc>Santa Pau c/del pont</desc>
    <sym>Flag, Green</sym>
</wpt>
<wpt lat="42.14278699819011" lon="2.565672397613526">
    <ele>510.2</ele>
    <name>SP23</name>
    <cmt>Cambrafosca</cmt>
    <desc>Cambrafosca</desc>
    <sym>Flag, Green</sym>
</wpt>
<wpt lat="42.13944971916734" lon="2.5515800714492802">
    <ele>592.6</ele>
    <name>G30</name>
    <cmt>Collellmir</cmt>
    <desc>Collellmir</desc>
    <sym>Flag, Green</sym>
</wpt>
<wpt lat="42.13921026391574" lon="2.5310281260644323">
    <ele>656.4</ele>
    <name>G120</name>
    <cmt>Sant Miquel Sacot</cmt>
    <desc>Sant Miquel Sacot</desc>
    <sym>Flag, Green</sym>
</wpt>
<wpt lat="42.13169419294617" lon="2.5354358434816864">
    <ele>799.4</ele>
    <name>G89</name>
    <cmt>Collada de Colltort</cmt>
    <desc>Collada de Colltort</desc>
    <sym>Flag, Green</sym>
</wpt>
<trk>
    <name>Itinerari personalitzat</name>
    <type>Running</type>
    <extensions>
        <gpx_style:line>
        <color>000000</color>
        <opacity>0.7</opacity>
        <weight>3</weight>
        </gpx_style:line>
    </extensions>
    <trkseg>
    <trkpt lat="42.144731" lon="2.571506">
        <ele>488.3</ele>
        <extensions>
        <gpxtpx:TrackPointExtension>
        <gpxtpx:Extensions>
            <surface>unknown</surface>
        </gpxtpx:Extensions>
        </gpxtpx:TrackPointExtension>
        </extensions>
    </trkpt>
    <trkpt lat="42.144609" lon="2.571495">
        <ele>488.8</ele>
        <extensions>
        <gpxtpx:TrackPointExtension>
        <gpxtpx:Extensions>
            <surface>unknown</surface>
        </gpxtpx:Extensions>
        </gpxtpx:TrackPointExtension>
        </extensions>
    </trkpt>
    <trkpt lat="42.144555" lon="2.571485">
        <ele>488.8</ele>
        <extensions>
        <gpxtpx:TrackPointExtension>
        <gpxtpx:Extensions>
            <surface>unknown</surface>
        </gpxtpx:Extensions>
        </gpxtpx:TrackPointExtension>
        </extensions>
    </trkpt>
    <trkpt lat="42.144501" lon="2.571411">
        <ele>488.8</ele>
        <extensions>
        <gpxtpx:TrackPointExtension>
        <gpxtpx:Extensions>
            <surface>unknown</surface>
        </gpxtpx:Extensions>
        </gpxtpx:TrackPointExtension>
        </extensions>
    </trkpt>
    <trkpt lat="42.144377" lon="2.571329">
        <ele>489.0</ele>
        <extensions>
        <gpxtpx:TrackPointExtension>
        <gpxtpx:Extensions>
            <surface>unknown</surface>
        </gpxtpx:Extensions>
        </gpxtpx:TrackPointExtension>
        </extensions>
    </trkpt>
    <trkpt lat="42.144228" lon="2.571214">
        <ele>489.5</ele>
        <extensions>
        <gpxtpx:TrackPointExtension>
        <gpxtpx:Extensions>
            <surface>unknown</surface>
        </gpxtpx:Extensions>
        </gpxtpx:TrackPointExtension>
        </extensions>
    </trkpt>
    <trkpt lat="42.144144" lon="2.571075">
        <ele>489.8</ele>
        <extensions>
        <gpxtpx:TrackPointExtension>
        <gpxtpx:Extensions>
            <surface>unknown</surface>
        </gpxtpx:Extensions>
        </gpxtpx:TrackPointExtension>
        </extensions>
    </trkpt>
    <trkpt lat="42.144147" lon="2.571051">
        <ele>489.5</ele>
        <extensions>
        <gpxtpx:TrackPointExtension>
        <gpxtpx:Extensions>
            <surface>sett</surface>
        </gpxtpx:Extensions>
        </gpxtpx:TrackPointExtension>
        </extensions>
    </trkpt>
    <trkpt lat="42.144149" lon="2.571035">
        <ele>489.5</ele>
        <extensions>
        <gpxtpx:TrackPointExtension>
        <gpxtpx:Extensions>
            <surface>sett</surface>
        </gpxtpx:Extensions>
        </gpxtpx:TrackPointExtension>
        </extensions>
    </trkpt>
    <trkpt lat="42.144089" lon="2.570981">
        <ele>490.0</ele>
        <extensions>
        <gpxtpx:TrackPointExtension>
        <gpxtpx:Extensions>
            <surface>paving_stones</surface>
        </gpxtpx:Extensions>
        </gpxtpx:TrackPointExtension>
        </extensions>
    </trkpt>
    <trkpt lat="42.143995" lon="2.570941">
        <ele>491.0</ele>
        <extensions>
        <gpxtpx:TrackPointExtension>
        <gpxtpx:Extensions>
            <surface>paving_stones</surface>
        </gpxtpx:Extensions>
        </gpxtpx:TrackPointExtension>
        </extensions>
    </trkpt>
    <trkpt lat="42.143964" lon="2.570928">
        <ele>491.5</ele>
        <extensions>
        <gpxtpx:TrackPointExtension>
        <gpxtpx:Extensions>
            <surface>paving_stones</surface>
        </gpxtpx:Extensions>
        </gpxtpx:TrackPointExtension>
        </extensions>
    </trkpt>
    <trkpt lat="42.143955" lon="2.570924">
        <ele>491.5</ele>
        <extensions>
        <gpxtpx:TrackPointExtension>
        <gpxtpx:Extensions>
            <surface>paving_stones</surface>
        </gpxtpx:Extensions>
        </gpxtpx:TrackPointExtension>
        </extensions>
    </trkpt>
    <trkpt lat="42.144039" lon="2.570655">
        <ele>489.8</ele>
        <extensions>
        <gpxtpx:TrackPointExtension>
        <gpxtpx:Extensions>
            <surface>paving_stones</surface>
        </gpxtpx:Extensions>
        </gpxtpx:TrackPointExtension>
        </extensions>
    </trkpt>
    <trkpt lat="42.144043" lon="2.570628">
        <ele>489.5</ele>
        <extensions>
        <gpxtpx:TrackPointExtension>
        <gpxtpx:Extensions>
            <surface>paving_stones</surface>
        </gpxtpx:Extensions>
        </gpxtpx:TrackPointExtension>
        </extensions>
    </trkpt>
    <trkpt lat="42.144053" lon="2.570571">
        <ele>489.3</ele>
        <extensions>
        <gpxtpx:TrackPointExtension>
        <gpxtpx:Extensions>
            <surface>paving_stones</surface>
        </gpxtpx:Extensions>
        </gpxtpx:TrackPointExtension>
        </extensions>
    </trkpt>
    <trkpt lat="42.144075" lon="2.57049">
        <ele>488.8</ele>
        <extensions>
        <gpxtpx:TrackPointExtension>
        <gpxtpx:Extensions>
            <surface>paving_stones</surface>
        </gpxtpx:Extensions>
        </gpxtpx:TrackPointExtension>
        </extensions>
    </trkpt>
    <trkpt lat="42.144059" lon="2.570479">
        <ele>489.0</ele>
        <extensions>
        <gpxtpx:TrackPointExtension>
        <gpxtpx:Extensions>
            <surface>paving_stones</surface>
        </gpxtpx:Extensions>
        </gpxtpx:TrackPointExtension>
        </extensions>
    </trkpt>
    <trkpt lat="42.14404" lon="2.570468">
        <ele>489.0</ele>
        <extensions>
        <gpxtpx:TrackPointExtension>
        <gpxtpx:Extensions>
            <surface>paving_stones</surface>
        </gpxtpx:Extensions>
        </gpxtpx:TrackPointExtension>
        </extensions>
    </trkpt>
    <trkpt lat="42.144014" lon="2.570436">
        <ele>489.5</ele>
        <extensions>
        <gpxtpx:TrackPointExtension>
        <gpxtpx:Extensions>
            <surface>paving_stones</surface>
        </gpxtpx:Extensions>
        </gpxtpx:TrackPointExtension>
        </extensions>
    </trkpt>
    <trkpt lat="42.144006" lon="2.570428">
        <ele>489.0</ele>
        <extensions>
        <gpxtpx:TrackPointExtension>
        <gpxtpx:Extensions>
            <surface>paving_stones</surface>
        </gpxtpx:Extensions>
        </gpxtpx:TrackPointExtension>
        </extensions>
    </trkpt>
    <trkpt lat="42.143973" lon="2.570387">
        <ele>489.5</ele>
        <extensions>
        <gpxtpx:TrackPointExtension>
        <gpxtpx:Extensions>
            <surface>paving_stones</surface>
        </gpxtpx:Extensions>
        </gpxtpx:TrackPointExtension>
        </extensions>
    </trkpt>
    <trkpt lat="42.143954" lon="2.570349">
        <ele>489.5</ele>
        <extensions>
        <gpxtpx:TrackPointExtension>
        <gpxtpx:Extensions>
            <surface>paving_stones</surface>
        </gpxtpx:Extensions>
        </gpxtpx:TrackPointExtension>
        </extensions>
    </trkpt>
    <trkpt lat="42.143902" lon="2.570239">
        <ele>489.8</ele>
        <extensions>
        <gpxtpx:TrackPointExtension>
        <gpxtpx:Extensions>
            <surface>paving_stones</surface>
        </gpxtpx:Extensions>
        </gpxtpx:TrackPointExtension>
        </extensions>
    </trkpt>
    <trkpt lat="42.143887" lon="2.570149">
        <ele>489.5</ele>
        <extensions>
        <gpxtpx:TrackPointExtension>
        <gpxtpx:Extensions>
            <surface>paving_stones</surface>
        </gpxtpx:Extensions>
        </gpxtpx:TrackPointExtension>
        </extensions>
    </trkpt>
    <trkpt lat="42.143887" lon="2.570144">
        <ele>489.5</ele>
        <extensions>
        <gpxtpx:TrackPointExtension>
        <gpxtpx:Extensions>
            <surface>paving_stones</surface>
        </gpxtpx:Extensions>
        </gpxtpx:TrackPointExtension>
        </extensions>
    </trkpt>
    <trkpt lat="42.143891" lon="2.5701">
        <ele>489.3</ele>
        <extensions>
        <gpxtpx:TrackPointExtension>
        <gpxtpx:Extensions>
            <surface>paving_stones</surface>
        </gpxtpx:Extensions>
        </gpxtpx:TrackPointExtension>
        </extensions>
    </trkpt>
    <trkpt lat="42.143907" lon="2.570054">
        <ele>488.8</ele>
        <extensions>
        <gpxtpx:TrackPointExtension>
        <gpxtpx:Extensions>
            <surface>paving_stones</surface>
        </gpxtpx:Extensions>
        </gpxtpx:TrackPointExtension>
        </extensions>
    </trkpt>
    <trkpt lat="42.144" lon="2.56997">
        <ele>480.0</ele>
    </trkpt>
    <trkpt lat="42.144" lon="2.56991">
        <ele>479.0</ele>
    </trkpt>
    <trkpt lat="42.1441" lon="2.56982">
        <ele>481.0</ele>
    </trkpt>
    <trkpt lat="42.1441" lon="2.56973">
        <ele>482.0</ele>
    </trkpt>
    <trkpt lat="42.1442" lon="2.56966">
        <ele>483.0</ele>
    </trkpt>
    <trkpt lat="42.1442" lon="2.56959">
        <ele>484.0</ele>
    </trkpt>
    <trkpt lat="42.1443" lon="2.56949">
        <ele>485.0</ele>
    </trkpt>
    <trkpt lat="42.1444" lon="2.56938">
        <ele>486.0</ele>
    </trkpt>
    <trkpt lat="42.1444" lon="2.56927">
        <ele>488.0</ele>
    </trkpt>
    <trkpt lat="42.1445" lon="2.56917">
        <ele>490.0</ele>
    </trkpt>
    <trkpt lat="42.1445" lon="2.56915">
        <ele>491.0</ele>
    </trkpt>
    <trkpt lat="42.1445" lon="2.56913">
        <ele>491.0</ele>
    </trkpt>
    <trkpt lat="42.1445" lon="2.56913">
        <ele>491.0</ele>
    </trkpt>
    <trkpt lat="42.1445" lon="2.56911">
        <ele>491.0</ele>
    </trkpt>
    <trkpt lat="42.1445" lon="2.56909">
        <ele>491.0</ele>
    </trkpt>
    <trkpt lat="42.1444" lon="2.56896">
        <ele>491.0</ele>
    </trkpt>
    <trkpt lat="42.1444" lon="2.56893">
        <ele>491.0</ele>
    </trkpt>
    <trkpt lat="42.1444" lon="2.56887">
        <ele>492.0</ele>
    </trkpt>
    <trkpt lat="42.1444" lon="2.56875">
        <ele>493.0</ele>
    </trkpt>
    <trkpt lat="42.1443" lon="2.56863">
        <ele>492.0</ele>
    </trkpt>
    <trkpt lat="42.1443" lon="2.56861">
        <ele>492.0</ele>
    </trkpt>
    <trkpt lat="42.1444" lon="2.56846">
        <ele>495.0</ele>
    </trkpt>
    <trkpt lat="42.1444" lon="2.56844">
        <ele>495.0</ele>
    </trkpt>
    <trkpt lat="42.1443" lon="2.56842">
        <ele>495.0</ele>
    </trkpt>
    <trkpt lat="42.1443" lon="2.56841">
        <ele>495.0</ele>
    </trkpt>
    <trkpt lat="42.1443" lon="2.56841">
        <ele>495.0</ele>
    </trkpt>
    <trkpt lat="42.1442" lon="2.56837">
        <ele>495.0</ele>
    </trkpt>
    <trkpt lat="42.1442" lon="2.56834">
        <ele>495.0</ele>
    </trkpt>
    <trkpt lat="42.1442" lon="2.56831">
        <ele>494.0</ele>
    </trkpt>
    <trkpt lat="42.1441" lon="2.56821">
        <ele>495.0</ele>
    </trkpt>
    <trkpt lat="42.144" lon="2.5681">
        <ele>496.0</ele>
    </trkpt>
    <trkpt lat="42.144" lon="2.56807">
        <ele>497.0</ele>
    </trkpt>
    <trkpt lat="42.1439" lon="2.56803">
        <ele>497.0</ele>
    </trkpt>
    <trkpt lat="42.1439" lon="2.56798">
        <ele>497.0</ele>
    </trkpt>
    <trkpt lat="42.1439" lon="2.5679">
        <ele>497.0</ele>
    </trkpt>
    <trkpt lat="42.1438" lon="2.56785">
        <ele>497.0</ele>
    </trkpt>
    <trkpt lat="42.1438" lon="2.56781">
        <ele>497.0</ele>
    </trkpt>
    <trkpt lat="42.1438" lon="2.56776">
        <ele>498.0</ele>
    </trkpt>
    <trkpt lat="42.1438" lon="2.56764">
        <ele>499.0</ele>
    </trkpt>
    <trkpt lat="42.1438" lon="2.56757">
        <ele>499.0</ele>
    </trkpt>
    <trkpt lat="42.1438" lon="2.5675">
        <ele>499.0</ele>
    </trkpt>
    <trkpt lat="42.1438" lon="2.56741">
        <ele>499.0</ele>
    </trkpt>
    <trkpt lat="42.1437" lon="2.56732">
        <ele>499.0</ele>
    </trkpt>
    <trkpt lat="42.1437" lon="2.56727">
        <ele>499.0</ele>
    </trkpt>
    <trkpt lat="42.1438" lon="2.56721">
        <ele>499.0</ele>
    </trkpt>
    <trkpt lat="42.1438" lon="2.56711">
        <ele>499.0</ele>
    </trkpt>
    <trkpt lat="42.1438" lon="2.567">
        <ele>500.0</ele>
    </trkpt>
    <trkpt lat="42.1437" lon="2.56688">
        <ele>500.0</ele>
    </trkpt>
    <trkpt lat="42.1437" lon="2.56683">
        <ele>500.0</ele>
    </trkpt>
    <trkpt lat="42.1437" lon="2.56672">
        <ele>501.0</ele>
    </trkpt>
    <trkpt lat="42.1437" lon="2.56668">
        <ele>502.0</ele>
    </trkpt>
    <trkpt lat="42.1437" lon="2.56663">
        <ele>502.0</ele>
    </trkpt>
    <trkpt lat="42.1437" lon="2.56659">
        <ele>503.0</ele>
    </trkpt>
    <trkpt lat="42.1437" lon="2.56656">
        <ele>502.0</ele>
    </trkpt>
    <trkpt lat="42.1436" lon="2.56649">
        <ele>502.0</ele>
    </trkpt>
    <trkpt lat="42.1436" lon="2.56646">
        <ele>502.0</ele>
    </trkpt>
    <trkpt lat="42.1435" lon="2.56642">
        <ele>502.0</ele>
    </trkpt>
    <trkpt lat="42.1435" lon="2.56635">
        <ele>502.0</ele>
    </trkpt>
    <trkpt lat="42.1434" lon="2.56626">
        <ele>502.0</ele>
    </trkpt>
    <trkpt lat="42.1434" lon="2.56616">
        <ele>502.0</ele>
    </trkpt>
    <trkpt lat="42.1434" lon="2.56602">
        <ele>503.0</ele>
    </trkpt>
    <trkpt lat="42.1433" lon="2.56597">
        <ele>504.0</ele>
    </trkpt>
    <trkpt lat="42.1433" lon="2.56589">
        <ele>504.0</ele>
    </trkpt>
    <trkpt lat="42.1432" lon="2.56583">
        <ele>504.0</ele>
    </trkpt>
    <trkpt lat="42.1432" lon="2.56582">
        <ele>504.0</ele>
    </trkpt>
    <trkpt lat="42.1431" lon="2.56582">
        <ele>502.0</ele>
    </trkpt>
    <trkpt lat="42.143" lon="2.5658">
        <ele>503.0</ele>
    </trkpt>
    <trkpt lat="42.143" lon="2.56579">
        <ele>503.0</ele>
    </trkpt>
    <trkpt lat="42.1431" lon="2.56578">
        <ele>503.0</ele>
    </trkpt>
    <trkpt lat="42.1431" lon="2.56578">
        <ele>503.0</ele>
    </trkpt>
    <trkpt lat="42.1431" lon="2.56576">
        <ele>504.0</ele>
    </trkpt>
    <trkpt lat="42.1431" lon="2.56575">
        <ele>505.0</ele>
    </trkpt>
    <trkpt lat="42.1431" lon="2.56571">
        <ele>506.0</ele>
    </trkpt>
    <trkpt lat="42.1431" lon="2.5657">
        <ele>507.0</ele>
    </trkpt>
    <trkpt lat="42.1431" lon="2.5657">
        <ele>507.0</ele>
    </trkpt>
    <trkpt lat="42.143" lon="2.56565">
        <ele>507.0</ele>
    </trkpt>
    <trkpt lat="42.1429" lon="2.56563">
        <ele>507.0</ele>
    </trkpt>
    <trkpt lat="42.1428" lon="2.56559">
        <ele>507.0</ele>
    </trkpt>
    <trkpt lat="42.1428" lon="2.56556">
        <ele>507.0</ele>
    </trkpt>
    <trkpt lat="42.1427" lon="2.56554">
        <ele>508.0</ele>
    </trkpt>
    <trkpt lat="42.1427" lon="2.5655">
        <ele>508.0</ele>
    </trkpt>
    <trkpt lat="42.1427" lon="2.56548">
        <ele>508.0</ele>
    </trkpt>
    <trkpt lat="42.1426" lon="2.56542">
        <ele>510.0</ele>
    </trkpt>
    <trkpt lat="42.1425" lon="2.56537">
        <ele>511.0</ele>
    </trkpt>
    <trkpt lat="42.1425" lon="2.56531">
        <ele>512.0</ele>
    </trkpt>
    <trkpt lat="42.1424" lon="2.56528">
        <ele>513.0</ele>
    </trkpt>
    <trkpt lat="42.1424" lon="2.56526">
        <ele>513.0</ele>
    </trkpt>
    <trkpt lat="42.1424" lon="2.56511">
        <ele>515.0</ele>
    </trkpt>
    <trkpt lat="42.1424" lon="2.56508">
        <ele>516.0</ele>
    </trkpt>
    <trkpt lat="42.1424" lon="2.56505">
        <ele>516.0</ele>
    </trkpt>
    <trkpt lat="42.1424" lon="2.56503">
        <ele>517.0</ele>
    </trkpt>
    <trkpt lat="42.1424" lon="2.56493">
        <ele>521.0</ele>
    </trkpt>
    <trkpt lat="42.1424" lon="2.56489">
        <ele>522.0</ele>
    </trkpt>
    <trkpt lat="42.1423" lon="2.56485">
        <ele>522.0</ele>
    </trkpt>
    <trkpt lat="42.1423" lon="2.56479">
        <ele>521.0</ele>
    </trkpt>
    <trkpt lat="42.1423" lon="2.56477">
        <ele>521.0</ele>
    </trkpt>
    <trkpt lat="42.1423" lon="2.56474">
        <ele>521.0</ele>
    </trkpt>
    <trkpt lat="42.1423" lon="2.56472">
        <ele>521.0</ele>
    </trkpt>
    <trkpt lat="42.1422" lon="2.56468">
        <ele>521.0</ele>
    </trkpt>
    <trkpt lat="42.1422" lon="2.56464">
        <ele>521.0</ele>
    </trkpt>
    <trkpt lat="42.1422" lon="2.5646">
        <ele>521.0</ele>
    </trkpt>
    <trkpt lat="42.1422" lon="2.56449">
        <ele>522.0</ele>
    </trkpt>
    <trkpt lat="42.1422" lon="2.56445">
        <ele>522.0</ele>
    </trkpt>
    <trkpt lat="42.1422" lon="2.56438">
        <ele>522.0</ele>
    </trkpt>
    <trkpt lat="42.1422" lon="2.56431">
        <ele>522.0</ele>
    </trkpt>
    <trkpt lat="42.1422" lon="2.56417">
        <ele>522.0</ele>
    </trkpt>
    <trkpt lat="42.1422" lon="2.5641">
        <ele>522.0</ele>
    </trkpt>
    <trkpt lat="42.1421" lon="2.56409">
        <ele>522.0</ele>
    </trkpt>
    <trkpt lat="42.1421" lon="2.56408">
        <ele>522.0</ele>
    </trkpt>
    <trkpt lat="42.1421" lon="2.56404">
        <ele>523.0</ele>
    </trkpt>
    <trkpt lat="42.142" lon="2.56401">
        <ele>523.0</ele>
    </trkpt>
    <trkpt lat="42.1419" lon="2.56394">
        <ele>523.0</ele>
    </trkpt>
    <trkpt lat="42.1418" lon="2.56386">
        <ele>522.0</ele>
    </trkpt>
    <trkpt lat="42.1418" lon="2.5638">
        <ele>522.0</ele>
    </trkpt>
    <trkpt lat="42.1418" lon="2.56375">
        <ele>522.0</ele>
    </trkpt>
    <trkpt lat="42.1417" lon="2.5637">
        <ele>523.0</ele>
    </trkpt>
    <trkpt lat="42.1417" lon="2.56366">
        <ele>523.0</ele>
    </trkpt>
    <trkpt lat="42.1417" lon="2.56361">
        <ele>524.0</ele>
    </trkpt>
    <trkpt lat="42.1417" lon="2.56347">
        <ele>524.0</ele>
    </trkpt>
    <trkpt lat="42.1417" lon="2.56333">
        <ele>524.0</ele>
    </trkpt>
    <trkpt lat="42.1417" lon="2.5632">
        <ele>524.0</ele>
    </trkpt>
    <trkpt lat="42.1417" lon="2.56306">
        <ele>525.0</ele>
    </trkpt>
    <trkpt lat="42.1417" lon="2.56295">
        <ele>525.0</ele>
    </trkpt>
    <trkpt lat="42.1418" lon="2.56279">
        <ele>525.0</ele>
    </trkpt>
    <trkpt lat="42.1418" lon="2.56273">
        <ele>525.0</ele>
    </trkpt>
    <trkpt lat="42.1418" lon="2.56259">
        <ele>525.0</ele>
    </trkpt>
    <trkpt lat="42.1418" lon="2.56245">
        <ele>525.0</ele>
    </trkpt>
    <trkpt lat="42.1419" lon="2.56231">
        <ele>525.0</ele>
    </trkpt>
    <trkpt lat="42.1419" lon="2.56217">
        <ele>525.0</ele>
    </trkpt>
    <trkpt lat="42.1419" lon="2.56202">
        <ele>525.0</ele>
    </trkpt>
    <trkpt lat="42.142" lon="2.56187">
        <ele>526.0</ele>
    </trkpt>
    <trkpt lat="42.1421" lon="2.56171">
        <ele>526.0</ele>
    </trkpt>
    <trkpt lat="42.1421" lon="2.56156">
        <ele>526.0</ele>
    </trkpt>
    <trkpt lat="42.1422" lon="2.56142">
        <ele>527.0</ele>
    </trkpt>
    <trkpt lat="42.1422" lon="2.56126">
        <ele>528.0</ele>
    </trkpt>
    <trkpt lat="42.1422" lon="2.56116">
        <ele>528.0</ele>
    </trkpt>
    <trkpt lat="42.1422" lon="2.56106">
        <ele>529.0</ele>
    </trkpt>
    <trkpt lat="42.1423" lon="2.56092">
        <ele>529.0</ele>
    </trkpt>
    <trkpt lat="42.1423" lon="2.56079">
        <ele>530.0</ele>
    </trkpt>
    <trkpt lat="42.1423" lon="2.56065">
        <ele>531.0</ele>
    </trkpt>
    <trkpt lat="42.1423" lon="2.56051">
        <ele>532.0</ele>
    </trkpt>
    <trkpt lat="42.1423" lon="2.56038">
        <ele>532.0</ele>
    </trkpt>
    <trkpt lat="42.1423" lon="2.56025">
        <ele>534.0</ele>
    </trkpt>
    <trkpt lat="42.1423" lon="2.56011">
        <ele>535.0</ele>
    </trkpt>
    <trkpt lat="42.1424" lon="2.55996">
        <ele>536.0</ele>
    </trkpt>
    <trkpt lat="42.1424" lon="2.55985">
        <ele>536.0</ele>
    </trkpt>
    <trkpt lat="42.1424" lon="2.55983">
        <ele>536.0</ele>
    </trkpt>
    <trkpt lat="42.1424" lon="2.55979">
        <ele>536.0</ele>
    </trkpt>
    <trkpt lat="42.1424" lon="2.55971">
        <ele>536.0</ele>
    </trkpt>
    <trkpt lat="42.1424" lon="2.55966">
        <ele>536.0</ele>
    </trkpt>
    <trkpt lat="42.1424" lon="2.55961">
        <ele>536.0</ele>
    </trkpt>
    <trkpt lat="42.1424" lon="2.55949">
        <ele>536.0</ele>
    </trkpt>
    <trkpt lat="42.1425" lon="2.55941">
        <ele>537.0</ele>
    </trkpt>
    <trkpt lat="42.1425" lon="2.55926">
        <ele>537.0</ele>
    </trkpt>
    <trkpt lat="42.1425" lon="2.55911">
        <ele>537.0</ele>
    </trkpt>
    <trkpt lat="42.1424" lon="2.55896">
        <ele>537.0</ele>
    </trkpt>
    <trkpt lat="42.1425" lon="2.55884">
        <ele>538.0</ele>
    </trkpt>
    <trkpt lat="42.1425" lon="2.55872">
        <ele>539.0</ele>
    </trkpt>
    <trkpt lat="42.1425" lon="2.55855">
        <ele>539.0</ele>
    </trkpt>
    <trkpt lat="42.1425" lon="2.55837">
        <ele>539.0</ele>
    </trkpt>
    <trkpt lat="42.1425" lon="2.5582">
        <ele>540.0</ele>
    </trkpt>
    <trkpt lat="42.1425" lon="2.55802">
        <ele>541.0</ele>
    </trkpt>
    <trkpt lat="42.1425" lon="2.55791">
        <ele>541.0</ele>
    </trkpt>
    <trkpt lat="42.1425" lon="2.5578">
        <ele>541.0</ele>
    </trkpt>
    <trkpt lat="42.1425" lon="2.55769">
        <ele>542.0</ele>
    </trkpt>
    <trkpt lat="42.1425" lon="2.55758">
        <ele>541.0</ele>
    </trkpt>
    <trkpt lat="42.1425" lon="2.55747">
        <ele>540.0</ele>
    </trkpt>
    <trkpt lat="42.1426" lon="2.55735">
        <ele>540.0</ele>
    </trkpt>
    <trkpt lat="42.1426" lon="2.55724">
        <ele>541.0</ele>
    </trkpt>
    <trkpt lat="42.1426" lon="2.55711">
        <ele>542.0</ele>
    </trkpt>
    <trkpt lat="42.1426" lon="2.55697">
        <ele>543.0</ele>
    </trkpt>
    <trkpt lat="42.1427" lon="2.55684">
        <ele>543.0</ele>
    </trkpt>
    <trkpt lat="42.1427" lon="2.55676">
        <ele>543.0</ele>
    </trkpt>
    <trkpt lat="42.1427" lon="2.55667">
        <ele>543.0</ele>
    </trkpt>
    <trkpt lat="42.1427" lon="2.55661">
        <ele>542.0</ele>
    </trkpt>
    <trkpt lat="42.1427" lon="2.55654">
        <ele>542.0</ele>
    </trkpt>
    <trkpt lat="42.1427" lon="2.55641">
        <ele>543.0</ele>
    </trkpt>
    <trkpt lat="42.1427" lon="2.55633">
        <ele>544.0</ele>
    </trkpt>
    <trkpt lat="42.1427" lon="2.55626">
        <ele>544.0</ele>
    </trkpt>
    <trkpt lat="42.1426" lon="2.55609">
        <ele>545.0</ele>
    </trkpt>
    <trkpt lat="42.1426" lon="2.55599">
        <ele>545.0</ele>
    </trkpt>
    <trkpt lat="42.1426" lon="2.5559">
        <ele>545.0</ele>
    </trkpt>
    <trkpt lat="42.1426" lon="2.55574">
        <ele>545.0</ele>
    </trkpt>
    <trkpt lat="42.1425" lon="2.55558">
        <ele>547.0</ele>
    </trkpt>
    <trkpt lat="42.1425" lon="2.55544">
        <ele>546.0</ele>
    </trkpt>
    <trkpt lat="42.1424" lon="2.5553">
        <ele>547.0</ele>
    </trkpt>
    <trkpt lat="42.1424" lon="2.55522">
        <ele>548.0</ele>
    </trkpt>
    <trkpt lat="42.1423" lon="2.55514">
        <ele>548.0</ele>
    </trkpt>
    <trkpt lat="42.1423" lon="2.55505">
        <ele>547.0</ele>
    </trkpt>
    <trkpt lat="42.1422" lon="2.5549">
        <ele>549.0</ele>
    </trkpt>
    <trkpt lat="42.1422" lon="2.55476">
        <ele>547.0</ele>
    </trkpt>
    <trkpt lat="42.1421" lon="2.55462">
        <ele>548.0</ele>
    </trkpt>
    <trkpt lat="42.142" lon="2.55447">
        <ele>545.0</ele>
    </trkpt>
    <trkpt lat="42.142" lon="2.55437">
        <ele>544.0</ele>
    </trkpt>
    <trkpt lat="42.1419" lon="2.55433">
        <ele>544.0</ele>
    </trkpt>
    <trkpt lat="42.1419" lon="2.5543">
        <ele>543.0</ele>
    </trkpt>
    <trkpt lat="42.1418" lon="2.55426">
        <ele>542.0</ele>
    </trkpt>
    <trkpt lat="42.1418" lon="2.55421">
        <ele>542.0</ele>
    </trkpt>
    <trkpt lat="42.1417" lon="2.55419">
        <ele>542.0</ele>
    </trkpt>
    <trkpt lat="42.1417" lon="2.55411">
        <ele>542.0</ele>
    </trkpt>
    <trkpt lat="42.1416" lon="2.55407">
        <ele>542.0</ele>
    </trkpt>
    <trkpt lat="42.1416" lon="2.55403">
        <ele>542.0</ele>
    </trkpt>
    <trkpt lat="42.1415" lon="2.55399">
        <ele>542.0</ele>
    </trkpt>
    <trkpt lat="42.1415" lon="2.55394">
        <ele>542.0</ele>
    </trkpt>
    <trkpt lat="42.1414" lon="2.55381">
        <ele>542.0</ele>
    </trkpt>
    <trkpt lat="42.1414" lon="2.55372">
        <ele>543.0</ele>
    </trkpt>
    <trkpt lat="42.1414" lon="2.55363">
        <ele>543.0</ele>
    </trkpt>
    <trkpt lat="42.1413" lon="2.5535">
        <ele>545.0</ele>
    </trkpt>
    <trkpt lat="42.1412" lon="2.55336">
        <ele>545.0</ele>
    </trkpt>
    <trkpt lat="42.1411" lon="2.55323">
        <ele>547.0</ele>
    </trkpt>
    <trkpt lat="42.1411" lon="2.55309">
        <ele>549.0</ele>
    </trkpt>
    <trkpt lat="42.141" lon="2.55296">
        <ele>550.0</ele>
    </trkpt>
    <trkpt lat="42.1409" lon="2.55287">
        <ele>552.0</ele>
    </trkpt>
    <trkpt lat="42.1409" lon="2.55278">
        <ele>555.0</ele>
    </trkpt>
    <trkpt lat="42.1408" lon="2.55264">
        <ele>557.0</ele>
    </trkpt>
    <trkpt lat="42.1408" lon="2.55258">
        <ele>557.0</ele>
    </trkpt>
    <trkpt lat="42.1407" lon="2.55243">
        <ele>560.0</ele>
    </trkpt>
    <trkpt lat="42.1407" lon="2.55229">
        <ele>562.0</ele>
    </trkpt>
    <trkpt lat="42.1406" lon="2.55221">
        <ele>562.0</ele>
    </trkpt>
    <trkpt lat="42.1406" lon="2.55216">
        <ele>564.0</ele>
    </trkpt>
    <trkpt lat="42.1405" lon="2.55212">
        <ele>564.0</ele>
    </trkpt>
    <trkpt lat="42.1405" lon="2.55209">
        <ele>565.0</ele>
    </trkpt>
    <trkpt lat="42.1405" lon="2.55206">
        <ele>565.0</ele>
    </trkpt>
    <trkpt lat="42.1404" lon="2.55202">
        <ele>564.0</ele>
    </trkpt>
    <trkpt lat="42.1403" lon="2.552">
        <ele>565.0</ele>
    </trkpt>
    <trkpt lat="42.1402" lon="2.552">
        <ele>565.0</ele>
    </trkpt>
    <trkpt lat="42.14" lon="2.552">
        <ele>565.0</ele>
    </trkpt>
    <trkpt lat="42.14" lon="2.55201">
        <ele>565.0</ele>
    </trkpt>
    <trkpt lat="42.14" lon="2.55203">
        <ele>565.0</ele>
    </trkpt>
    <trkpt lat="42.1399" lon="2.55205">
        <ele>565.0</ele>
    </trkpt>
    <trkpt lat="42.1399" lon="2.55207">
        <ele>566.0</ele>
    </trkpt>
    <trkpt lat="42.1399" lon="2.55209">
        <ele>566.0</ele>
    </trkpt>
    <trkpt lat="42.1398" lon="2.55211">
        <ele>566.0</ele>
    </trkpt>
    <trkpt lat="42.1398" lon="2.55217">
        <ele>567.0</ele>
    </trkpt>
    <trkpt lat="42.1397" lon="2.55221">
        <ele>567.0</ele>
    </trkpt>
    <trkpt lat="42.1397" lon="2.55224">
        <ele>567.0</ele>
    </trkpt>
    <trkpt lat="42.1396" lon="2.55229">
        <ele>568.0</ele>
    </trkpt>
    <trkpt lat="42.1395" lon="2.5523">
        <ele>570.0</ele>
    </trkpt>
    <trkpt lat="42.1395" lon="2.5523">
        <ele>570.0</ele>
    </trkpt>
    <trkpt lat="42.1395" lon="2.55231">
        <ele>570.0</ele>
    </trkpt>
    <trkpt lat="42.1394" lon="2.55232">
        <ele>572.0</ele>
    </trkpt>
    <trkpt lat="42.1393" lon="2.55233">
        <ele>572.0</ele>
    </trkpt>
    <trkpt lat="42.1393" lon="2.55235">
        <ele>572.0</ele>
    </trkpt>
    <trkpt lat="42.1393" lon="2.55236">
        <ele>572.0</ele>
    </trkpt>
    <trkpt lat="42.1392" lon="2.55237">
        <ele>573.0</ele>
    </trkpt>
    <trkpt lat="42.1391" lon="2.55239">
        <ele>574.0</ele>
    </trkpt>
    <trkpt lat="42.1391" lon="2.5524">
        <ele>574.0</ele>
    </trkpt>
    <trkpt lat="42.1391" lon="2.55241">
        <ele>574.0</ele>
    </trkpt>
    <trkpt lat="42.139" lon="2.55242">
        <ele>575.0</ele>
    </trkpt>
    <trkpt lat="42.139" lon="2.55243">
        <ele>575.0</ele>
    </trkpt>
    <trkpt lat="42.139" lon="2.55243">
        <ele>575.0</ele>
    </trkpt>
    <trkpt lat="42.1389" lon="2.55242">
        <ele>576.0</ele>
    </trkpt>
    <trkpt lat="42.1389" lon="2.5524">
        <ele>576.0</ele>
    </trkpt>
    <trkpt lat="42.1389" lon="2.55239">
        <ele>577.0</ele>
    </trkpt>
    <trkpt lat="42.1389" lon="2.55238">
        <ele>577.0</ele>
    </trkpt>
    <trkpt lat="42.1389" lon="2.55238">
        <ele>577.0</ele>
    </trkpt>
    <trkpt lat="42.1389" lon="2.55232">
        <ele>578.0</ele>
    </trkpt>
    <trkpt lat="42.1389" lon="2.5523">
        <ele>579.0</ele>
    </trkpt>
    <trkpt lat="42.139" lon="2.55226">
        <ele>580.0</ele>
    </trkpt>
    <trkpt lat="42.139" lon="2.55224">
        <ele>580.0</ele>
    </trkpt>
    <trkpt lat="42.139" lon="2.55218">
        <ele>582.0</ele>
    </trkpt>
    <trkpt lat="42.1391" lon="2.55214">
        <ele>583.0</ele>
    </trkpt>
    <trkpt lat="42.1391" lon="2.55209">
        <ele>584.0</ele>
    </trkpt>
    <trkpt lat="42.1391" lon="2.55205">
        <ele>585.0</ele>
    </trkpt>
    <trkpt lat="42.1391" lon="2.55201">
        <ele>585.0</ele>
    </trkpt>
    <trkpt lat="42.1392" lon="2.55192">
        <ele>587.0</ele>
    </trkpt>
    <trkpt lat="42.1392" lon="2.5519">
        <ele>587.0</ele>
    </trkpt>
    <trkpt lat="42.1392" lon="2.55188">
        <ele>587.0</ele>
    </trkpt>
    <trkpt lat="42.1392" lon="2.55185">
        <ele>588.0</ele>
    </trkpt>
    <trkpt lat="42.1393" lon="2.55178">
        <ele>589.0</ele>
    </trkpt>
    <trkpt lat="42.1393" lon="2.55176">
        <ele>589.0</ele>
    </trkpt>
    <trkpt lat="42.1393" lon="2.55174">
        <ele>589.0</ele>
    </trkpt>
    <trkpt lat="42.1393" lon="2.55172">
        <ele>590.0</ele>
    </trkpt>
    <trkpt lat="42.1394" lon="2.55169">
        <ele>590.0</ele>
    </trkpt>
    <trkpt lat="42.1394" lon="2.55169">
        <ele>590.0</ele>
    </trkpt>
    <trkpt lat="42.1393" lon="2.55173">
        <ele>589.0</ele>
    </trkpt>
    <trkpt lat="42.1393" lon="2.55177">
        <ele>589.0</ele>
    </trkpt>
    <trkpt lat="42.1392" lon="2.55178">
        <ele>589.0</ele>
    </trkpt>
    <trkpt lat="42.1392" lon="2.55179">
        <ele>589.0</ele>
    </trkpt>
    <trkpt lat="42.1392" lon="2.55178">
        <ele>589.0</ele>
    </trkpt>
    <trkpt lat="42.1391" lon="2.55178">
        <ele>589.0</ele>
    </trkpt>
    <trkpt lat="42.1391" lon="2.55177">
        <ele>588.0</ele>
    </trkpt>
    <trkpt lat="42.1391" lon="2.55175">
        <ele>588.0</ele>
    </trkpt>
    <trkpt lat="42.1391" lon="2.55172">
        <ele>588.0</ele>
    </trkpt>
    <trkpt lat="42.1391" lon="2.55157">
        <ele>588.0</ele>
    </trkpt>
    <trkpt lat="42.1391" lon="2.55143">
        <ele>588.0</ele>
    </trkpt>
    <trkpt lat="42.1391" lon="2.55133">
        <ele>589.0</ele>
    </trkpt>
    <trkpt lat="42.1391" lon="2.55123">
        <ele>589.0</ele>
    </trkpt>
    <trkpt lat="42.1391" lon="2.55115">
        <ele>588.0</ele>
    </trkpt>
    <trkpt lat="42.1391" lon="2.55106">
        <ele>588.0</ele>
    </trkpt>
    <trkpt lat="42.1391" lon="2.55096">
        <ele>588.0</ele>
    </trkpt>
    <trkpt lat="42.1391" lon="2.55084">
        <ele>588.0</ele>
    </trkpt>
    <trkpt lat="42.1391" lon="2.55072">
        <ele>589.0</ele>
    </trkpt>
    <trkpt lat="42.1391" lon="2.55068">
        <ele>588.0</ele>
    </trkpt>
    <trkpt lat="42.1391" lon="2.55065">
        <ele>588.0</ele>
    </trkpt>
    <trkpt lat="42.1391" lon="2.55063">
        <ele>588.0</ele>
    </trkpt>
    <trkpt lat="42.1391" lon="2.55062">
        <ele>587.0</ele>
    </trkpt>
    <trkpt lat="42.139" lon="2.55061">
        <ele>587.0</ele>
    </trkpt>
    <trkpt lat="42.139" lon="2.55061">
        <ele>586.0</ele>
    </trkpt>
    <trkpt lat="42.1389" lon="2.55065">
        <ele>586.0</ele>
    </trkpt>
    <trkpt lat="42.1388" lon="2.55067">
        <ele>586.0</ele>
    </trkpt>
    <trkpt lat="42.1387" lon="2.55069">
        <ele>586.0</ele>
    </trkpt>
    <trkpt lat="42.1386" lon="2.55073">
        <ele>584.0</ele>
    </trkpt>
    <trkpt lat="42.1385" lon="2.55077">
        <ele>583.0</ele>
    </trkpt>
    <trkpt lat="42.1384" lon="2.55081">
        <ele>582.0</ele>
    </trkpt>
    <trkpt lat="42.1384" lon="2.55083">
        <ele>582.0</ele>
    </trkpt>
    <trkpt lat="42.1383" lon="2.55085">
        <ele>581.0</ele>
    </trkpt>
    <trkpt lat="42.1382" lon="2.55085">
        <ele>580.0</ele>
    </trkpt>
    <trkpt lat="42.1381" lon="2.55087">
        <ele>579.0</ele>
    </trkpt>
    <trkpt lat="42.138" lon="2.55087">
        <ele>579.0</ele>
    </trkpt>
    <trkpt lat="42.138" lon="2.55089">
        <ele>578.0</ele>
    </trkpt>
    <trkpt lat="42.1379" lon="2.55091">
        <ele>577.0</ele>
    </trkpt>
    <trkpt lat="42.1379" lon="2.55093">
        <ele>577.0</ele>
    </trkpt>
    <trkpt lat="42.1379" lon="2.55095">
        <ele>577.0</ele>
    </trkpt>
    <trkpt lat="42.1379" lon="2.55098">
        <ele>576.0</ele>
    </trkpt>
    <trkpt lat="42.1379" lon="2.55099">
        <ele>576.0</ele>
    </trkpt>
    <trkpt lat="42.1379" lon="2.55102">
        <ele>575.0</ele>
    </trkpt>
    <trkpt lat="42.1378" lon="2.55111">
        <ele>573.0</ele>
    </trkpt>
    <trkpt lat="42.1378" lon="2.55116">
        <ele>573.0</ele>
    </trkpt>
    <trkpt lat="42.1378" lon="2.5512">
        <ele>573.0</ele>
    </trkpt>
    <trkpt lat="42.1377" lon="2.55124">
        <ele>572.0</ele>
    </trkpt>
    <trkpt lat="42.1377" lon="2.55126">
        <ele>573.0</ele>
    </trkpt>
    <trkpt lat="42.1377" lon="2.55129">
        <ele>572.0</ele>
    </trkpt>
    <trkpt lat="42.1376" lon="2.55132">
        <ele>571.0</ele>
    </trkpt>
    <trkpt lat="42.1376" lon="2.55134">
        <ele>571.0</ele>
    </trkpt>
    <trkpt lat="42.1375" lon="2.55137">
        <ele>571.0</ele>
    </trkpt>
    <trkpt lat="42.1374" lon="2.55139">
        <ele>572.0</ele>
    </trkpt>
    <trkpt lat="42.1374" lon="2.55141">
        <ele>572.0</ele>
    </trkpt>
    <trkpt lat="42.1373" lon="2.55141">
        <ele>572.0</ele>
    </trkpt>
    <trkpt lat="42.1372" lon="2.55139">
        <ele>570.0</ele>
    </trkpt>
    <trkpt lat="42.1371" lon="2.55135">
        <ele>569.0</ele>
    </trkpt>
    <trkpt lat="42.137" lon="2.55133">
        <ele>568.0</ele>
    </trkpt>
    <trkpt lat="42.137" lon="2.55131">
        <ele>568.0</ele>
    </trkpt>
    <trkpt lat="42.1369" lon="2.55129">
        <ele>568.0</ele>
    </trkpt>
    <trkpt lat="42.1369" lon="2.55128">
        <ele>567.0</ele>
    </trkpt>
    <trkpt lat="42.1368" lon="2.55126">
        <ele>566.0</ele>
    </trkpt>
    <trkpt lat="42.1368" lon="2.55123">
        <ele>564.0</ele>
    </trkpt>
    <trkpt lat="42.1367" lon="2.55121">
        <ele>563.0</ele>
    </trkpt>
    <trkpt lat="42.1367" lon="2.55118">
        <ele>563.0</ele>
    </trkpt>
    <trkpt lat="42.1367" lon="2.55111">
        <ele>563.0</ele>
    </trkpt>
    <trkpt lat="42.1366" lon="2.55103">
        <ele>563.0</ele>
    </trkpt>
    <trkpt lat="42.1366" lon="2.551">
        <ele>563.0</ele>
    </trkpt>
    <trkpt lat="42.1366" lon="2.55099">
        <ele>562.0</ele>
    </trkpt>
    <trkpt lat="42.1365" lon="2.55099">
        <ele>561.0</ele>
    </trkpt>
    <trkpt lat="42.1365" lon="2.55101">
        <ele>560.0</ele>
    </trkpt>
    <trkpt lat="42.1364" lon="2.55102">
        <ele>559.0</ele>
    </trkpt>
    <trkpt lat="42.1363" lon="2.55108">
        <ele>558.0</ele>
    </trkpt>
    <trkpt lat="42.1362" lon="2.55112">
        <ele>560.0</ele>
    </trkpt>
    <trkpt lat="42.1362" lon="2.55114">
        <ele>561.0</ele>
    </trkpt>
    <trkpt lat="42.1361" lon="2.55117">
        <ele>562.0</ele>
    </trkpt>
    <trkpt lat="42.1361" lon="2.55121">
        <ele>562.0</ele>
    </trkpt>
    <trkpt lat="42.136" lon="2.55127">
        <ele>564.0</ele>
    </trkpt>
    <trkpt lat="42.1359" lon="2.55136">
        <ele>565.0</ele>
    </trkpt>
    <trkpt lat="42.1358" lon="2.55145">
        <ele>567.0</ele>
    </trkpt>
    <trkpt lat="42.1357" lon="2.55154">
        <ele>568.0</ele>
    </trkpt>
    <trkpt lat="42.1356" lon="2.55163">
        <ele>569.0</ele>
    </trkpt>
    <trkpt lat="42.1356" lon="2.55166">
        <ele>570.0</ele>
    </trkpt>
    <trkpt lat="42.1355" lon="2.5517">
        <ele>570.0</ele>
    </trkpt>
    <trkpt lat="42.1354" lon="2.5517">
        <ele>571.0</ele>
    </trkpt>
    <trkpt lat="42.1353" lon="2.55169">
        <ele>571.0</ele>
    </trkpt>
    <trkpt lat="42.1352" lon="2.55167">
        <ele>572.0</ele>
    </trkpt>
    <trkpt lat="42.1351" lon="2.55166">
        <ele>573.0</ele>
    </trkpt>
    <trkpt lat="42.135" lon="2.55166">
        <ele>574.0</ele>
    </trkpt>
    <trkpt lat="42.1349" lon="2.55166">
        <ele>575.0</ele>
    </trkpt>
    <trkpt lat="42.1348" lon="2.55166">
        <ele>575.0</ele>
    </trkpt>
    <trkpt lat="42.1347" lon="2.55167">
        <ele>576.0</ele>
    </trkpt>
    <trkpt lat="42.1346" lon="2.55168">
        <ele>576.0</ele>
    </trkpt>
    <trkpt lat="42.1345" lon="2.55168">
        <ele>576.0</ele>
    </trkpt>
    <trkpt lat="42.1344" lon="2.55168">
        <ele>576.0</ele>
    </trkpt>
    <trkpt lat="42.1344" lon="2.55167">
        <ele>577.0</ele>
    </trkpt>
    <trkpt lat="42.1343" lon="2.55166">
        <ele>578.0</ele>
    </trkpt>
    <trkpt lat="42.1343" lon="2.55163">
        <ele>578.0</ele>
    </trkpt>
    <trkpt lat="42.1343" lon="2.5516">
        <ele>578.0</ele>
    </trkpt>
    <trkpt lat="42.1342" lon="2.55156">
        <ele>578.0</ele>
    </trkpt>
    <trkpt lat="42.1342" lon="2.55152">
        <ele>579.0</ele>
    </trkpt>
    <trkpt lat="42.1341" lon="2.55147">
        <ele>579.0</ele>
    </trkpt>
    <trkpt lat="42.1341" lon="2.55142">
        <ele>580.0</ele>
    </trkpt>
    <trkpt lat="42.1341" lon="2.55136">
        <ele>580.0</ele>
    </trkpt>
    <trkpt lat="42.134" lon="2.5513">
        <ele>580.0</ele>
    </trkpt>
    <trkpt lat="42.134" lon="2.55124">
        <ele>580.0</ele>
    </trkpt>
    <trkpt lat="42.134" lon="2.55114">
        <ele>581.0</ele>
    </trkpt>
    <trkpt lat="42.134" lon="2.55102">
        <ele>581.0</ele>
    </trkpt>
    <trkpt lat="42.134" lon="2.55093">
        <ele>581.0</ele>
    </trkpt>
    <trkpt lat="42.1341" lon="2.55084">
        <ele>581.0</ele>
    </trkpt>
    <trkpt lat="42.1341" lon="2.55074">
        <ele>581.0</ele>
    </trkpt>
    <trkpt lat="42.134" lon="2.55069">
        <ele>581.0</ele>
    </trkpt>
    <trkpt lat="42.134" lon="2.55065">
        <ele>581.0</ele>
    </trkpt>
    <trkpt lat="42.134" lon="2.55061">
        <ele>582.0</ele>
    </trkpt>
    <trkpt lat="42.134" lon="2.55058">
        <ele>581.0</ele>
    </trkpt>
    <trkpt lat="42.1339" lon="2.55054">
        <ele>582.0</ele>
    </trkpt>
    <trkpt lat="42.1339" lon="2.55051">
        <ele>582.0</ele>
    </trkpt>
    <trkpt lat="42.1339" lon="2.55048">
        <ele>582.0</ele>
    </trkpt>
    <trkpt lat="42.1338" lon="2.55047">
        <ele>582.0</ele>
    </trkpt>
    <trkpt lat="42.1338" lon="2.55046">
        <ele>583.0</ele>
    </trkpt>
    <trkpt lat="42.1336" lon="2.55044">
        <ele>584.0</ele>
    </trkpt>
    <trkpt lat="42.1336" lon="2.55044">
        <ele>585.0</ele>
    </trkpt>
    <trkpt lat="42.1335" lon="2.55042">
        <ele>585.0</ele>
    </trkpt>
    <trkpt lat="42.1334" lon="2.55041">
        <ele>587.0</ele>
    </trkpt>
    <trkpt lat="42.1333" lon="2.55039">
        <ele>588.0</ele>
    </trkpt>
    <trkpt lat="42.1332" lon="2.55038">
        <ele>589.0</ele>
    </trkpt>
    <trkpt lat="42.1332" lon="2.55038">
        <ele>589.0</ele>
    </trkpt>
    <trkpt lat="42.1331" lon="2.55038">
        <ele>590.0</ele>
    </trkpt>
    <trkpt lat="42.133" lon="2.5504">
        <ele>591.0</ele>
    </trkpt>
    <trkpt lat="42.1328" lon="2.55043">
        <ele>591.0</ele>
    </trkpt>
    <trkpt lat="42.1327" lon="2.55045">
        <ele>593.0</ele>
    </trkpt>
    <trkpt lat="42.1327" lon="2.55045">
        <ele>593.0</ele>
    </trkpt>
    <trkpt lat="42.1326" lon="2.55043">
        <ele>595.0</ele>
    </trkpt>
    <trkpt lat="42.1326" lon="2.55041">
        <ele>596.0</ele>
    </trkpt>
    <trkpt lat="42.1325" lon="2.55036">
        <ele>596.0</ele>
    </trkpt>
    <trkpt lat="42.1324" lon="2.55033">
        <ele>597.0</ele>
    </trkpt>
    <trkpt lat="42.1324" lon="2.5503">
        <ele>598.0</ele>
    </trkpt>
    <trkpt lat="42.1323" lon="2.5503">
        <ele>598.0</ele>
    </trkpt>
    <trkpt lat="42.1323" lon="2.55028">
        <ele>598.0</ele>
    </trkpt>
    <trkpt lat="42.1322" lon="2.55028">
        <ele>600.0</ele>
    </trkpt>
    <trkpt lat="42.1321" lon="2.55028">
        <ele>601.0</ele>
    </trkpt>
    <trkpt lat="42.1321" lon="2.55029">
        <ele>601.0</ele>
    </trkpt>
    <trkpt lat="42.132" lon="2.55032">
        <ele>602.0</ele>
    </trkpt>
    <trkpt lat="42.1319" lon="2.55036">
        <ele>603.0</ele>
    </trkpt>
    <trkpt lat="42.1319" lon="2.55039">
        <ele>603.0</ele>
    </trkpt>
    <trkpt lat="42.1317" lon="2.55043">
        <ele>605.0</ele>
    </trkpt>
    <trkpt lat="42.1316" lon="2.55046">
        <ele>607.0</ele>
    </trkpt>
    <trkpt lat="42.1315" lon="2.5505">
        <ele>609.0</ele>
    </trkpt>
    <trkpt lat="42.1314" lon="2.55056">
        <ele>610.0</ele>
    </trkpt>
    <trkpt lat="42.1313" lon="2.55061">
        <ele>610.0</ele>
    </trkpt>
    <trkpt lat="42.1313" lon="2.55066">
        <ele>611.0</ele>
    </trkpt>
    <trkpt lat="42.1312" lon="2.55068">
        <ele>612.0</ele>
    </trkpt>
    <trkpt lat="42.1311" lon="2.55069">
        <ele>612.0</ele>
    </trkpt>
    <trkpt lat="42.1311" lon="2.55071">
        <ele>614.0</ele>
    </trkpt>
    <trkpt lat="42.131" lon="2.55074">
        <ele>614.0</ele>
    </trkpt>
    <trkpt lat="42.1309" lon="2.55078">
        <ele>615.0</ele>
    </trkpt>
    <trkpt lat="42.1309" lon="2.55081">
        <ele>616.0</ele>
    </trkpt>
    <trkpt lat="42.1308" lon="2.55082">
        <ele>616.0</ele>
    </trkpt>
    <trkpt lat="42.1307" lon="2.55086">
        <ele>618.0</ele>
    </trkpt>
    <trkpt lat="42.1307" lon="2.5509">
        <ele>619.0</ele>
    </trkpt>
    <trkpt lat="42.1306" lon="2.55095">
        <ele>620.0</ele>
    </trkpt>
    <trkpt lat="42.1305" lon="2.55097">
        <ele>621.0</ele>
    </trkpt>
    <trkpt lat="42.1305" lon="2.551">
        <ele>622.0</ele>
    </trkpt>
    <trkpt lat="42.1304" lon="2.55102">
        <ele>623.0</ele>
    </trkpt>
    <trkpt lat="42.1304" lon="2.55106">
        <ele>623.0</ele>
    </trkpt>
    <trkpt lat="42.1304" lon="2.5511">
        <ele>624.0</ele>
    </trkpt>
    <trkpt lat="42.1304" lon="2.55114">
        <ele>625.0</ele>
    </trkpt>
    <trkpt lat="42.1304" lon="2.5512">
        <ele>625.0</ele>
    </trkpt>
    <trkpt lat="42.1304" lon="2.55125">
        <ele>626.0</ele>
    </trkpt>
    <trkpt lat="42.1303" lon="2.55132">
        <ele>627.0</ele>
    </trkpt>
    <trkpt lat="42.1303" lon="2.55138">
        <ele>627.0</ele>
    </trkpt>
    <trkpt lat="42.1304" lon="2.55147">
        <ele>627.0</ele>
    </trkpt>
    <trkpt lat="42.1304" lon="2.55155">
        <ele>627.0</ele>
    </trkpt>
    <trkpt lat="42.1304" lon="2.55171">
        <ele>627.0</ele>
    </trkpt>
    <trkpt lat="42.1304" lon="2.55182">
        <ele>627.0</ele>
    </trkpt>
    <trkpt lat="42.1304" lon="2.55192">
        <ele>627.0</ele>
    </trkpt>
    <trkpt lat="42.1304" lon="2.55198">
        <ele>627.0</ele>
    </trkpt>
    <trkpt lat="42.1303" lon="2.552">
        <ele>627.0</ele>
    </trkpt>
    <trkpt lat="42.1303" lon="2.55203">
        <ele>628.0</ele>
    </trkpt>
    <trkpt lat="42.1302" lon="2.55202">
        <ele>628.0</ele>
    </trkpt>
    <trkpt lat="42.1302" lon="2.552">
        <ele>628.0</ele>
    </trkpt>
    <trkpt lat="42.1302" lon="2.55197">
        <ele>629.0</ele>
    </trkpt>
    <trkpt lat="42.1302" lon="2.55194">
        <ele>630.0</ele>
    </trkpt>
    <trkpt lat="42.1301" lon="2.55182">
        <ele>631.0</ele>
    </trkpt>
    <trkpt lat="42.13" lon="2.55174">
        <ele>633.0</ele>
    </trkpt>
    <trkpt lat="42.1299" lon="2.5517">
        <ele>633.0</ele>
    </trkpt>
    <trkpt lat="42.1299" lon="2.55168">
        <ele>633.0</ele>
    </trkpt>
    <trkpt lat="42.1299" lon="2.55167">
        <ele>633.0</ele>
    </trkpt>
    <trkpt lat="42.1298" lon="2.55166">
        <ele>633.0</ele>
    </trkpt>
    <trkpt lat="42.1298" lon="2.55166">
        <ele>633.0</ele>
    </trkpt>
    <trkpt lat="42.1297" lon="2.55165">
        <ele>634.0</ele>
    </trkpt>
    <trkpt lat="42.1297" lon="2.55164">
        <ele>634.0</ele>
    </trkpt>
    <trkpt lat="42.1297" lon="2.55163">
        <ele>635.0</ele>
    </trkpt>
    <trkpt lat="42.1296" lon="2.55159">
        <ele>637.0</ele>
    </trkpt>
    <trkpt lat="42.1296" lon="2.55159">
        <ele>638.0</ele>
    </trkpt>
    <trkpt lat="42.1295" lon="2.55158">
        <ele>639.0</ele>
    </trkpt>
    <trkpt lat="42.1295" lon="2.55158">
        <ele>640.0</ele>
    </trkpt>
    <trkpt lat="42.1295" lon="2.55156">
        <ele>641.0</ele>
    </trkpt>
    <trkpt lat="42.1294" lon="2.55154">
        <ele>641.0</ele>
    </trkpt>
    <trkpt lat="42.1294" lon="2.55152">
        <ele>641.0</ele>
    </trkpt>
    <trkpt lat="42.1294" lon="2.5515">
        <ele>641.0</ele>
    </trkpt>
    <trkpt lat="42.1293" lon="2.55139">
        <ele>643.0</ele>
    </trkpt>
    <trkpt lat="42.1293" lon="2.55136">
        <ele>643.0</ele>
    </trkpt>
    <trkpt lat="42.1292" lon="2.55133">
        <ele>643.0</ele>
    </trkpt>
    <trkpt lat="42.1292" lon="2.55127">
        <ele>643.0</ele>
    </trkpt>
    <trkpt lat="42.1292" lon="2.55125">
        <ele>644.0</ele>
    </trkpt>
    <trkpt lat="42.1292" lon="2.55122">
        <ele>644.0</ele>
    </trkpt>
    <trkpt lat="42.1292" lon="2.55121">
        <ele>644.0</ele>
    </trkpt>
    <trkpt lat="42.1292" lon="2.5512">
        <ele>645.0</ele>
    </trkpt>
    <trkpt lat="42.1291" lon="2.5512">
        <ele>646.0</ele>
    </trkpt>
    <trkpt lat="42.1291" lon="2.55124">
        <ele>646.0</ele>
    </trkpt>
    <trkpt lat="42.1291" lon="2.55126">
        <ele>647.0</ele>
    </trkpt>
    <trkpt lat="42.129" lon="2.55129">
        <ele>647.0</ele>
    </trkpt>
    <trkpt lat="42.129" lon="2.55133">
        <ele>648.0</ele>
    </trkpt>
    <trkpt lat="42.129" lon="2.55135">
        <ele>648.0</ele>
    </trkpt>
    <trkpt lat="42.129" lon="2.5514">
        <ele>649.0</ele>
    </trkpt>
    <trkpt lat="42.129" lon="2.55142">
        <ele>649.0</ele>
    </trkpt>
    <trkpt lat="42.1289" lon="2.55148">
        <ele>649.0</ele>
    </trkpt>
    <trkpt lat="42.1289" lon="2.55152">
        <ele>650.0</ele>
    </trkpt>
    <trkpt lat="42.1288" lon="2.55157">
        <ele>651.0</ele>
    </trkpt>
    <trkpt lat="42.1288" lon="2.55157">
        <ele>651.0</ele>
    </trkpt>
    <trkpt lat="42.1288" lon="2.55158">
        <ele>651.0</ele>
    </trkpt>
    <trkpt lat="42.1288" lon="2.55156">
        <ele>652.0</ele>
    </trkpt>
    <trkpt lat="42.1287" lon="2.55155">
        <ele>652.0</ele>
    </trkpt>
    <trkpt lat="42.1287" lon="2.55153">
        <ele>652.0</ele>
    </trkpt>
    <trkpt lat="42.1287" lon="2.55151">
        <ele>653.0</ele>
    </trkpt>
    <trkpt lat="42.1287" lon="2.55145">
        <ele>654.0</ele>
    </trkpt>
    <trkpt lat="42.1287" lon="2.55142">
        <ele>654.0</ele>
    </trkpt>
    <trkpt lat="42.1287" lon="2.55142">
        <ele>654.0</ele>
    </trkpt>
    <trkpt lat="42.1286" lon="2.55139">
        <ele>655.0</ele>
    </trkpt>
    <trkpt lat="42.1286" lon="2.55138">
        <ele>656.0</ele>
    </trkpt>
    <trkpt lat="42.1285" lon="2.55134">
        <ele>657.0</ele>
    </trkpt>
    <trkpt lat="42.1285" lon="2.55133">
        <ele>658.0</ele>
    </trkpt>
    <trkpt lat="42.1285" lon="2.55132">
        <ele>658.0</ele>
    </trkpt>
    <trkpt lat="42.1284" lon="2.5513">
        <ele>659.0</ele>
    </trkpt>
    <trkpt lat="42.1284" lon="2.55129">
        <ele>659.0</ele>
    </trkpt>
    <trkpt lat="42.1284" lon="2.55128">
        <ele>660.0</ele>
    </trkpt>
    <trkpt lat="42.1283" lon="2.55126">
        <ele>661.0</ele>
    </trkpt>
    <trkpt lat="42.1283" lon="2.55125">
        <ele>661.0</ele>
    </trkpt>
    <trkpt lat="42.1283" lon="2.55124">
        <ele>662.0</ele>
    </trkpt>
    <trkpt lat="42.1282" lon="2.55121">
        <ele>662.0</ele>
    </trkpt>
    <trkpt lat="42.1282" lon="2.55115">
        <ele>664.0</ele>
    </trkpt>
    <trkpt lat="42.1282" lon="2.55111">
        <ele>665.0</ele>
    </trkpt>
    <trkpt lat="42.1281" lon="2.55097">
        <ele>668.0</ele>
    </trkpt>
    <trkpt lat="42.1281" lon="2.55082">
        <ele>671.0</ele>
    </trkpt>
    <trkpt lat="42.1281" lon="2.55067">
        <ele>674.0</ele>
    </trkpt>
    <trkpt lat="42.128" lon="2.55053">
        <ele>677.0</ele>
    </trkpt>
    <trkpt lat="42.128" lon="2.55043">
        <ele>680.0</ele>
    </trkpt>
    <trkpt lat="42.128" lon="2.55033">
        <ele>682.0</ele>
    </trkpt>
    <trkpt lat="42.128" lon="2.55023">
        <ele>683.0</ele>
    </trkpt>
    <trkpt lat="42.1281" lon="2.55014">
        <ele>685.0</ele>
    </trkpt>
    <trkpt lat="42.1281" lon="2.55005">
        <ele>687.0</ele>
    </trkpt>
    <trkpt lat="42.1281" lon="2.54993">
        <ele>688.0</ele>
    </trkpt>
    <trkpt lat="42.1282" lon="2.5498">
        <ele>689.0</ele>
    </trkpt>
    <trkpt lat="42.1282" lon="2.54967">
        <ele>689.0</ele>
    </trkpt>
    <trkpt lat="42.1282" lon="2.54957">
        <ele>689.0</ele>
    </trkpt>
    <trkpt lat="42.1282" lon="2.54948">
        <ele>691.0</ele>
    </trkpt>
    <trkpt lat="42.1282" lon="2.54943">
        <ele>692.0</ele>
    </trkpt>
    <trkpt lat="42.1282" lon="2.54937">
        <ele>694.0</ele>
    </trkpt>
    <trkpt lat="42.1282" lon="2.54935">
        <ele>697.0</ele>
    </trkpt>
    <trkpt lat="42.1281" lon="2.54938">
        <ele>703.0</ele>
    </trkpt>
    <trkpt lat="42.128" lon="2.54941">
        <ele>713.0</ele>
    </trkpt>
    <trkpt lat="42.1279" lon="2.54949">
        <ele>716.0</ele>
    </trkpt>
    <trkpt lat="42.1278" lon="2.54951">
        <ele>719.0</ele>
    </trkpt>
    <trkpt lat="42.1278" lon="2.5495">
        <ele>725.0</ele>
    </trkpt>
    <trkpt lat="42.1277" lon="2.54952">
        <ele>731.0</ele>
    </trkpt>
    <trkpt lat="42.1276" lon="2.54953">
        <ele>735.0</ele>
    </trkpt>
    <trkpt lat="42.1275" lon="2.54954">
        <ele>741.0</ele>
    </trkpt>
    <trkpt lat="42.1274" lon="2.54954">
        <ele>749.0</ele>
    </trkpt>
    <trkpt lat="42.1273" lon="2.54951">
        <ele>752.0</ele>
    </trkpt>
    <trkpt lat="42.1273" lon="2.54947">
        <ele>753.0</ele>
    </trkpt>
    <trkpt lat="42.1274" lon="2.54937">
        <ele>755.0</ele>
    </trkpt>
    <trkpt lat="42.1274" lon="2.54931">
        <ele>755.0</ele>
    </trkpt>
    <trkpt lat="42.1275" lon="2.54926">
        <ele>754.0</ele>
    </trkpt>
    <trkpt lat="42.1275" lon="2.54921">
        <ele>755.0</ele>
    </trkpt>
    <trkpt lat="42.1276" lon="2.54911">
        <ele>756.0</ele>
    </trkpt>
    <trkpt lat="42.1276" lon="2.54898">
        <ele>755.0</ele>
    </trkpt>
    <trkpt lat="42.1277" lon="2.54887">
        <ele>753.0</ele>
    </trkpt>
    <trkpt lat="42.1277" lon="2.54875">
        <ele>750.0</ele>
    </trkpt>
    <trkpt lat="42.1278" lon="2.54862">
        <ele>747.0</ele>
    </trkpt>
    <trkpt lat="42.1278" lon="2.54854">
        <ele>748.0</ele>
    </trkpt>
    <trkpt lat="42.1278" lon="2.54845">
        <ele>751.0</ele>
    </trkpt>
    <trkpt lat="42.1279" lon="2.54831">
        <ele>756.0</ele>
    </trkpt>
    <trkpt lat="42.1279" lon="2.54821">
        <ele>761.0</ele>
    </trkpt>
    <trkpt lat="42.1279" lon="2.54818">
        <ele>762.0</ele>
    </trkpt>
    <trkpt lat="42.1279" lon="2.54816">
        <ele>764.0</ele>
    </trkpt>
    <trkpt lat="42.1279" lon="2.54816">
        <ele>767.0</ele>
    </trkpt>
    <trkpt lat="42.1279" lon="2.54813">
        <ele>769.0</ele>
    </trkpt>
    <trkpt lat="42.1279" lon="2.54808">
        <ele>768.0</ele>
    </trkpt>
    <trkpt lat="42.128" lon="2.54802">
        <ele>766.0</ele>
    </trkpt>
    <trkpt lat="42.128" lon="2.54797">
        <ele>762.0</ele>
    </trkpt>
    <trkpt lat="42.128" lon="2.5479">
        <ele>763.0</ele>
    </trkpt>
    <trkpt lat="42.1281" lon="2.54777">
        <ele>762.0</ele>
    </trkpt>
    <trkpt lat="42.1281" lon="2.5476">
        <ele>764.0</ele>
    </trkpt>
    <trkpt lat="42.1281" lon="2.54749">
        <ele>767.0</ele>
    </trkpt>
    <trkpt lat="42.1282" lon="2.54736">
        <ele>770.0</ele>
    </trkpt>
    <trkpt lat="42.1282" lon="2.54723">
        <ele>775.0</ele>
    </trkpt>
    <trkpt lat="42.1282" lon="2.5471">
        <ele>781.0</ele>
    </trkpt>
    <trkpt lat="42.1282" lon="2.547">
        <ele>785.0</ele>
    </trkpt>
    <trkpt lat="42.1282" lon="2.54695">
        <ele>786.0</ele>
    </trkpt>
    <trkpt lat="42.1282" lon="2.54682">
        <ele>792.0</ele>
    </trkpt>
    <trkpt lat="42.1281" lon="2.54673">
        <ele>796.0</ele>
    </trkpt>
    <trkpt lat="42.1281" lon="2.54664">
        <ele>800.0</ele>
    </trkpt>
    <trkpt lat="42.128" lon="2.54653">
        <ele>804.0</ele>
    </trkpt>
    <trkpt lat="42.128" lon="2.54646">
        <ele>806.0</ele>
    </trkpt>
    <trkpt lat="42.128" lon="2.54639">
        <ele>806.0</ele>
    </trkpt>
    <trkpt lat="42.128" lon="2.54635">
        <ele>804.0</ele>
    </trkpt>
    <trkpt lat="42.1281" lon="2.5463">
        <ele>803.0</ele>
    </trkpt>
    <trkpt lat="42.1281" lon="2.54622">
        <ele>802.0</ele>
    </trkpt>
    <trkpt lat="42.128" lon="2.54607">
        <ele>800.0</ele>
    </trkpt>
    <trkpt lat="42.128" lon="2.54598">
        <ele>800.0</ele>
    </trkpt>
    <trkpt lat="42.128" lon="2.54588">
        <ele>798.0</ele>
    </trkpt>
    <trkpt lat="42.128" lon="2.54578">
        <ele>796.0</ele>
    </trkpt>
    <trkpt lat="42.128" lon="2.54564">
        <ele>793.0</ele>
    </trkpt>
    <trkpt lat="42.128" lon="2.54564">
        <ele>793.0</ele>
    </trkpt>
    <trkpt lat="42.128" lon="2.54552">
        <ele>789.0</ele>
    </trkpt>
    <trkpt lat="42.128" lon="2.54543">
        <ele>788.0</ele>
    </trkpt>
    <trkpt lat="42.128" lon="2.54533">
        <ele>790.0</ele>
    </trkpt>
    <trkpt lat="42.128" lon="2.54524">
        <ele>793.0</ele>
    </trkpt>
    <trkpt lat="42.128" lon="2.54513">
        <ele>797.0</ele>
    </trkpt>
    <trkpt lat="42.1279" lon="2.545">
        <ele>802.0</ele>
    </trkpt>
    <trkpt lat="42.1279" lon="2.54489">
        <ele>806.0</ele>
    </trkpt>
    <trkpt lat="42.1279" lon="2.54478">
        <ele>809.0</ele>
    </trkpt>
    <trkpt lat="42.1279" lon="2.5447">
        <ele>812.0</ele>
    </trkpt>
    <trkpt lat="42.1279" lon="2.54462">
        <ele>813.0</ele>
    </trkpt>
    <trkpt lat="42.1278" lon="2.54456">
        <ele>816.0</ele>
    </trkpt>
    <trkpt lat="42.1278" lon="2.54448">
        <ele>819.0</ele>
    </trkpt>
    <trkpt lat="42.1277" lon="2.54442">
        <ele>822.0</ele>
    </trkpt>
    <trkpt lat="42.1277" lon="2.54438">
        <ele>823.0</ele>
    </trkpt>
    <trkpt lat="42.1277" lon="2.54431">
        <ele>824.0</ele>
    </trkpt>
    <trkpt lat="42.1277" lon="2.54421">
        <ele>823.0</ele>
    </trkpt>
    <trkpt lat="42.1277" lon="2.54412">
        <ele>821.0</ele>
    </trkpt>
    <trkpt lat="42.1277" lon="2.54407">
        <ele>821.0</ele>
    </trkpt>
    <trkpt lat="42.1277" lon="2.54396">
        <ele>820.0</ele>
    </trkpt>
    <trkpt lat="42.1277" lon="2.54387">
        <ele>825.0</ele>
    </trkpt>
    <trkpt lat="42.1277" lon="2.54381">
        <ele>828.0</ele>
    </trkpt>
    <trkpt lat="42.1277" lon="2.54381">
        <ele>828.0</ele>
    </trkpt>
    <trkpt lat="42.1277" lon="2.54372">
        <ele>831.0</ele>
    </trkpt>
    <trkpt lat="42.1277" lon="2.54361">
        <ele>834.0</ele>
    </trkpt>
    <trkpt lat="42.1277" lon="2.54358">
        <ele>835.0</ele>
    </trkpt>
    <trkpt lat="42.1278" lon="2.54348">
        <ele>837.0</ele>
    </trkpt>
    <trkpt lat="42.1278" lon="2.54337">
        <ele>841.0</ele>
    </trkpt>
    <trkpt lat="42.1278" lon="2.54327">
        <ele>843.0</ele>
    </trkpt>
    <trkpt lat="42.1278" lon="2.54311">
        <ele>847.0</ele>
    </trkpt>
    <trkpt lat="42.1277" lon="2.54303">
        <ele>851.0</ele>
    </trkpt>
    <trkpt lat="42.1277" lon="2.54292">
        <ele>854.0</ele>
    </trkpt>
    <trkpt lat="42.1277" lon="2.54282">
        <ele>857.0</ele>
    </trkpt>
    <trkpt lat="42.1276" lon="2.54268">
        <ele>860.0</ele>
    </trkpt>
    <trkpt lat="42.1276" lon="2.54259">
        <ele>863.0</ele>
    </trkpt>
    <trkpt lat="42.1275" lon="2.54253">
        <ele>864.0</ele>
    </trkpt>
    <trkpt lat="42.1275" lon="2.54246">
        <ele>865.0</ele>
    </trkpt>
    <trkpt lat="42.1276" lon="2.54241">
        <ele>866.0</ele>
    </trkpt>
    <trkpt lat="42.1276" lon="2.54236">
        <ele>869.0</ele>
    </trkpt>
    <trkpt lat="42.1277" lon="2.5423">
        <ele>871.0</ele>
    </trkpt>
    <trkpt lat="42.1278" lon="2.54224">
        <ele>872.0</ele>
    </trkpt>
    <trkpt lat="42.1279" lon="2.54221">
        <ele>873.0</ele>
    </trkpt>
    <trkpt lat="42.1279" lon="2.54217">
        <ele>874.0</ele>
    </trkpt>
    <trkpt lat="42.1281" lon="2.54213">
        <ele>875.0</ele>
    </trkpt>
    <trkpt lat="42.1282" lon="2.54209">
        <ele>878.0</ele>
    </trkpt>
    <trkpt lat="42.1283" lon="2.54204">
        <ele>881.0</ele>
    </trkpt>
    <trkpt lat="42.1284" lon="2.542">
        <ele>884.0</ele>
    </trkpt>
    <trkpt lat="42.1285" lon="2.54195">
        <ele>885.0</ele>
    </trkpt>
    <trkpt lat="42.1286" lon="2.54191">
        <ele>887.0</ele>
    </trkpt>
    <trkpt lat="42.1287" lon="2.54187">
        <ele>889.0</ele>
    </trkpt>
    <trkpt lat="42.1287" lon="2.54184">
        <ele>891.0</ele>
    </trkpt>
    <trkpt lat="42.1289" lon="2.54178">
        <ele>893.0</ele>
    </trkpt>
    <trkpt lat="42.129" lon="2.54172">
        <ele>893.0</ele>
    </trkpt>
    <trkpt lat="42.1291" lon="2.54166">
        <ele>893.0</ele>
    </trkpt>
    <trkpt lat="42.1292" lon="2.54162">
        <ele>895.0</ele>
    </trkpt>
    <trkpt lat="42.1292" lon="2.54158">
        <ele>895.0</ele>
    </trkpt>
    <trkpt lat="42.1293" lon="2.54152">
        <ele>896.0</ele>
    </trkpt>
    <trkpt lat="42.1294" lon="2.54145">
        <ele>897.0</ele>
    </trkpt>
    <trkpt lat="42.1295" lon="2.54135">
        <ele>898.0</ele>
    </trkpt>
    <trkpt lat="42.1296" lon="2.54125">
        <ele>897.0</ele>
    </trkpt>
    <trkpt lat="42.1296" lon="2.54115">
        <ele>896.0</ele>
    </trkpt>
    <trkpt lat="42.1296" lon="2.54105">
        <ele>896.0</ele>
    </trkpt>
    <trkpt lat="42.1296" lon="2.54096">
        <ele>895.0</ele>
    </trkpt>
    <trkpt lat="42.1296" lon="2.54087">
        <ele>895.0</ele>
    </trkpt>
    <trkpt lat="42.1296" lon="2.5407">
        <ele>893.0</ele>
    </trkpt>
    <trkpt lat="42.1295" lon="2.54053">
        <ele>892.0</ele>
    </trkpt>
    <trkpt lat="42.1295" lon="2.54036">
        <ele>892.0</ele>
    </trkpt>
    <trkpt lat="42.1296" lon="2.5402">
        <ele>891.0</ele>
    </trkpt>
    <trkpt lat="42.1296" lon="2.54003">
        <ele>891.0</ele>
    </trkpt>
    <trkpt lat="42.1296" lon="2.53989">
        <ele>890.0</ele>
    </trkpt>
    <trkpt lat="42.1297" lon="2.53974">
        <ele>889.0</ele>
    </trkpt>
    <trkpt lat="42.1297" lon="2.53966">
        <ele>888.0</ele>
    </trkpt>
    <trkpt lat="42.1297" lon="2.53958">
        <ele>887.0</ele>
    </trkpt>
    <trkpt lat="42.1298" lon="2.53951">
        <ele>886.0</ele>
    </trkpt>
    <trkpt lat="42.1298" lon="2.53944">
        <ele>885.0</ele>
    </trkpt>
    <trkpt lat="42.1299" lon="2.53934">
        <ele>884.0</ele>
    </trkpt>
    <trkpt lat="42.13" lon="2.53924">
        <ele>883.0</ele>
    </trkpt>
    <trkpt lat="42.1301" lon="2.53914">
        <ele>882.0</ele>
    </trkpt>
    <trkpt lat="42.1301" lon="2.53903">
        <ele>882.0</ele>
    </trkpt>
    <trkpt lat="42.1302" lon="2.53893">
        <ele>881.0</ele>
    </trkpt>
    <trkpt lat="42.1303" lon="2.53882">
        <ele>881.0</ele>
    </trkpt>
    <trkpt lat="42.1304" lon="2.53872">
        <ele>879.0</ele>
    </trkpt>
    <trkpt lat="42.1305" lon="2.53861">
        <ele>876.0</ele>
    </trkpt>
    <trkpt lat="42.1306" lon="2.53854">
        <ele>874.0</ele>
    </trkpt>
    <trkpt lat="42.1306" lon="2.53848">
        <ele>873.0</ele>
    </trkpt>
    <trkpt lat="42.1307" lon="2.53841">
        <ele>871.0</ele>
    </trkpt>
    <trkpt lat="42.1307" lon="2.53834">
        <ele>869.0</ele>
    </trkpt>
    <trkpt lat="42.1308" lon="2.53828">
        <ele>867.0</ele>
    </trkpt>
    <trkpt lat="42.1309" lon="2.53821">
        <ele>865.0</ele>
    </trkpt>
    <trkpt lat="42.131" lon="2.5381">
        <ele>864.0</ele>
    </trkpt>
    <trkpt lat="42.131" lon="2.538">
        <ele>861.0</ele>
    </trkpt>
    <trkpt lat="42.1311" lon="2.5379">
        <ele>861.0</ele>
    </trkpt>
    <trkpt lat="42.1312" lon="2.5378">
        <ele>853.0</ele>
    </trkpt>
    <trkpt lat="42.1313" lon="2.53774">
        <ele>847.0</ele>
    </trkpt>
    <trkpt lat="42.1313" lon="2.53759">
        <ele>845.0</ele>
    </trkpt>
    <trkpt lat="42.1313" lon="2.53744">
        <ele>843.0</ele>
    </trkpt>
    <trkpt lat="42.1313" lon="2.53726">
        <ele>839.0</ele>
    </trkpt>
    <trkpt lat="42.1313" lon="2.5371">
        <ele>835.0</ele>
    </trkpt>
    <trkpt lat="42.1313" lon="2.53694">
        <ele>831.0</ele>
    </trkpt>
    <trkpt lat="42.1314" lon="2.53678">
        <ele>827.0</ele>
    </trkpt>
    <trkpt lat="42.1314" lon="2.53668">
        <ele>825.0</ele>
    </trkpt>
    <trkpt lat="42.1314" lon="2.53658">
        <ele>823.0</ele>
    </trkpt>
    <trkpt lat="42.1314" lon="2.53647">
        <ele>820.0</ele>
    </trkpt>
    <trkpt lat="42.1314" lon="2.53637">
        <ele>819.0</ele>
    </trkpt>
    <trkpt lat="42.1314" lon="2.53627">
        <ele>817.0</ele>
    </trkpt>
    <trkpt lat="42.1314" lon="2.53618">
        <ele>815.0</ele>
    </trkpt>
    <trkpt lat="42.1315" lon="2.53608">
        <ele>812.0</ele>
    </trkpt>
    <trkpt lat="42.1315" lon="2.53599">
        <ele>810.0</ele>
    </trkpt>
    <trkpt lat="42.1315" lon="2.5359">
        <ele>807.0</ele>
    </trkpt>
    <trkpt lat="42.1315" lon="2.5358">
        <ele>805.0</ele>
    </trkpt>
    <trkpt lat="42.1316" lon="2.53568">
        <ele>803.0</ele>
    </trkpt>
    <trkpt lat="42.1316" lon="2.53556">
        <ele>802.0</ele>
    </trkpt>
    <trkpt lat="42.1317" lon="2.53542">
        <ele>802.0</ele>
    </trkpt>
    <trkpt lat="42.1317" lon="2.53542">
        <ele>802.0</ele>
    </trkpt>
    <trkpt lat="42.1317" lon="2.53525">
        <ele>801.0</ele>
    </trkpt>
    <trkpt lat="42.1318" lon="2.53508">
        <ele>800.0</ele>
    </trkpt>
    <trkpt lat="42.1318" lon="2.53499">
        <ele>800.0</ele>
    </trkpt>
    <trkpt lat="42.1318" lon="2.53489">
        <ele>802.0</ele>
    </trkpt>
    <trkpt lat="42.1319" lon="2.53473">
        <ele>807.0</ele>
    </trkpt>
    <trkpt lat="42.1319" lon="2.53462">
        <ele>810.0</ele>
    </trkpt>
    <trkpt lat="42.132" lon="2.53451">
        <ele>814.0</ele>
    </trkpt>
    <trkpt lat="42.132" lon="2.53441">
        <ele>817.0</ele>
    </trkpt>
    <trkpt lat="42.1321" lon="2.53431">
        <ele>820.0</ele>
    </trkpt>
    <trkpt lat="42.1321" lon="2.53414">
        <ele>823.0</ele>
    </trkpt>
    <trkpt lat="42.1321" lon="2.53401">
        <ele>824.0</ele>
    </trkpt>
    <trkpt lat="42.1322" lon="2.53388">
        <ele>825.0</ele>
    </trkpt>
    <trkpt lat="42.1322" lon="2.53376">
        <ele>827.0</ele>
    </trkpt>
    <trkpt lat="42.1322" lon="2.53364">
        <ele>827.0</ele>
    </trkpt>
    <trkpt lat="42.1322" lon="2.53348">
        <ele>827.0</ele>
    </trkpt>
    <trkpt lat="42.1322" lon="2.53332">
        <ele>828.0</ele>
    </trkpt>
    <trkpt lat="42.1322" lon="2.53323">
        <ele>829.0</ele>
    </trkpt>
    <trkpt lat="42.1322" lon="2.53314">
        <ele>830.0</ele>
    </trkpt>
    <trkpt lat="42.1322" lon="2.53302">
        <ele>831.0</ele>
    </trkpt>
    <trkpt lat="42.1322" lon="2.53302">
        <ele>831.0</ele>
    </trkpt>
    <trkpt lat="42.1322" lon="2.53314">
        <ele>830.0</ele>
    </trkpt>
    <trkpt lat="42.1322" lon="2.53323">
        <ele>829.0</ele>
    </trkpt>
    <trkpt lat="42.1322" lon="2.53332">
        <ele>828.0</ele>
    </trkpt>
    <trkpt lat="42.1322" lon="2.53348">
        <ele>827.0</ele>
    </trkpt>
    <trkpt lat="42.1322" lon="2.53364">
        <ele>827.0</ele>
    </trkpt>
    <trkpt lat="42.1322" lon="2.53376">
        <ele>827.0</ele>
    </trkpt>
    <trkpt lat="42.1322" lon="2.53388">
        <ele>825.0</ele>
    </trkpt>
    <trkpt lat="42.1321" lon="2.53401">
        <ele>824.0</ele>
    </trkpt>
    <trkpt lat="42.1321" lon="2.53414">
        <ele>823.0</ele>
    </trkpt>
    <trkpt lat="42.1321" lon="2.53431">
        <ele>820.0</ele>
    </trkpt>
    <trkpt lat="42.132" lon="2.53441">
        <ele>817.0</ele>
    </trkpt>
    <trkpt lat="42.132" lon="2.53451">
        <ele>814.0</ele>
    </trkpt>
    <trkpt lat="42.1319" lon="2.53462">
        <ele>810.0</ele>
    </trkpt>
    <trkpt lat="42.1319" lon="2.53473">
        <ele>807.0</ele>
    </trkpt>
    <trkpt lat="42.1318" lon="2.53489">
        <ele>802.0</ele>
    </trkpt>
    <trkpt lat="42.1318" lon="2.53499">
        <ele>800.0</ele>
    </trkpt>
    <trkpt lat="42.1318" lon="2.53508">
        <ele>800.0</ele>
    </trkpt>
    <trkpt lat="42.1317" lon="2.53525">
        <ele>801.0</ele>
    </trkpt>
    <trkpt lat="42.1317" lon="2.53542">
        <ele>802.0</ele>
    </trkpt>
    <trkpt lat="42.1317" lon="2.53542">
        <ele>802.0</ele>
    </trkpt>
    <trkpt lat="42.1317" lon="2.53538">
        <ele>800.0</ele>
    </trkpt>
    <trkpt lat="42.1318" lon="2.53541">
        <ele>799.0</ele>
    </trkpt>
    <trkpt lat="42.1319" lon="2.53542">
        <ele>796.0</ele>
    </trkpt>
    <trkpt lat="42.1319" lon="2.53537">
        <ele>793.0</ele>
    </trkpt>
    <trkpt lat="42.132" lon="2.5354">
        <ele>790.0</ele>
    </trkpt>
    <trkpt lat="42.1321" lon="2.53552">
        <ele>784.0</ele>
    </trkpt>
    <trkpt lat="42.1322" lon="2.53554">
        <ele>778.0</ele>
    </trkpt>
    <trkpt lat="42.1323" lon="2.53544">
        <ele>780.0</ele>
    </trkpt>
    <trkpt lat="42.1324" lon="2.53535">
        <ele>782.0</ele>
    </trkpt>
    <trkpt lat="42.1324" lon="2.53528">
        <ele>783.0</ele>
    </trkpt>
    <trkpt lat="42.1325" lon="2.53522">
        <ele>784.0</ele>
    </trkpt>
    <trkpt lat="42.1326" lon="2.53517">
        <ele>783.0</ele>
    </trkpt>
    <trkpt lat="42.1327" lon="2.53517">
        <ele>778.0</ele>
    </trkpt>
    <trkpt lat="42.1327" lon="2.53525">
        <ele>774.0</ele>
    </trkpt>
    <trkpt lat="42.1328" lon="2.53534">
        <ele>766.0</ele>
    </trkpt>
    <trkpt lat="42.1329" lon="2.5353">
        <ele>765.0</ele>
    </trkpt>
    <trkpt lat="42.133" lon="2.53525">
        <ele>764.0</ele>
    </trkpt>
    <trkpt lat="42.133" lon="2.53513">
        <ele>766.0</ele>
    </trkpt>
    <trkpt lat="42.133" lon="2.535">
        <ele>769.0</ele>
    </trkpt>
    <trkpt lat="42.133" lon="2.53487">
        <ele>770.0</ele>
    </trkpt>
    <trkpt lat="42.1331" lon="2.53475">
        <ele>769.0</ele>
    </trkpt>
    <trkpt lat="42.1331" lon="2.5346">
        <ele>765.0</ele>
    </trkpt>
    <trkpt lat="42.1332" lon="2.53444">
        <ele>760.0</ele>
    </trkpt>
    <trkpt lat="42.1333" lon="2.53432">
        <ele>753.0</ele>
    </trkpt>
    <trkpt lat="42.1334" lon="2.53421">
        <ele>745.0</ele>
    </trkpt>
    <trkpt lat="42.1334" lon="2.53414">
        <ele>739.0</ele>
    </trkpt>
    <trkpt lat="42.1335" lon="2.53406">
        <ele>734.0</ele>
    </trkpt>
    <trkpt lat="42.1335" lon="2.53397">
        <ele>728.0</ele>
    </trkpt>
    <trkpt lat="42.1336" lon="2.53388">
        <ele>723.0</ele>
    </trkpt>
    <trkpt lat="42.1336" lon="2.53381">
        <ele>718.0</ele>
    </trkpt>
    <trkpt lat="42.1337" lon="2.53375">
        <ele>713.0</ele>
    </trkpt>
    <trkpt lat="42.1338" lon="2.53372">
        <ele>709.0</ele>
    </trkpt>
    <trkpt lat="42.1338" lon="2.53368">
        <ele>705.0</ele>
    </trkpt>
    <trkpt lat="42.1339" lon="2.53362">
        <ele>701.0</ele>
    </trkpt>
    <trkpt lat="42.134" lon="2.53357">
        <ele>697.0</ele>
    </trkpt>
    <trkpt lat="42.1341" lon="2.53346">
        <ele>692.0</ele>
    </trkpt>
    <trkpt lat="42.1341" lon="2.53334">
        <ele>688.0</ele>
    </trkpt>
    <trkpt lat="42.1342" lon="2.5332">
        <ele>686.0</ele>
    </trkpt>
    <trkpt lat="42.1342" lon="2.53306">
        <ele>686.0</ele>
    </trkpt>
    <trkpt lat="42.1342" lon="2.53292">
        <ele>686.0</ele>
    </trkpt>
    <trkpt lat="42.1343" lon="2.53279">
        <ele>686.0</ele>
    </trkpt>
    <trkpt lat="42.1343" lon="2.53266">
        <ele>684.0</ele>
    </trkpt>
    <trkpt lat="42.1344" lon="2.53252">
        <ele>683.0</ele>
    </trkpt>
    <trkpt lat="42.1344" lon="2.53239">
        <ele>682.0</ele>
    </trkpt>
    <trkpt lat="42.1345" lon="2.53224">
        <ele>680.0</ele>
    </trkpt>
    <trkpt lat="42.1346" lon="2.5321">
        <ele>678.0</ele>
    </trkpt>
    <trkpt lat="42.1347" lon="2.532">
        <ele>677.0</ele>
    </trkpt>
    <trkpt lat="42.1347" lon="2.53191">
        <ele>677.0</ele>
    </trkpt>
    <trkpt lat="42.1348" lon="2.53181">
        <ele>676.0</ele>
    </trkpt>
    <trkpt lat="42.1348" lon="2.53172">
        <ele>676.0</ele>
    </trkpt>
    <trkpt lat="42.1349" lon="2.53162">
        <ele>676.0</ele>
    </trkpt>
    <trkpt lat="42.135" lon="2.53153">
        <ele>675.0</ele>
    </trkpt>
    <trkpt lat="42.135" lon="2.53142">
        <ele>675.0</ele>
    </trkpt>
    <trkpt lat="42.1351" lon="2.5313">
        <ele>674.0</ele>
    </trkpt>
    <trkpt lat="42.1352" lon="2.53119">
        <ele>672.0</ele>
    </trkpt>
    <trkpt lat="42.1353" lon="2.53107">
        <ele>672.0</ele>
    </trkpt>
    <trkpt lat="42.1354" lon="2.53096">
        <ele>673.0</ele>
    </trkpt>
    <trkpt lat="42.1355" lon="2.53091">
        <ele>674.0</ele>
    </trkpt>
    <trkpt lat="42.1355" lon="2.53085">
        <ele>675.0</ele>
    </trkpt>
    <trkpt lat="42.1356" lon="2.53085">
        <ele>675.0</ele>
    </trkpt>
    <trkpt lat="42.1357" lon="2.53085">
        <ele>675.0</ele>
    </trkpt>
    <trkpt lat="42.1358" lon="2.5308">
        <ele>676.0</ele>
    </trkpt>
    <trkpt lat="42.1359" lon="2.53079">
        <ele>677.0</ele>
    </trkpt>
    <trkpt lat="42.136" lon="2.53078">
        <ele>678.0</ele>
    </trkpt>
    <trkpt lat="42.1361" lon="2.53079">
        <ele>678.0</ele>
    </trkpt>
    <trkpt lat="42.1362" lon="2.53081">
        <ele>678.0</ele>
    </trkpt>
    <trkpt lat="42.1364" lon="2.53082">
        <ele>677.0</ele>
    </trkpt>
    <trkpt lat="42.1365" lon="2.53084">
        <ele>678.0</ele>
    </trkpt>
    <trkpt lat="42.1366" lon="2.53085">
        <ele>677.0</ele>
    </trkpt>
    <trkpt lat="42.1367" lon="2.53085">
        <ele>676.0</ele>
    </trkpt>
    <trkpt lat="42.1367" lon="2.53086">
        <ele>676.0</ele>
    </trkpt>
    <trkpt lat="42.1368" lon="2.5309">
        <ele>674.0</ele>
    </trkpt>
    <trkpt lat="42.1369" lon="2.53091">
        <ele>673.0</ele>
    </trkpt>
    <trkpt lat="42.1369" lon="2.53093">
        <ele>672.0</ele>
    </trkpt>
    <trkpt lat="42.1371" lon="2.53093">
        <ele>670.0</ele>
    </trkpt>
    <trkpt lat="42.1372" lon="2.53092">
        <ele>669.0</ele>
    </trkpt>
    <trkpt lat="42.1373" lon="2.53092">
        <ele>667.0</ele>
    </trkpt>
    <trkpt lat="42.1374" lon="2.53093">
        <ele>666.0</ele>
    </trkpt>
    <trkpt lat="42.1375" lon="2.53093">
        <ele>665.0</ele>
    </trkpt>
    <trkpt lat="42.1375" lon="2.53094">
        <ele>665.0</ele>
    </trkpt>
    <trkpt lat="42.1376" lon="2.53095">
        <ele>664.0</ele>
    </trkpt>
    <trkpt lat="42.1376" lon="2.53095">
        <ele>663.0</ele>
    </trkpt>
    <trkpt lat="42.1376" lon="2.53096">
        <ele>663.0</ele>
    </trkpt>
    <trkpt lat="42.1377" lon="2.53097">
        <ele>662.0</ele>
    </trkpt>
    <trkpt lat="42.1378" lon="2.53098">
        <ele>661.0</ele>
    </trkpt>
    <trkpt lat="42.1378" lon="2.53099">
        <ele>661.0</ele>
    </trkpt>
    <trkpt lat="42.1379" lon="2.53099">
        <ele>660.0</ele>
    </trkpt>
    <trkpt lat="42.138" lon="2.53099">
        <ele>660.0</ele>
    </trkpt>
    <trkpt lat="42.138" lon="2.531">
        <ele>660.0</ele>
    </trkpt>
    <trkpt lat="42.138" lon="2.531">
        <ele>660.0</ele>
    </trkpt>
    <trkpt lat="42.1381" lon="2.53103">
        <ele>660.0</ele>
    </trkpt>
    <trkpt lat="42.1381" lon="2.53105">
        <ele>660.0</ele>
    </trkpt>
    <trkpt lat="42.1381" lon="2.53106">
        <ele>660.0</ele>
    </trkpt>
    <trkpt lat="42.1382" lon="2.53105">
        <ele>659.0</ele>
    </trkpt>
    <trkpt lat="42.1382" lon="2.53104">
        <ele>659.0</ele>
    </trkpt>
    <trkpt lat="42.1382" lon="2.53103">
        <ele>659.0</ele>
    </trkpt>
    <trkpt lat="42.1383" lon="2.531">
        <ele>659.0</ele>
    </trkpt>
    <trkpt lat="42.1383" lon="2.53098">
        <ele>658.0</ele>
    </trkpt>
    <trkpt lat="42.1384" lon="2.53095">
        <ele>658.0</ele>
    </trkpt>
    <trkpt lat="42.1385" lon="2.53092">
        <ele>658.0</ele>
    </trkpt>
    <trkpt lat="42.1385" lon="2.5309">
        <ele>657.0</ele>
    </trkpt>
    <trkpt lat="42.1386" lon="2.53089">
        <ele>656.0</ele>
    </trkpt>
    <trkpt lat="42.1387" lon="2.53087">
        <ele>655.0</ele>
    </trkpt>
    <trkpt lat="42.1388" lon="2.53085">
        <ele>654.0</ele>
    </trkpt>
    <trkpt lat="42.1388" lon="2.53084">
        <ele>653.0</ele>
    </trkpt>
    <trkpt lat="42.1389" lon="2.53083">
        <ele>653.0</ele>
    </trkpt>
    <trkpt lat="42.139" lon="2.53083">
        <ele>652.0</ele>
    </trkpt>
    <trkpt lat="42.1391" lon="2.53083">
        <ele>652.0</ele>
    </trkpt>
    <trkpt lat="42.1391" lon="2.53085">
        <ele>652.0</ele>
    </trkpt>
    <trkpt lat="42.1391" lon="2.53087">
        <ele>652.0</ele>
    </trkpt>
    <trkpt lat="42.1392" lon="2.53088">
        <ele>652.0</ele>
    </trkpt>
    <trkpt lat="42.1392" lon="2.5309">
        <ele>652.0</ele>
    </trkpt>
    <trkpt lat="42.1392" lon="2.53093">
        <ele>652.0</ele>
    </trkpt>
    <trkpt lat="42.1392" lon="2.53093">
        <ele>652.0</ele>
    </trkpt>
    <trkpt lat="42.1392" lon="2.53103">
        <ele>652.0</ele>
    </trkpt>
    <trkpt lat="42.1392" lon="2.53108">
        <ele>652.0</ele>
    </trkpt>
    <trkpt lat="42.1392" lon="2.53111">
        <ele>652.0</ele>
    </trkpt>
    <trkpt lat="42.1391" lon="2.53123">
        <ele>650.0</ele>
    </trkpt>
    <trkpt lat="42.1392" lon="2.53136">
        <ele>649.0</ele>
    </trkpt>
    <trkpt lat="42.1392" lon="2.53151">
        <ele>647.0</ele>
    </trkpt>
    <trkpt lat="42.1392" lon="2.53166">
        <ele>645.0</ele>
    </trkpt>
    <trkpt lat="42.1391" lon="2.53171">
        <ele>645.0</ele>
    </trkpt>
    <trkpt lat="42.1391" lon="2.53184">
        <ele>642.0</ele>
    </trkpt>
    <trkpt lat="42.1391" lon="2.53182">
        <ele>643.0</ele>
    </trkpt>
    <trkpt lat="42.1391" lon="2.53184">
        <ele>642.0</ele>
    </trkpt>
    <trkpt lat="42.1391" lon="2.53188">
        <ele>641.0</ele>
    </trkpt>
    <trkpt lat="42.139" lon="2.53195">
        <ele>641.0</ele>
    </trkpt>
    <trkpt lat="42.139" lon="2.53202">
        <ele>640.0</ele>
    </trkpt>
    <trkpt lat="42.139" lon="2.53206">
        <ele>639.0</ele>
    </trkpt>
    <trkpt lat="42.139" lon="2.53209">
        <ele>639.0</ele>
    </trkpt>
    <trkpt lat="42.1389" lon="2.53216">
        <ele>637.0</ele>
    </trkpt>
    <trkpt lat="42.1389" lon="2.53219">
        <ele>637.0</ele>
    </trkpt>
    <trkpt lat="42.1389" lon="2.53223">
        <ele>636.0</ele>
    </trkpt>
    <trkpt lat="42.1389" lon="2.53228">
        <ele>635.0</ele>
    </trkpt>
    <trkpt lat="42.1389" lon="2.53232">
        <ele>634.0</ele>
    </trkpt>
    <trkpt lat="42.1388" lon="2.53237">
        <ele>633.0</ele>
    </trkpt>
    <trkpt lat="42.1388" lon="2.53241">
        <ele>633.0</ele>
    </trkpt>
    <trkpt lat="42.1388" lon="2.53245">
        <ele>632.0</ele>
    </trkpt>
    <trkpt lat="42.1388" lon="2.53256">
        <ele>632.0</ele>
    </trkpt>
    <trkpt lat="42.1388" lon="2.53266">
        <ele>631.0</ele>
    </trkpt>
    <trkpt lat="42.1388" lon="2.53271">
        <ele>631.0</ele>
    </trkpt>
    <trkpt lat="42.1389" lon="2.53279">
        <ele>631.0</ele>
    </trkpt>
    <trkpt lat="42.1389" lon="2.53282">
        <ele>631.0</ele>
    </trkpt>
    <trkpt lat="42.1389" lon="2.53285">
        <ele>630.0</ele>
    </trkpt>
    <trkpt lat="42.1389" lon="2.53293">
        <ele>629.0</ele>
    </trkpt>
    <trkpt lat="42.1389" lon="2.53299">
        <ele>628.0</ele>
    </trkpt>
    <trkpt lat="42.139" lon="2.53313">
        <ele>627.0</ele>
    </trkpt>
    <trkpt lat="42.139" lon="2.53316">
        <ele>627.0</ele>
    </trkpt>
    <trkpt lat="42.1391" lon="2.53324">
        <ele>625.0</ele>
    </trkpt>
    <trkpt lat="42.1391" lon="2.5333">
        <ele>624.0</ele>
    </trkpt>
    <trkpt lat="42.1392" lon="2.53335">
        <ele>622.0</ele>
    </trkpt>
    <trkpt lat="42.1392" lon="2.53336">
        <ele>622.0</ele>
    </trkpt>
    <trkpt lat="42.1393" lon="2.53337">
        <ele>621.0</ele>
    </trkpt>
    <trkpt lat="42.1393" lon="2.53337">
        <ele>621.0</ele>
    </trkpt>
    <trkpt lat="42.1393" lon="2.53338">
        <ele>620.0</ele>
    </trkpt>
    <trkpt lat="42.1393" lon="2.53338">
        <ele>620.0</ele>
    </trkpt>
    <trkpt lat="42.1394" lon="2.53337">
        <ele>620.0</ele>
    </trkpt>
    <trkpt lat="42.1394" lon="2.53336">
        <ele>620.0</ele>
    </trkpt>
    <trkpt lat="42.1394" lon="2.53341">
        <ele>617.0</ele>
    </trkpt>
    <trkpt lat="42.1394" lon="2.53345">
        <ele>615.0</ele>
    </trkpt>
    <trkpt lat="42.1394" lon="2.53348">
        <ele>613.0</ele>
    </trkpt>
    <trkpt lat="42.1394" lon="2.53355">
        <ele>610.0</ele>
    </trkpt>
    <trkpt lat="42.1394" lon="2.53356">
        <ele>610.0</ele>
    </trkpt>
    <trkpt lat="42.1394" lon="2.53359">
        <ele>609.0</ele>
    </trkpt>
    <trkpt lat="42.1394" lon="2.53361">
        <ele>609.0</ele>
    </trkpt>
    <trkpt lat="42.1394" lon="2.53364">
        <ele>608.0</ele>
    </trkpt>
    <trkpt lat="42.1394" lon="2.53367">
        <ele>607.0</ele>
    </trkpt>
    <trkpt lat="42.1394" lon="2.53372">
        <ele>606.0</ele>
    </trkpt>
    <trkpt lat="42.1394" lon="2.5338">
        <ele>605.0</ele>
    </trkpt>
    <trkpt lat="42.1394" lon="2.53387">
        <ele>604.0</ele>
    </trkpt>
    <trkpt lat="42.1394" lon="2.53397">
        <ele>604.0</ele>
    </trkpt>
    <trkpt lat="42.1394" lon="2.53413">
        <ele>603.0</ele>
    </trkpt>
    <trkpt lat="42.1395" lon="2.53428">
        <ele>603.0</ele>
    </trkpt>
    <trkpt lat="42.1395" lon="2.53431">
        <ele>602.0</ele>
    </trkpt>
    <trkpt lat="42.1395" lon="2.53435">
        <ele>602.0</ele>
    </trkpt>
    <trkpt lat="42.1395" lon="2.53447">
        <ele>601.0</ele>
    </trkpt>
    <trkpt lat="42.1395" lon="2.53457">
        <ele>602.0</ele>
    </trkpt>
    <trkpt lat="42.1395" lon="2.53462">
        <ele>602.0</ele>
    </trkpt>
    <trkpt lat="42.1395" lon="2.53478">
        <ele>602.0</ele>
    </trkpt>
    <trkpt lat="42.1395" lon="2.53484">
        <ele>603.0</ele>
    </trkpt>
    <trkpt lat="42.1395" lon="2.53502">
        <ele>604.0</ele>
    </trkpt>
    <trkpt lat="42.1395" lon="2.53519">
        <ele>604.0</ele>
    </trkpt>
    <trkpt lat="42.1395" lon="2.53527">
        <ele>604.0</ele>
    </trkpt>
    <trkpt lat="42.1395" lon="2.53532">
        <ele>605.0</ele>
    </trkpt>
    <trkpt lat="42.1395" lon="2.53545">
        <ele>605.0</ele>
    </trkpt>
    <trkpt lat="42.1395" lon="2.53559">
        <ele>606.0</ele>
    </trkpt>
    <trkpt lat="42.1395" lon="2.53563">
        <ele>607.0</ele>
    </trkpt>
    <trkpt lat="42.1395" lon="2.53569">
        <ele>608.0</ele>
    </trkpt>
    <trkpt lat="42.1396" lon="2.5358">
        <ele>610.0</ele>
    </trkpt>
    <trkpt lat="42.1397" lon="2.5359">
        <ele>612.0</ele>
    </trkpt>
    <trkpt lat="42.1397" lon="2.53599">
        <ele>614.0</ele>
    </trkpt>
    <trkpt lat="42.1398" lon="2.53609">
        <ele>616.0</ele>
    </trkpt>
    <trkpt lat="42.1398" lon="2.53622">
        <ele>618.0</ele>
    </trkpt>
    <trkpt lat="42.1398" lon="2.53634">
        <ele>622.0</ele>
    </trkpt>
    <trkpt lat="42.1399" lon="2.5364">
        <ele>623.0</ele>
    </trkpt>
    <trkpt lat="42.1399" lon="2.5365">
        <ele>624.0</ele>
    </trkpt>
    <trkpt lat="42.1399" lon="2.53661">
        <ele>626.0</ele>
    </trkpt>
    <trkpt lat="42.1399" lon="2.53666">
        <ele>626.0</ele>
    </trkpt>
    <trkpt lat="42.1399" lon="2.53671">
        <ele>627.0</ele>
    </trkpt>
    <trkpt lat="42.1399" lon="2.53681">
        <ele>629.0</ele>
    </trkpt>
    <trkpt lat="42.1399" lon="2.53691">
        <ele>630.0</ele>
    </trkpt>
    <trkpt lat="42.1399" lon="2.53694">
        <ele>631.0</ele>
    </trkpt>
    <trkpt lat="42.1399" lon="2.53697">
        <ele>631.0</ele>
    </trkpt>
    <trkpt lat="42.1398" lon="2.53701">
        <ele>631.0</ele>
    </trkpt>
    <trkpt lat="42.1398" lon="2.53704">
        <ele>632.0</ele>
    </trkpt>
    <trkpt lat="42.1398" lon="2.53707">
        <ele>632.0</ele>
    </trkpt>
    <trkpt lat="42.1398" lon="2.53711">
        <ele>632.0</ele>
    </trkpt>
    <trkpt lat="42.1398" lon="2.53713">
        <ele>632.0</ele>
    </trkpt>
    <trkpt lat="42.1398" lon="2.53716">
        <ele>633.0</ele>
    </trkpt>
    <trkpt lat="42.1397" lon="2.53733">
        <ele>635.0</ele>
    </trkpt>
    <trkpt lat="42.1397" lon="2.53737">
        <ele>635.0</ele>
    </trkpt>
    <trkpt lat="42.1397" lon="2.5374">
        <ele>635.0</ele>
    </trkpt>
    <trkpt lat="42.1397" lon="2.53744">
        <ele>636.0</ele>
    </trkpt>
    <trkpt lat="42.1397" lon="2.53751">
        <ele>637.0</ele>
    </trkpt>
    <trkpt lat="42.1397" lon="2.53757">
        <ele>638.0</ele>
    </trkpt>
    <trkpt lat="42.1396" lon="2.53764">
        <ele>638.0</ele>
    </trkpt>
    <trkpt lat="42.1396" lon="2.53768">
        <ele>639.0</ele>
    </trkpt>
    <trkpt lat="42.1396" lon="2.53772">
        <ele>639.0</ele>
    </trkpt>
    <trkpt lat="42.1395" lon="2.53781">
        <ele>640.0</ele>
    </trkpt>
    <trkpt lat="42.1395" lon="2.53789">
        <ele>641.0</ele>
    </trkpt>
    <trkpt lat="42.1395" lon="2.53793">
        <ele>642.0</ele>
    </trkpt>
    <trkpt lat="42.1394" lon="2.53796">
        <ele>642.0</ele>
    </trkpt>
    <trkpt lat="42.1394" lon="2.53799">
        <ele>643.0</ele>
    </trkpt>
    <trkpt lat="42.1393" lon="2.53807">
        <ele>644.0</ele>
    </trkpt>
    <trkpt lat="42.1393" lon="2.5381">
        <ele>645.0</ele>
    </trkpt>
    <trkpt lat="42.1393" lon="2.53815">
        <ele>647.0</ele>
    </trkpt>
    <trkpt lat="42.1391" lon="2.53824">
        <ele>647.0</ele>
    </trkpt>
    <trkpt lat="42.1391" lon="2.53827">
        <ele>648.0</ele>
    </trkpt>
    <trkpt lat="42.1391" lon="2.5383">
        <ele>648.0</ele>
    </trkpt>
    <trkpt lat="42.1391" lon="2.53833">
        <ele>649.0</ele>
    </trkpt>
    <trkpt lat="42.139" lon="2.53836">
        <ele>649.0</ele>
    </trkpt>
    <trkpt lat="42.139" lon="2.53843">
        <ele>649.0</ele>
    </trkpt>
    <trkpt lat="42.139" lon="2.53845">
        <ele>648.0</ele>
    </trkpt>
    <trkpt lat="42.139" lon="2.53847">
        <ele>649.0</ele>
    </trkpt>
    <trkpt lat="42.139" lon="2.53851">
        <ele>650.0</ele>
    </trkpt>
    <trkpt lat="42.1389" lon="2.53852">
        <ele>650.0</ele>
    </trkpt>
    <trkpt lat="42.1389" lon="2.53856">
        <ele>650.0</ele>
    </trkpt>
    <trkpt lat="42.1388" lon="2.53866">
        <ele>651.0</ele>
    </trkpt>
    <trkpt lat="42.1388" lon="2.53872">
        <ele>652.0</ele>
    </trkpt>
    <trkpt lat="42.1387" lon="2.5388">
        <ele>653.0</ele>
    </trkpt>
    <trkpt lat="42.1387" lon="2.53888">
        <ele>653.0</ele>
    </trkpt>
    <trkpt lat="42.1386" lon="2.53901">
        <ele>654.0</ele>
    </trkpt>
    <trkpt lat="42.1386" lon="2.53907">
        <ele>654.0</ele>
    </trkpt>
    <trkpt lat="42.1386" lon="2.53919">
        <ele>655.0</ele>
    </trkpt>
    <trkpt lat="42.1385" lon="2.53931">
        <ele>656.0</ele>
    </trkpt>
    <trkpt lat="42.1384" lon="2.53942">
        <ele>656.0</ele>
    </trkpt>
    <trkpt lat="42.1384" lon="2.53947">
        <ele>657.0</ele>
    </trkpt>
    <trkpt lat="42.1384" lon="2.53958">
        <ele>658.0</ele>
    </trkpt>
    <trkpt lat="42.1384" lon="2.53963">
        <ele>658.0</ele>
    </trkpt>
    <trkpt lat="42.1384" lon="2.53968">
        <ele>658.0</ele>
    </trkpt>
    <trkpt lat="42.1384" lon="2.53986">
        <ele>661.0</ele>
    </trkpt>
    <trkpt lat="42.1383" lon="2.53991">
        <ele>660.0</ele>
    </trkpt>
    <trkpt lat="42.1383" lon="2.53995">
        <ele>660.0</ele>
    </trkpt>
    <trkpt lat="42.1383" lon="2.54">
        <ele>660.0</ele>
    </trkpt>
    <trkpt lat="42.1383" lon="2.54011">
        <ele>661.0</ele>
    </trkpt>
    <trkpt lat="42.1383" lon="2.54021">
        <ele>663.0</ele>
    </trkpt>
    <trkpt lat="42.1382" lon="2.54025">
        <ele>663.0</ele>
    </trkpt>
    <trkpt lat="42.1382" lon="2.54029">
        <ele>664.0</ele>
    </trkpt>
    <trkpt lat="42.1382" lon="2.54031">
        <ele>664.0</ele>
    </trkpt>
    <trkpt lat="42.1382" lon="2.54034">
        <ele>664.0</ele>
    </trkpt>
    <trkpt lat="42.1381" lon="2.54038">
        <ele>664.0</ele>
    </trkpt>
    <trkpt lat="42.1381" lon="2.54042">
        <ele>664.0</ele>
    </trkpt>
    <trkpt lat="42.138" lon="2.54046">
        <ele>664.0</ele>
    </trkpt>
    <trkpt lat="42.138" lon="2.54055">
        <ele>664.0</ele>
    </trkpt>
    <trkpt lat="42.138" lon="2.54058">
        <ele>664.0</ele>
    </trkpt>
    <trkpt lat="42.138" lon="2.54062">
        <ele>664.0</ele>
    </trkpt>
    <trkpt lat="42.1379" lon="2.54068">
        <ele>664.0</ele>
    </trkpt>
    <trkpt lat="42.1379" lon="2.54076">
        <ele>664.0</ele>
    </trkpt>
    <trkpt lat="42.1379" lon="2.54082">
        <ele>665.0</ele>
    </trkpt>
    <trkpt lat="42.1378" lon="2.54093">
        <ele>666.0</ele>
    </trkpt>
    <trkpt lat="42.1378" lon="2.54097">
        <ele>666.0</ele>
    </trkpt>
    <trkpt lat="42.1379" lon="2.54105">
        <ele>668.0</ele>
    </trkpt>
    <trkpt lat="42.1379" lon="2.54119">
        <ele>670.0</ele>
    </trkpt>
    <trkpt lat="42.1378" lon="2.54123">
        <ele>670.0</ele>
    </trkpt>
    <trkpt lat="42.1378" lon="2.54131">
        <ele>671.0</ele>
    </trkpt>
    <trkpt lat="42.1378" lon="2.54135">
        <ele>672.0</ele>
    </trkpt>
    <trkpt lat="42.1378" lon="2.54143">
        <ele>673.0</ele>
    </trkpt>
    <trkpt lat="42.1378" lon="2.54147">
        <ele>674.0</ele>
    </trkpt>
    <trkpt lat="42.1378" lon="2.54164">
        <ele>675.0</ele>
    </trkpt>
    <trkpt lat="42.1378" lon="2.5418">
        <ele>675.0</ele>
    </trkpt>
    <trkpt lat="42.1378" lon="2.54197">
        <ele>674.0</ele>
    </trkpt>
    <trkpt lat="42.1378" lon="2.54201">
        <ele>674.0</ele>
    </trkpt>
    <trkpt lat="42.1378" lon="2.54204">
        <ele>674.0</ele>
    </trkpt>
    <trkpt lat="42.1378" lon="2.54208">
        <ele>673.0</ele>
    </trkpt>
    <trkpt lat="42.1378" lon="2.54214">
        <ele>672.0</ele>
    </trkpt>
    <trkpt lat="42.1379" lon="2.54219">
        <ele>671.0</ele>
    </trkpt>
    <trkpt lat="42.1379" lon="2.54222">
        <ele>671.0</ele>
    </trkpt>
    <trkpt lat="42.1379" lon="2.54224">
        <ele>671.0</ele>
    </trkpt>
    <trkpt lat="42.1379" lon="2.54227">
        <ele>671.0</ele>
    </trkpt>
    <trkpt lat="42.1379" lon="2.54231">
        <ele>671.0</ele>
    </trkpt>
    <trkpt lat="42.1379" lon="2.54246">
        <ele>669.0</ele>
    </trkpt>
    <trkpt lat="42.1379" lon="2.54251">
        <ele>668.0</ele>
    </trkpt>
    <trkpt lat="42.1379" lon="2.54256">
        <ele>668.0</ele>
    </trkpt>
    <trkpt lat="42.1378" lon="2.54264">
        <ele>666.0</ele>
    </trkpt>
    <trkpt lat="42.1378" lon="2.54268">
        <ele>665.0</ele>
    </trkpt>
    <trkpt lat="42.1378" lon="2.54276">
        <ele>662.0</ele>
    </trkpt>
    <trkpt lat="42.1378" lon="2.54276">
        <ele>662.0</ele>
    </trkpt>
    <trkpt lat="42.1378" lon="2.54285">
        <ele>661.0</ele>
    </trkpt>
    <trkpt lat="42.1377" lon="2.54291">
        <ele>660.0</ele>
    </trkpt>
    <trkpt lat="42.1377" lon="2.54301">
        <ele>660.0</ele>
    </trkpt>
    <trkpt lat="42.1377" lon="2.54316">
        <ele>660.0</ele>
    </trkpt>
    <trkpt lat="42.1377" lon="2.54325">
        <ele>659.0</ele>
    </trkpt>
    <trkpt lat="42.1377" lon="2.54339">
        <ele>658.0</ele>
    </trkpt>
    <trkpt lat="42.1377" lon="2.54352">
        <ele>656.0</ele>
    </trkpt>
    <trkpt lat="42.1377" lon="2.54366">
        <ele>654.0</ele>
    </trkpt>
    <trkpt lat="42.1377" lon="2.54371">
        <ele>654.0</ele>
    </trkpt>
    <trkpt lat="42.1377" lon="2.54374">
        <ele>654.0</ele>
    </trkpt>
    <trkpt lat="42.1378" lon="2.54378">
        <ele>654.0</ele>
    </trkpt>
    <trkpt lat="42.1378" lon="2.54381">
        <ele>653.0</ele>
    </trkpt>
    <trkpt lat="42.1378" lon="2.54385">
        <ele>654.0</ele>
    </trkpt>
    <trkpt lat="42.1378" lon="2.54389">
        <ele>653.0</ele>
    </trkpt>
    <trkpt lat="42.1378" lon="2.54394">
        <ele>653.0</ele>
    </trkpt>
    <trkpt lat="42.1377" lon="2.54398">
        <ele>652.0</ele>
    </trkpt>
    <trkpt lat="42.1377" lon="2.54402">
        <ele>651.0</ele>
    </trkpt>
    <trkpt lat="42.1377" lon="2.54409">
        <ele>650.0</ele>
    </trkpt>
    <trkpt lat="42.1377" lon="2.54412">
        <ele>650.0</ele>
    </trkpt>
    <trkpt lat="42.1377" lon="2.54415">
        <ele>649.0</ele>
    </trkpt>
    <trkpt lat="42.1376" lon="2.54418">
        <ele>649.0</ele>
    </trkpt>
    <trkpt lat="42.1376" lon="2.54422">
        <ele>649.0</ele>
    </trkpt>
    <trkpt lat="42.1376" lon="2.54427">
        <ele>649.0</ele>
    </trkpt>
    <trkpt lat="42.1376" lon="2.54432">
        <ele>648.0</ele>
    </trkpt>
    <trkpt lat="42.1376" lon="2.54437">
        <ele>648.0</ele>
    </trkpt>
    <trkpt lat="42.1376" lon="2.54441">
        <ele>648.0</ele>
    </trkpt>
    <trkpt lat="42.1376" lon="2.54446">
        <ele>647.0</ele>
    </trkpt>
    <trkpt lat="42.1376" lon="2.5445">
        <ele>647.0</ele>
    </trkpt>
    <trkpt lat="42.1376" lon="2.54452">
        <ele>647.0</ele>
    </trkpt>
    <trkpt lat="42.1377" lon="2.54457">
        <ele>646.0</ele>
    </trkpt>
    <trkpt lat="42.1377" lon="2.54463">
        <ele>646.0</ele>
    </trkpt>
    <trkpt lat="42.1377" lon="2.54465">
        <ele>646.0</ele>
    </trkpt>
    <trkpt lat="42.1377" lon="2.54472">
        <ele>645.0</ele>
    </trkpt>
    <trkpt lat="42.1378" lon="2.54477">
        <ele>644.0</ele>
    </trkpt>
    <trkpt lat="42.1378" lon="2.54481">
        <ele>643.0</ele>
    </trkpt>
    <trkpt lat="42.1378" lon="2.54486">
        <ele>642.0</ele>
    </trkpt>
    <trkpt lat="42.1378" lon="2.54491">
        <ele>642.0</ele>
    </trkpt>
    <trkpt lat="42.1378" lon="2.54497">
        <ele>641.0</ele>
    </trkpt>
    <trkpt lat="42.1379" lon="2.54509">
        <ele>640.0</ele>
    </trkpt>
    <trkpt lat="42.1379" lon="2.54522">
        <ele>639.0</ele>
    </trkpt>
    <trkpt lat="42.1379" lon="2.54524">
        <ele>639.0</ele>
    </trkpt>
    <trkpt lat="42.1379" lon="2.54525">
        <ele>639.0</ele>
    </trkpt>
    <trkpt lat="42.1379" lon="2.54526">
        <ele>639.0</ele>
    </trkpt>
    <trkpt lat="42.138" lon="2.54538">
        <ele>638.0</ele>
    </trkpt>
    <trkpt lat="42.138" lon="2.54548">
        <ele>638.0</ele>
    </trkpt>
    <trkpt lat="42.138" lon="2.54555">
        <ele>635.0</ele>
    </trkpt>
    <trkpt lat="42.138" lon="2.54564">
        <ele>633.0</ele>
    </trkpt>
    <trkpt lat="42.138" lon="2.54574">
        <ele>629.0</ele>
    </trkpt>
    <trkpt lat="42.138" lon="2.54583">
        <ele>625.0</ele>
    </trkpt>
    <trkpt lat="42.138" lon="2.54593">
        <ele>624.0</ele>
    </trkpt>
    <trkpt lat="42.138" lon="2.54601">
        <ele>624.0</ele>
    </trkpt>
    <trkpt lat="42.138" lon="2.54609">
        <ele>625.0</ele>
    </trkpt>
    <trkpt lat="42.138" lon="2.54613">
        <ele>626.0</ele>
    </trkpt>
    <trkpt lat="42.138" lon="2.54615">
        <ele>625.0</ele>
    </trkpt>
    <trkpt lat="42.138" lon="2.54624">
        <ele>625.0</ele>
    </trkpt>
    <trkpt lat="42.138" lon="2.54632">
        <ele>627.0</ele>
    </trkpt>
    <trkpt lat="42.138" lon="2.54636">
        <ele>627.0</ele>
    </trkpt>
    <trkpt lat="42.1379" lon="2.54642">
        <ele>627.0</ele>
    </trkpt>
    <trkpt lat="42.1379" lon="2.54654">
        <ele>627.0</ele>
    </trkpt>
    <trkpt lat="42.138" lon="2.5466">
        <ele>629.0</ele>
    </trkpt>
    <trkpt lat="42.138" lon="2.54664">
        <ele>629.0</ele>
    </trkpt>
    <trkpt lat="42.138" lon="2.54667">
        <ele>631.0</ele>
    </trkpt>
    <trkpt lat="42.138" lon="2.54673">
        <ele>630.0</ele>
    </trkpt>
    <trkpt lat="42.138" lon="2.54676">
        <ele>630.0</ele>
    </trkpt>
    <trkpt lat="42.1379" lon="2.54683">
        <ele>628.0</ele>
    </trkpt>
    <trkpt lat="42.1379" lon="2.54692">
        <ele>628.0</ele>
    </trkpt>
    <trkpt lat="42.1379" lon="2.54696">
        <ele>627.0</ele>
    </trkpt>
    <trkpt lat="42.1378" lon="2.54704">
        <ele>625.0</ele>
    </trkpt>
    <trkpt lat="42.1378" lon="2.54707">
        <ele>624.0</ele>
    </trkpt>
    <trkpt lat="42.1378" lon="2.5471">
        <ele>624.0</ele>
    </trkpt>
    <trkpt lat="42.1378" lon="2.5471">
        <ele>623.0</ele>
    </trkpt>
    <trkpt lat="42.1378" lon="2.54717">
        <ele>623.0</ele>
    </trkpt>
    <trkpt lat="42.1378" lon="2.54726">
        <ele>623.0</ele>
    </trkpt>
    <trkpt lat="42.1377" lon="2.54733">
        <ele>623.0</ele>
    </trkpt>
    <trkpt lat="42.1377" lon="2.54741">
        <ele>623.0</ele>
    </trkpt>
    <trkpt lat="42.1377" lon="2.54755">
        <ele>622.0</ele>
    </trkpt>
    <trkpt lat="42.1377" lon="2.54767">
        <ele>621.0</ele>
    </trkpt>
    <trkpt lat="42.1376" lon="2.54777">
        <ele>620.0</ele>
    </trkpt>
    <trkpt lat="42.1376" lon="2.54783">
        <ele>619.0</ele>
    </trkpt>
    <trkpt lat="42.1375" lon="2.54793">
        <ele>618.0</ele>
    </trkpt>
    <trkpt lat="42.1375" lon="2.54803">
        <ele>617.0</ele>
    </trkpt>
    <trkpt lat="42.1375" lon="2.54809">
        <ele>616.0</ele>
    </trkpt>
    <trkpt lat="42.1374" lon="2.54816">
        <ele>615.0</ele>
    </trkpt>
    <trkpt lat="42.1374" lon="2.54823">
        <ele>614.0</ele>
    </trkpt>
    <trkpt lat="42.1374" lon="2.54831">
        <ele>613.0</ele>
    </trkpt>
    <trkpt lat="42.1374" lon="2.54843">
        <ele>613.0</ele>
    </trkpt>
    <trkpt lat="42.1374" lon="2.54857">
        <ele>612.0</ele>
    </trkpt>
    <trkpt lat="42.1375" lon="2.54871">
        <ele>612.0</ele>
    </trkpt>
    <trkpt lat="42.1375" lon="2.54884">
        <ele>611.0</ele>
    </trkpt>
    <trkpt lat="42.1375" lon="2.54891">
        <ele>611.0</ele>
    </trkpt>
    <trkpt lat="42.1375" lon="2.54902">
        <ele>611.0</ele>
    </trkpt>
    <trkpt lat="42.1375" lon="2.54913">
        <ele>610.0</ele>
    </trkpt>
    <trkpt lat="42.1375" lon="2.54922">
        <ele>610.0</ele>
    </trkpt>
    <trkpt lat="42.1375" lon="2.5493">
        <ele>610.0</ele>
    </trkpt>
    <trkpt lat="42.1375" lon="2.54938">
        <ele>609.0</ele>
    </trkpt>
    <trkpt lat="42.1375" lon="2.54947">
        <ele>609.0</ele>
    </trkpt>
    <trkpt lat="42.1375" lon="2.5496">
        <ele>609.0</ele>
    </trkpt>
    <trkpt lat="42.1375" lon="2.54974">
        <ele>608.0</ele>
    </trkpt>
    <trkpt lat="42.1375" lon="2.54979">
        <ele>608.0</ele>
    </trkpt>
    <trkpt lat="42.1375" lon="2.54983">
        <ele>607.0</ele>
    </trkpt>
    <trkpt lat="42.1375" lon="2.54986">
        <ele>607.0</ele>
    </trkpt>
    <trkpt lat="42.1376" lon="2.5499">
        <ele>607.0</ele>
    </trkpt>
    <trkpt lat="42.1376" lon="2.54991">
        <ele>607.0</ele>
    </trkpt>
    <trkpt lat="42.1376" lon="2.54993">
        <ele>607.0</ele>
    </trkpt>
    <trkpt lat="42.1376" lon="2.54995">
        <ele>607.0</ele>
    </trkpt>
    <trkpt lat="42.1377" lon="2.54997">
        <ele>607.0</ele>
    </trkpt>
    <trkpt lat="42.1377" lon="2.54997">
        <ele>607.0</ele>
    </trkpt>
    <trkpt lat="42.1378" lon="2.54996">
        <ele>608.0</ele>
    </trkpt>
    <trkpt lat="42.1378" lon="2.54995">
        <ele>609.0</ele>
    </trkpt>
    <trkpt lat="42.1379" lon="2.54995">
        <ele>610.0</ele>
    </trkpt>
    <trkpt lat="42.1379" lon="2.54996">
        <ele>612.0</ele>
    </trkpt>
    <trkpt lat="42.138" lon="2.54996">
        <ele>613.0</ele>
    </trkpt>
    <trkpt lat="42.1381" lon="2.55003">
        <ele>612.0</ele>
    </trkpt>
    <trkpt lat="42.1381" lon="2.55005">
        <ele>612.0</ele>
    </trkpt>
    <trkpt lat="42.1382" lon="2.55005">
        <ele>612.0</ele>
    </trkpt>
    <trkpt lat="42.1383" lon="2.55004">
        <ele>612.0</ele>
    </trkpt>
    <trkpt lat="42.1383" lon="2.55002">
        <ele>612.0</ele>
    </trkpt>
    <trkpt lat="42.1384" lon="2.55">
        <ele>613.0</ele>
    </trkpt>
    <trkpt lat="42.1385" lon="2.55002">
        <ele>611.0</ele>
    </trkpt>
    <trkpt lat="42.1386" lon="2.55">
        <ele>611.0</ele>
    </trkpt>
    <trkpt lat="42.1386" lon="2.54998">
        <ele>610.0</ele>
    </trkpt>
    <trkpt lat="42.1387" lon="2.54995">
        <ele>609.0</ele>
    </trkpt>
    <trkpt lat="42.1389" lon="2.54993">
        <ele>607.0</ele>
    </trkpt>
    <trkpt lat="42.1389" lon="2.54991">
        <ele>607.0</ele>
    </trkpt>
    <trkpt lat="42.139" lon="2.54988">
        <ele>607.0</ele>
    </trkpt>
    <trkpt lat="42.1391" lon="2.54985">
        <ele>608.0</ele>
    </trkpt>
    <trkpt lat="42.1391" lon="2.5498">
        <ele>610.0</ele>
    </trkpt>
    <trkpt lat="42.1392" lon="2.54979">
        <ele>611.0</ele>
    </trkpt>
    <trkpt lat="42.1392" lon="2.54978">
        <ele>610.0</ele>
    </trkpt>
    <trkpt lat="42.1393" lon="2.54976">
        <ele>610.0</ele>
    </trkpt>
    <trkpt lat="42.1393" lon="2.54976">
        <ele>609.0</ele>
    </trkpt>
    <trkpt lat="42.1394" lon="2.54979">
        <ele>608.0</ele>
    </trkpt>
    <trkpt lat="42.1394" lon="2.54981">
        <ele>608.0</ele>
    </trkpt>
    <trkpt lat="42.1394" lon="2.54987">
        <ele>607.0</ele>
    </trkpt>
    <trkpt lat="42.1394" lon="2.54989">
        <ele>607.0</ele>
    </trkpt>
    <trkpt lat="42.1394" lon="2.5499">
        <ele>606.0</ele>
    </trkpt>
    <trkpt lat="42.1394" lon="2.54992">
        <ele>605.0</ele>
    </trkpt>
    <trkpt lat="42.1395" lon="2.54993">
        <ele>605.0</ele>
    </trkpt>
    <trkpt lat="42.1395" lon="2.54995">
        <ele>606.0</ele>
    </trkpt>
    <trkpt lat="42.1395" lon="2.55">
        <ele>605.0</ele>
    </trkpt>
    <trkpt lat="42.1395" lon="2.55007">
        <ele>605.0</ele>
    </trkpt>
    <trkpt lat="42.1395" lon="2.55012">
        <ele>606.0</ele>
    </trkpt>
    <trkpt lat="42.1395" lon="2.5502">
        <ele>606.0</ele>
    </trkpt>
    <trkpt lat="42.1395" lon="2.55029">
        <ele>605.0</ele>
    </trkpt>
    <trkpt lat="42.1395" lon="2.55035">
        <ele>604.0</ele>
    </trkpt>
    <trkpt lat="42.1395" lon="2.55039">
        <ele>604.0</ele>
    </trkpt>
    <trkpt lat="42.1395" lon="2.55042">
        <ele>603.0</ele>
    </trkpt>
    <trkpt lat="42.1395" lon="2.55047">
        <ele>603.0</ele>
    </trkpt>
    <trkpt lat="42.1395" lon="2.55051">
        <ele>602.0</ele>
    </trkpt>
    <trkpt lat="42.1394" lon="2.55056">
        <ele>601.0</ele>
    </trkpt>
    <trkpt lat="42.1394" lon="2.55071">
        <ele>601.0</ele>
    </trkpt>
    <trkpt lat="42.1394" lon="2.55078">
        <ele>601.0</ele>
    </trkpt>
    <trkpt lat="42.1394" lon="2.55094">
        <ele>600.0</ele>
    </trkpt>
    <trkpt lat="42.1394" lon="2.5511">
        <ele>599.0</ele>
    </trkpt>
    <trkpt lat="42.1394" lon="2.55125">
        <ele>599.0</ele>
    </trkpt>
    <trkpt lat="42.1394" lon="2.55129">
        <ele>599.0</ele>
    </trkpt>
    <trkpt lat="42.1394" lon="2.55132">
        <ele>599.0</ele>
    </trkpt>
    <trkpt lat="42.1394" lon="2.55135">
        <ele>598.0</ele>
    </trkpt>
    <trkpt lat="42.1394" lon="2.55139">
        <ele>598.0</ele>
    </trkpt>
    <trkpt lat="42.1395" lon="2.5514">
        <ele>598.0</ele>
    </trkpt>
    <trkpt lat="42.1395" lon="2.55141">
        <ele>597.0</ele>
    </trkpt>
    <trkpt lat="42.1395" lon="2.55142">
        <ele>597.0</ele>
    </trkpt>
    <trkpt lat="42.1395" lon="2.55142">
        <ele>597.0</ele>
    </trkpt>
    <trkpt lat="42.1395" lon="2.55143">
        <ele>596.0</ele>
    </trkpt>
    <trkpt lat="42.1395" lon="2.55147">
        <ele>595.0</ele>
    </trkpt>
    <trkpt lat="42.1395" lon="2.55148">
        <ele>595.0</ele>
    </trkpt>
    <trkpt lat="42.1394" lon="2.55153">
        <ele>594.0</ele>
    </trkpt>
    <trkpt lat="42.1394" lon="2.5516">
        <ele>592.0</ele>
    </trkpt>
    <trkpt lat="42.1394" lon="2.55166">
        <ele>591.0</ele>
    </trkpt>
    <trkpt lat="42.1394" lon="2.55169">
        <ele>590.0</ele>
    </trkpt>
    <trkpt lat="42.1394" lon="2.55169">
        <ele>590.0</ele>
    </trkpt>
    <trkpt lat="42.1393" lon="2.55172">
        <ele>590.0</ele>
    </trkpt>
    <trkpt lat="42.1393" lon="2.55174">
        <ele>589.0</ele>
    </trkpt>
    <trkpt lat="42.1393" lon="2.55176">
        <ele>589.0</ele>
    </trkpt>
    <trkpt lat="42.1393" lon="2.55178">
        <ele>589.0</ele>
    </trkpt>
    <trkpt lat="42.1392" lon="2.55185">
        <ele>588.0</ele>
    </trkpt>
    <trkpt lat="42.1392" lon="2.55188">
        <ele>587.0</ele>
    </trkpt>
    <trkpt lat="42.1392" lon="2.5519">
        <ele>587.0</ele>
    </trkpt>
    <trkpt lat="42.1392" lon="2.55192">
        <ele>587.0</ele>
    </trkpt>
    <trkpt lat="42.1391" lon="2.55201">
        <ele>585.0</ele>
    </trkpt>
    <trkpt lat="42.1391" lon="2.55205">
        <ele>585.0</ele>
    </trkpt>
    <trkpt lat="42.1391" lon="2.55209">
        <ele>584.0</ele>
    </trkpt>
    <trkpt lat="42.1391" lon="2.55214">
        <ele>583.0</ele>
    </trkpt>
    <trkpt lat="42.139" lon="2.55218">
        <ele>582.0</ele>
    </trkpt>
    <trkpt lat="42.139" lon="2.55224">
        <ele>580.0</ele>
    </trkpt>
    <trkpt lat="42.139" lon="2.55226">
        <ele>580.0</ele>
    </trkpt>
    <trkpt lat="42.1389" lon="2.5523">
        <ele>579.0</ele>
    </trkpt>
    <trkpt lat="42.1389" lon="2.55232">
        <ele>578.0</ele>
    </trkpt>
    <trkpt lat="42.1389" lon="2.55238">
        <ele>577.0</ele>
    </trkpt>
    <trkpt lat="42.1389" lon="2.55238">
        <ele>577.0</ele>
    </trkpt>
    <trkpt lat="42.1389" lon="2.55239">
        <ele>577.0</ele>
    </trkpt>
    <trkpt lat="42.1389" lon="2.5524">
        <ele>576.0</ele>
    </trkpt>
    <trkpt lat="42.1389" lon="2.55242">
        <ele>576.0</ele>
    </trkpt>
    <trkpt lat="42.139" lon="2.55243">
        <ele>575.0</ele>
    </trkpt>
    <trkpt lat="42.139" lon="2.55243">
        <ele>575.0</ele>
    </trkpt>
    <trkpt lat="42.139" lon="2.55242">
        <ele>575.0</ele>
    </trkpt>
    <trkpt lat="42.1391" lon="2.55241">
        <ele>574.0</ele>
    </trkpt>
    <trkpt lat="42.1391" lon="2.5524">
        <ele>574.0</ele>
    </trkpt>
    <trkpt lat="42.1391" lon="2.55239">
        <ele>574.0</ele>
    </trkpt>
    <trkpt lat="42.1392" lon="2.55237">
        <ele>573.0</ele>
    </trkpt>
    <trkpt lat="42.1393" lon="2.55236">
        <ele>572.0</ele>
    </trkpt>
    <trkpt lat="42.1393" lon="2.55235">
        <ele>572.0</ele>
    </trkpt>
    <trkpt lat="42.1393" lon="2.55233">
        <ele>572.0</ele>
    </trkpt>
    <trkpt lat="42.1394" lon="2.55232">
        <ele>572.0</ele>
    </trkpt>
    <trkpt lat="42.1395" lon="2.55231">
        <ele>570.0</ele>
    </trkpt>
    <trkpt lat="42.1395" lon="2.5523">
        <ele>570.0</ele>
    </trkpt>
    <trkpt lat="42.1395" lon="2.5523">
        <ele>570.0</ele>
    </trkpt>
    <trkpt lat="42.1396" lon="2.55229">
        <ele>568.0</ele>
    </trkpt>
    <trkpt lat="42.1397" lon="2.55224">
        <ele>567.0</ele>
    </trkpt>
    <trkpt lat="42.1397" lon="2.55221">
        <ele>567.0</ele>
    </trkpt>
    <trkpt lat="42.1398" lon="2.55217">
        <ele>567.0</ele>
    </trkpt>
    <trkpt lat="42.1398" lon="2.55211">
        <ele>566.0</ele>
    </trkpt>
    <trkpt lat="42.1399" lon="2.55209">
        <ele>566.0</ele>
    </trkpt>
    <trkpt lat="42.1399" lon="2.55207">
        <ele>566.0</ele>
    </trkpt>
    <trkpt lat="42.1399" lon="2.55205">
        <ele>565.0</ele>
    </trkpt>
    <trkpt lat="42.14" lon="2.55203">
        <ele>565.0</ele>
    </trkpt>
    <trkpt lat="42.14" lon="2.55201">
        <ele>565.0</ele>
    </trkpt>
    <trkpt lat="42.14" lon="2.552">
        <ele>565.0</ele>
    </trkpt>
    <trkpt lat="42.1402" lon="2.552">
        <ele>565.0</ele>
    </trkpt>
    <trkpt lat="42.1403" lon="2.552">
        <ele>565.0</ele>
    </trkpt>
    <trkpt lat="42.1404" lon="2.55202">
        <ele>564.0</ele>
    </trkpt>
    <trkpt lat="42.1405" lon="2.55206">
        <ele>565.0</ele>
    </trkpt>
    <trkpt lat="42.1405" lon="2.55209">
        <ele>565.0</ele>
    </trkpt>
    <trkpt lat="42.1405" lon="2.55212">
        <ele>564.0</ele>
    </trkpt>
    <trkpt lat="42.1406" lon="2.55216">
        <ele>564.0</ele>
    </trkpt>
    <trkpt lat="42.1406" lon="2.55221">
        <ele>562.0</ele>
    </trkpt>
    <trkpt lat="42.1407" lon="2.55229">
        <ele>562.0</ele>
    </trkpt>
    <trkpt lat="42.1407" lon="2.55243">
        <ele>560.0</ele>
    </trkpt>
    <trkpt lat="42.1408" lon="2.55258">
        <ele>557.0</ele>
    </trkpt>
    <trkpt lat="42.1408" lon="2.55264">
        <ele>557.0</ele>
    </trkpt>
    <trkpt lat="42.1409" lon="2.55278">
        <ele>555.0</ele>
    </trkpt>
    <trkpt lat="42.1409" lon="2.55287">
        <ele>552.0</ele>
    </trkpt>
    <trkpt lat="42.141" lon="2.55296">
        <ele>550.0</ele>
    </trkpt>
    <trkpt lat="42.1411" lon="2.55309">
        <ele>549.0</ele>
    </trkpt>
    <trkpt lat="42.1411" lon="2.55323">
        <ele>547.0</ele>
    </trkpt>
    <trkpt lat="42.1412" lon="2.55336">
        <ele>545.0</ele>
    </trkpt>
    <trkpt lat="42.1413" lon="2.5535">
        <ele>545.0</ele>
    </trkpt>
    <trkpt lat="42.1414" lon="2.55363">
        <ele>543.0</ele>
    </trkpt>
    <trkpt lat="42.1414" lon="2.55372">
        <ele>543.0</ele>
    </trkpt>
    <trkpt lat="42.1414" lon="2.55381">
        <ele>542.0</ele>
    </trkpt>
    <trkpt lat="42.1415" lon="2.55394">
        <ele>542.0</ele>
    </trkpt>
    <trkpt lat="42.1415" lon="2.55399">
        <ele>542.0</ele>
    </trkpt>
    <trkpt lat="42.1416" lon="2.55403">
        <ele>542.0</ele>
    </trkpt>
    <trkpt lat="42.1416" lon="2.55407">
        <ele>542.0</ele>
    </trkpt>
    <trkpt lat="42.1417" lon="2.55411">
        <ele>542.0</ele>
    </trkpt>
    <trkpt lat="42.1417" lon="2.55419">
        <ele>542.0</ele>
    </trkpt>
    <trkpt lat="42.1418" lon="2.55421">
        <ele>542.0</ele>
    </trkpt>
    <trkpt lat="42.1418" lon="2.55426">
        <ele>542.0</ele>
    </trkpt>
    <trkpt lat="42.1419" lon="2.5543">
        <ele>543.0</ele>
    </trkpt>
    <trkpt lat="42.1419" lon="2.55433">
        <ele>544.0</ele>
    </trkpt>
    <trkpt lat="42.142" lon="2.55437">
        <ele>544.0</ele>
    </trkpt>
    <trkpt lat="42.142" lon="2.55447">
        <ele>545.0</ele>
    </trkpt>
    <trkpt lat="42.1421" lon="2.55462">
        <ele>548.0</ele>
    </trkpt>
    <trkpt lat="42.1422" lon="2.55476">
        <ele>547.0</ele>
    </trkpt>
    <trkpt lat="42.1422" lon="2.5549">
        <ele>549.0</ele>
    </trkpt>
    <trkpt lat="42.1423" lon="2.55505">
        <ele>547.0</ele>
    </trkpt>
    <trkpt lat="42.1423" lon="2.55514">
        <ele>548.0</ele>
    </trkpt>
    <trkpt lat="42.1424" lon="2.55522">
        <ele>548.0</ele>
    </trkpt>
    <trkpt lat="42.1424" lon="2.5553">
        <ele>547.0</ele>
    </trkpt>
    <trkpt lat="42.1425" lon="2.55544">
        <ele>546.0</ele>
    </trkpt>
    <trkpt lat="42.1425" lon="2.55558">
        <ele>547.0</ele>
    </trkpt>
    <trkpt lat="42.1426" lon="2.55574">
        <ele>545.0</ele>
    </trkpt>
    <trkpt lat="42.1426" lon="2.5559">
        <ele>545.0</ele>
    </trkpt>
    <trkpt lat="42.1426" lon="2.55599">
        <ele>545.0</ele>
    </trkpt>
    <trkpt lat="42.1426" lon="2.55609">
        <ele>545.0</ele>
    </trkpt>
    <trkpt lat="42.1427" lon="2.55626">
        <ele>544.0</ele>
    </trkpt>
    <trkpt lat="42.1427" lon="2.55633">
        <ele>544.0</ele>
    </trkpt>
    <trkpt lat="42.1427" lon="2.55641">
        <ele>543.0</ele>
    </trkpt>
    <trkpt lat="42.1427" lon="2.55654">
        <ele>542.0</ele>
    </trkpt>
    <trkpt lat="42.1427" lon="2.55661">
        <ele>542.0</ele>
    </trkpt>
    <trkpt lat="42.1427" lon="2.55667">
        <ele>543.0</ele>
    </trkpt>
    <trkpt lat="42.1427" lon="2.55676">
        <ele>543.0</ele>
    </trkpt>
    <trkpt lat="42.1427" lon="2.55684">
        <ele>543.0</ele>
    </trkpt>
    <trkpt lat="42.1426" lon="2.55697">
        <ele>543.0</ele>
    </trkpt>
    <trkpt lat="42.1426" lon="2.55711">
        <ele>542.0</ele>
    </trkpt>
    <trkpt lat="42.1426" lon="2.55724">
        <ele>541.0</ele>
    </trkpt>
    <trkpt lat="42.1426" lon="2.55735">
        <ele>540.0</ele>
    </trkpt>
    <trkpt lat="42.1425" lon="2.55747">
        <ele>540.0</ele>
    </trkpt>
    <trkpt lat="42.1425" lon="2.55758">
        <ele>541.0</ele>
    </trkpt>
    <trkpt lat="42.1425" lon="2.55769">
        <ele>542.0</ele>
    </trkpt>
    <trkpt lat="42.1425" lon="2.5578">
        <ele>541.0</ele>
    </trkpt>
    <trkpt lat="42.1425" lon="2.55791">
        <ele>541.0</ele>
    </trkpt>
    <trkpt lat="42.1425" lon="2.55802">
        <ele>541.0</ele>
    </trkpt>
    <trkpt lat="42.1425" lon="2.5582">
        <ele>540.0</ele>
    </trkpt>
    <trkpt lat="42.1425" lon="2.55837">
        <ele>539.0</ele>
    </trkpt>
    <trkpt lat="42.1425" lon="2.55855">
        <ele>539.0</ele>
    </trkpt>
    <trkpt lat="42.1425" lon="2.55872">
        <ele>539.0</ele>
    </trkpt>
    <trkpt lat="42.1425" lon="2.55884">
        <ele>538.0</ele>
    </trkpt>
    <trkpt lat="42.1424" lon="2.55896">
        <ele>537.0</ele>
    </trkpt>
    <trkpt lat="42.1425" lon="2.55911">
        <ele>537.0</ele>
    </trkpt>
    <trkpt lat="42.1425" lon="2.55926">
        <ele>537.0</ele>
    </trkpt>
    <trkpt lat="42.1425" lon="2.55941">
        <ele>537.0</ele>
    </trkpt>
    <trkpt lat="42.1424" lon="2.55949">
        <ele>536.0</ele>
    </trkpt>
    <trkpt lat="42.1424" lon="2.55961">
        <ele>536.0</ele>
    </trkpt>
    <trkpt lat="42.1424" lon="2.55966">
        <ele>536.0</ele>
    </trkpt>
    <trkpt lat="42.1424" lon="2.55971">
        <ele>536.0</ele>
    </trkpt>
    <trkpt lat="42.1424" lon="2.55979">
        <ele>536.0</ele>
    </trkpt>
    <trkpt lat="42.1424" lon="2.55983">
        <ele>536.0</ele>
    </trkpt>
    <trkpt lat="42.1424" lon="2.55985">
        <ele>536.0</ele>
    </trkpt>
    <trkpt lat="42.1424" lon="2.55996">
        <ele>536.0</ele>
    </trkpt>
    <trkpt lat="42.1423" lon="2.56011">
        <ele>535.0</ele>
    </trkpt>
    <trkpt lat="42.1423" lon="2.56025">
        <ele>534.0</ele>
    </trkpt>
    <trkpt lat="42.1423" lon="2.56038">
        <ele>532.0</ele>
    </trkpt>
    <trkpt lat="42.1423" lon="2.56051">
        <ele>532.0</ele>
    </trkpt>
    <trkpt lat="42.1423" lon="2.56065">
        <ele>531.0</ele>
    </trkpt>
    <trkpt lat="42.1423" lon="2.56079">
        <ele>530.0</ele>
    </trkpt>
    <trkpt lat="42.1423" lon="2.56092">
        <ele>529.0</ele>
    </trkpt>
    <trkpt lat="42.1422" lon="2.56106">
        <ele>529.0</ele>
    </trkpt>
    <trkpt lat="42.1422" lon="2.56116">
        <ele>528.0</ele>
    </trkpt>
    <trkpt lat="42.1422" lon="2.56126">
        <ele>528.0</ele>
    </trkpt>
    <trkpt lat="42.1422" lon="2.56142">
        <ele>527.0</ele>
    </trkpt>
    <trkpt lat="42.1421" lon="2.56156">
        <ele>526.0</ele>
    </trkpt>
    <trkpt lat="42.1421" lon="2.56171">
        <ele>526.0</ele>
    </trkpt>
    <trkpt lat="42.142" lon="2.56187">
        <ele>526.0</ele>
    </trkpt>
    <trkpt lat="42.1419" lon="2.56202">
        <ele>525.0</ele>
    </trkpt>
    <trkpt lat="42.1419" lon="2.56217">
        <ele>525.0</ele>
    </trkpt>
    <trkpt lat="42.1419" lon="2.56231">
        <ele>525.0</ele>
    </trkpt>
    <trkpt lat="42.1418" lon="2.56245">
        <ele>525.0</ele>
    </trkpt>
    <trkpt lat="42.1418" lon="2.56259">
        <ele>525.0</ele>
    </trkpt>
    <trkpt lat="42.1418" lon="2.56273">
        <ele>525.0</ele>
    </trkpt>
    <trkpt lat="42.1418" lon="2.56279">
        <ele>525.0</ele>
    </trkpt>
    <trkpt lat="42.1417" lon="2.56295">
        <ele>525.0</ele>
    </trkpt>
    <trkpt lat="42.1417" lon="2.56306">
        <ele>525.0</ele>
    </trkpt>
    <trkpt lat="42.1417" lon="2.5632">
        <ele>524.0</ele>
    </trkpt>
    <trkpt lat="42.1417" lon="2.56333">
        <ele>524.0</ele>
    </trkpt>
    <trkpt lat="42.1417" lon="2.56347">
        <ele>524.0</ele>
    </trkpt>
    <trkpt lat="42.1417" lon="2.56361">
        <ele>524.0</ele>
    </trkpt>
    <trkpt lat="42.1417" lon="2.56366">
        <ele>523.0</ele>
    </trkpt>
    <trkpt lat="42.1417" lon="2.5637">
        <ele>523.0</ele>
    </trkpt>
    <trkpt lat="42.1418" lon="2.56375">
        <ele>522.0</ele>
    </trkpt>
    <trkpt lat="42.1418" lon="2.5638">
        <ele>522.0</ele>
    </trkpt>
    <trkpt lat="42.1418" lon="2.56386">
        <ele>522.0</ele>
    </trkpt>
    <trkpt lat="42.1419" lon="2.56394">
        <ele>523.0</ele>
    </trkpt>
    <trkpt lat="42.142" lon="2.56401">
        <ele>523.0</ele>
    </trkpt>
    <trkpt lat="42.1421" lon="2.56404">
        <ele>523.0</ele>
    </trkpt>
    <trkpt lat="42.1421" lon="2.56408">
        <ele>522.0</ele>
    </trkpt>
    <trkpt lat="42.1421" lon="2.56409">
        <ele>522.0</ele>
    </trkpt>
    <trkpt lat="42.1422" lon="2.5641">
        <ele>522.0</ele>
    </trkpt>
    <trkpt lat="42.1422" lon="2.56417">
        <ele>522.0</ele>
    </trkpt>
    <trkpt lat="42.1422" lon="2.56431">
        <ele>522.0</ele>
    </trkpt>
    <trkpt lat="42.1422" lon="2.56438">
        <ele>522.0</ele>
    </trkpt>
    <trkpt lat="42.1422" lon="2.56445">
        <ele>522.0</ele>
    </trkpt>
    <trkpt lat="42.1422" lon="2.56449">
        <ele>522.0</ele>
    </trkpt>
    <trkpt lat="42.1422" lon="2.5646">
        <ele>521.0</ele>
    </trkpt>
    <trkpt lat="42.1422" lon="2.56464">
        <ele>521.0</ele>
    </trkpt>
    <trkpt lat="42.1422" lon="2.56468">
        <ele>521.0</ele>
    </trkpt>
    <trkpt lat="42.1423" lon="2.56472">
        <ele>521.0</ele>
    </trkpt>
    <trkpt lat="42.1423" lon="2.56474">
        <ele>521.0</ele>
    </trkpt>
    <trkpt lat="42.1423" lon="2.56477">
        <ele>521.0</ele>
    </trkpt>
    <trkpt lat="42.1423" lon="2.56479">
        <ele>521.0</ele>
    </trkpt>
    <trkpt lat="42.1423" lon="2.56485">
        <ele>522.0</ele>
    </trkpt>
    <trkpt lat="42.1424" lon="2.56489">
        <ele>522.0</ele>
    </trkpt>
    <trkpt lat="42.1424" lon="2.56493">
        <ele>521.0</ele>
    </trkpt>
    <trkpt lat="42.1424" lon="2.56503">
        <ele>517.0</ele>
    </trkpt>
    <trkpt lat="42.1424" lon="2.56505">
        <ele>516.0</ele>
    </trkpt>
    <trkpt lat="42.1424" lon="2.56508">
        <ele>516.0</ele>
    </trkpt>
    <trkpt lat="42.1424" lon="2.56511">
        <ele>515.0</ele>
    </trkpt>
    <trkpt lat="42.1424" lon="2.56526">
        <ele>513.0</ele>
    </trkpt>
    <trkpt lat="42.1424" lon="2.56528">
        <ele>513.0</ele>
    </trkpt>
    <trkpt lat="42.1425" lon="2.56531">
        <ele>512.0</ele>
    </trkpt>
    <trkpt lat="42.1425" lon="2.56537">
        <ele>511.0</ele>
    </trkpt>
    <trkpt lat="42.1426" lon="2.56542">
        <ele>510.0</ele>
    </trkpt>
    <trkpt lat="42.1427" lon="2.56548">
        <ele>508.0</ele>
    </trkpt>
    <trkpt lat="42.1427" lon="2.5655">
        <ele>508.0</ele>
    </trkpt>
    <trkpt lat="42.1427" lon="2.56554">
        <ele>508.0</ele>
    </trkpt>
    <trkpt lat="42.1428" lon="2.56556">
        <ele>507.0</ele>
    </trkpt>
    <trkpt lat="42.1428" lon="2.56559">
        <ele>507.0</ele>
    </trkpt>
    <trkpt lat="42.1429" lon="2.56563">
        <ele>507.0</ele>
    </trkpt>
    <trkpt lat="42.143" lon="2.56565">
        <ele>507.0</ele>
    </trkpt>
    <trkpt lat="42.1431" lon="2.5657">
        <ele>507.0</ele>
    </trkpt>
    <trkpt lat="42.1431" lon="2.5657">
        <ele>507.0</ele>
    </trkpt>
    <trkpt lat="42.1431" lon="2.56571">
        <ele>506.0</ele>
    </trkpt>
    <trkpt lat="42.1431" lon="2.56575">
        <ele>505.0</ele>
    </trkpt>
    <trkpt lat="42.1431" lon="2.56576">
        <ele>504.0</ele>
    </trkpt>
    <trkpt lat="42.1431" lon="2.56578">
        <ele>503.0</ele>
    </trkpt>
    <trkpt lat="42.1431" lon="2.56578">
        <ele>503.0</ele>
    </trkpt>
    <trkpt lat="42.143" lon="2.56579">
        <ele>503.0</ele>
    </trkpt>
    <trkpt lat="42.143" lon="2.5658">
        <ele>503.0</ele>
    </trkpt>
    <trkpt lat="42.1431" lon="2.56582">
        <ele>502.0</ele>
    </trkpt>
    <trkpt lat="42.1432" lon="2.56582">
        <ele>504.0</ele>
    </trkpt>
    <trkpt lat="42.1432" lon="2.56583">
        <ele>504.0</ele>
    </trkpt>
    <trkpt lat="42.1433" lon="2.56589">
        <ele>504.0</ele>
    </trkpt>
    <trkpt lat="42.1433" lon="2.56597">
        <ele>504.0</ele>
    </trkpt>
    <trkpt lat="42.1434" lon="2.56602">
        <ele>503.0</ele>
    </trkpt>
    <trkpt lat="42.1434" lon="2.56616">
        <ele>502.0</ele>
    </trkpt>
    <trkpt lat="42.1434" lon="2.56626">
        <ele>502.0</ele>
    </trkpt>
    <trkpt lat="42.1435" lon="2.56635">
        <ele>502.0</ele>
    </trkpt>
    <trkpt lat="42.1435" lon="2.56642">
        <ele>502.0</ele>
    </trkpt>
    <trkpt lat="42.1436" lon="2.56646">
        <ele>502.0</ele>
    </trkpt>
    <trkpt lat="42.1436" lon="2.56649">
        <ele>502.0</ele>
    </trkpt>
    <trkpt lat="42.1437" lon="2.56656">
        <ele>502.0</ele>
    </trkpt>
    <trkpt lat="42.1437" lon="2.56659">
        <ele>503.0</ele>
    </trkpt>
    <trkpt lat="42.1437" lon="2.56663">
        <ele>502.0</ele>
    </trkpt>
    <trkpt lat="42.1437" lon="2.56668">
        <ele>502.0</ele>
    </trkpt>
    <trkpt lat="42.1437" lon="2.56672">
        <ele>501.0</ele>
    </trkpt>
    <trkpt lat="42.1437" lon="2.56683">
        <ele>500.0</ele>
    </trkpt>
    <trkpt lat="42.1437" lon="2.56688">
        <ele>500.0</ele>
    </trkpt>
    <trkpt lat="42.1438" lon="2.567">
        <ele>500.0</ele>
    </trkpt>
    <trkpt lat="42.1438" lon="2.56711">
        <ele>499.0</ele>
    </trkpt>
    <trkpt lat="42.1438" lon="2.56721">
        <ele>499.0</ele>
    </trkpt>
    <trkpt lat="42.1437" lon="2.56727">
        <ele>499.0</ele>
    </trkpt>
    <trkpt lat="42.1437" lon="2.56732">
        <ele>499.0</ele>
    </trkpt>
    <trkpt lat="42.1438" lon="2.56741">
        <ele>499.0</ele>
    </trkpt>
    <trkpt lat="42.1438" lon="2.5675">
        <ele>499.0</ele>
    </trkpt>
    <trkpt lat="42.1438" lon="2.56757">
        <ele>499.0</ele>
    </trkpt>
    <trkpt lat="42.1438" lon="2.56764">
        <ele>499.0</ele>
    </trkpt>
    <trkpt lat="42.1438" lon="2.56776">
        <ele>498.0</ele>
    </trkpt>
    <trkpt lat="42.1438" lon="2.56781">
        <ele>497.0</ele>
    </trkpt>
    <trkpt lat="42.1438" lon="2.56785">
        <ele>497.0</ele>
    </trkpt>
    <trkpt lat="42.1439" lon="2.5679">
        <ele>497.0</ele>
    </trkpt>
    <trkpt lat="42.1439" lon="2.56798">
        <ele>497.0</ele>
    </trkpt>
    <trkpt lat="42.1439" lon="2.56803">
        <ele>497.0</ele>
    </trkpt>
    <trkpt lat="42.144" lon="2.56807">
        <ele>497.0</ele>
    </trkpt>
    <trkpt lat="42.144" lon="2.5681">
        <ele>496.0</ele>
    </trkpt>
    <trkpt lat="42.1441" lon="2.56821">
        <ele>495.0</ele>
    </trkpt>
    <trkpt lat="42.1442" lon="2.56831">
        <ele>494.0</ele>
    </trkpt>
    <trkpt lat="42.1442" lon="2.56834">
        <ele>495.0</ele>
    </trkpt>
    <trkpt lat="42.1442" lon="2.56837">
        <ele>495.0</ele>
    </trkpt>
    <trkpt lat="42.1443" lon="2.56841">
        <ele>495.0</ele>
    </trkpt>
    <trkpt lat="42.1443" lon="2.56841">
        <ele>495.0</ele>
    </trkpt>
    <trkpt lat="42.1443" lon="2.56842">
        <ele>495.0</ele>
    </trkpt>
    <trkpt lat="42.1444" lon="2.56844">
        <ele>495.0</ele>
    </trkpt>
    <trkpt lat="42.1444" lon="2.56846">
        <ele>495.0</ele>
    </trkpt>
    <trkpt lat="42.1443" lon="2.56861">
        <ele>492.0</ele>
    </trkpt>
    <trkpt lat="42.1443" lon="2.56863">
        <ele>492.0</ele>
    </trkpt>
    <trkpt lat="42.1444" lon="2.56875">
        <ele>493.0</ele>
    </trkpt>
    <trkpt lat="42.1444" lon="2.56887">
        <ele>492.0</ele>
    </trkpt>
    <trkpt lat="42.1444" lon="2.56893">
        <ele>491.0</ele>
    </trkpt>
    <trkpt lat="42.1444" lon="2.56896">
        <ele>491.0</ele>
    </trkpt>
    <trkpt lat="42.1445" lon="2.56909">
        <ele>491.0</ele>
    </trkpt>
    <trkpt lat="42.1445" lon="2.56911">
        <ele>491.0</ele>
    </trkpt>
    <trkpt lat="42.1445" lon="2.56913">
        <ele>491.0</ele>
    </trkpt>
    <trkpt lat="42.1445" lon="2.56913">
        <ele>491.0</ele>
    </trkpt>
    <trkpt lat="42.1445" lon="2.56915">
        <ele>491.0</ele>
    </trkpt>
    <trkpt lat="42.1445" lon="2.56917">
        <ele>490.0</ele>
    </trkpt>
    <trkpt lat="42.1444" lon="2.56927">
        <ele>488.0</ele>
    </trkpt>
    <trkpt lat="42.1444" lon="2.56938">
        <ele>486.0</ele>
    </trkpt>
    <trkpt lat="42.1443" lon="2.56949">
        <ele>485.0</ele>
    </trkpt>
    <trkpt lat="42.1442" lon="2.56959">
        <ele>484.0</ele>
    </trkpt>
    <trkpt lat="42.1442" lon="2.56966">
        <ele>483.0</ele>
    </trkpt>
    <trkpt lat="42.1441" lon="2.56973">
        <ele>482.0</ele>
    </trkpt>
    <trkpt lat="42.1441" lon="2.56982">
        <ele>481.0</ele>
    </trkpt>
    <trkpt lat="42.144" lon="2.56991">
        <ele>479.0</ele>
    </trkpt>
    <trkpt lat="42.144" lon="2.56997">
        <ele>480.0</ele>
    </trkpt>
    <trkpt lat="42.1439" lon="2.57005">
        <ele>482.0</ele>
    </trkpt>
    <trkpt lat="42.1439" lon="2.57006">
        <ele>482.0</ele>
    </trkpt>
    <trkpt lat="42.1439" lon="2.57008">
        <ele>482.0</ele>
    </trkpt>
    <trkpt lat="42.1439" lon="2.57017">
        <ele>483.0</ele>
    </trkpt>
    <trkpt lat="42.143902" lon="2.570239">
        <ele>489.8</ele>
        <extensions>
        <gpxtpx:TrackPointExtension>
        <gpxtpx:Extensions>
            <surface>paving_stones</surface>
        </gpxtpx:Extensions>
        </gpxtpx:TrackPointExtension>
        </extensions>
    </trkpt>
    <trkpt lat="42.143957" lon="2.570353">
        <ele>489.5</ele>
        <extensions>
        <gpxtpx:TrackPointExtension>
        <gpxtpx:Extensions>
            <surface>paving_stones</surface>
        </gpxtpx:Extensions>
        </gpxtpx:TrackPointExtension>
        </extensions>
    </trkpt>
    <trkpt lat="42.143973" lon="2.570387">
        <ele>489.5</ele>
        <extensions>
        <gpxtpx:TrackPointExtension>
        <gpxtpx:Extensions>
            <surface>paving_stones</surface>
        </gpxtpx:Extensions>
        </gpxtpx:TrackPointExtension>
        </extensions>
    </trkpt>
    <trkpt lat="42.144006" lon="2.570428">
        <ele>489.0</ele>
        <extensions>
        <gpxtpx:TrackPointExtension>
        <gpxtpx:Extensions>
            <surface>paving_stones</surface>
        </gpxtpx:Extensions>
        </gpxtpx:TrackPointExtension>
        </extensions>
    </trkpt>
    <trkpt lat="42.144014" lon="2.570436">
        <ele>489.0</ele>
        <extensions>
        <gpxtpx:TrackPointExtension>
        <gpxtpx:Extensions>
            <surface>paving_stones</surface>
        </gpxtpx:Extensions>
        </gpxtpx:TrackPointExtension>
        </extensions>
    </trkpt>
    <trkpt lat="42.14404" lon="2.570468">
        <ele>489.0</ele>
        <extensions>
        <gpxtpx:TrackPointExtension>
        <gpxtpx:Extensions>
            <surface>paving_stones</surface>
        </gpxtpx:Extensions>
        </gpxtpx:TrackPointExtension>
        </extensions>
    </trkpt>
    <trkpt lat="42.144062" lon="2.570482">
        <ele>488.8</ele>
        <extensions>
        <gpxtpx:TrackPointExtension>
        <gpxtpx:Extensions>
            <surface>paving_stones</surface>
        </gpxtpx:Extensions>
        </gpxtpx:TrackPointExtension>
        </extensions>
    </trkpt>
    <trkpt lat="42.144075" lon="2.57049">
        <ele>488.8</ele>
        <extensions>
        <gpxtpx:TrackPointExtension>
        <gpxtpx:Extensions>
            <surface>paving_stones</surface>
        </gpxtpx:Extensions>
        </gpxtpx:TrackPointExtension>
        </extensions>
    </trkpt>
    <trkpt lat="42.144056" lon="2.570558">
        <ele>489.3</ele>
        <extensions>
        <gpxtpx:TrackPointExtension>
        <gpxtpx:Extensions>
            <surface>paving_stones</surface>
        </gpxtpx:Extensions>
        </gpxtpx:TrackPointExtension>
        </extensions>
    </trkpt>
    <trkpt lat="42.144053" lon="2.570571">
        <ele>489.3</ele>
        <extensions>
        <gpxtpx:TrackPointExtension>
        <gpxtpx:Extensions>
            <surface>paving_stones</surface>
        </gpxtpx:Extensions>
        </gpxtpx:TrackPointExtension>
        </extensions>
    </trkpt>
    <trkpt lat="42.144043" lon="2.570629">
        <ele>489.8</ele>
        <extensions>
        <gpxtpx:TrackPointExtension>
        <gpxtpx:Extensions>
            <surface>paving_stones</surface>
        </gpxtpx:Extensions>
        </gpxtpx:TrackPointExtension>
        </extensions>
    </trkpt>
    <trkpt lat="42.144039" lon="2.570655">
        <ele>489.8</ele>
        <extensions>
        <gpxtpx:TrackPointExtension>
        <gpxtpx:Extensions>
            <surface>paving_stones</surface>
        </gpxtpx:Extensions>
        </gpxtpx:TrackPointExtension>
        </extensions>
    </trkpt>
    <trkpt lat="42.143955" lon="2.570924">
        <ele>491.5</ele>
        <extensions>
        <gpxtpx:TrackPointExtension>
        <gpxtpx:Extensions>
            <surface>paving_stones</surface>
        </gpxtpx:Extensions>
        </gpxtpx:TrackPointExtension>
        </extensions>
    </trkpt>
    <trkpt lat="42.143964" lon="2.570928">
        <ele>491.5</ele>
        <extensions>
        <gpxtpx:TrackPointExtension>
        <gpxtpx:Extensions>
            <surface>paving_stones</surface>
        </gpxtpx:Extensions>
        </gpxtpx:TrackPointExtension>
        </extensions>
    </trkpt>
    <trkpt lat="42.143995" lon="2.570941">
        <ele>490.0</ele>
        <extensions>
        <gpxtpx:TrackPointExtension>
        <gpxtpx:Extensions>
            <surface>paving_stones</surface>
        </gpxtpx:Extensions>
        </gpxtpx:TrackPointExtension>
        </extensions>
    </trkpt>
    <trkpt lat="42.144089" lon="2.570981">
        <ele>490.0</ele>
        <extensions>
        <gpxtpx:TrackPointExtension>
        <gpxtpx:Extensions>
            <surface>sett</surface>
        </gpxtpx:Extensions>
        </gpxtpx:TrackPointExtension>
        </extensions>
    </trkpt>
    <trkpt lat="42.144149" lon="2.571035">
        <ele>489.5</ele>
        <extensions>
        <gpxtpx:TrackPointExtension>
        <gpxtpx:Extensions>
            <surface>sett</surface>
        </gpxtpx:Extensions>
        </gpxtpx:TrackPointExtension>
        </extensions>
    </trkpt>
    <trkpt lat="42.144147" lon="2.571051">
        <ele>489.5</ele>
        <extensions>
        <gpxtpx:TrackPointExtension>
        <gpxtpx:Extensions>
            <surface>unknown</surface>
        </gpxtpx:Extensions>
        </gpxtpx:TrackPointExtension>
        </extensions>
    </trkpt>
    <trkpt lat="42.144144" lon="2.571075">
        <ele>489.8</ele>
        <extensions>
        <gpxtpx:TrackPointExtension>
        <gpxtpx:Extensions>
            <surface>unknown</surface>
        </gpxtpx:Extensions>
        </gpxtpx:TrackPointExtension>
        </extensions>
    </trkpt>
    <trkpt lat="42.144228" lon="2.571214">
        <ele>489.5</ele>
        <extensions>
        <gpxtpx:TrackPointExtension>
        <gpxtpx:Extensions>
            <surface>unknown</surface>
        </gpxtpx:Extensions>
        </gpxtpx:TrackPointExtension>
        </extensions>
    </trkpt>
    <trkpt lat="42.144377" lon="2.571329">
        <ele>489.0</ele>
        <extensions>
        <gpxtpx:TrackPointExtension>
        <gpxtpx:Extensions>
            <surface>unknown</surface>
        </gpxtpx:Extensions>
        </gpxtpx:TrackPointExtension>
        </extensions>
    </trkpt>
    <trkpt lat="42.144501" lon="2.571411">
        <ele>488.8</ele>
        <extensions>
        <gpxtpx:TrackPointExtension>
        <gpxtpx:Extensions>
            <surface>unknown</surface>
        </gpxtpx:Extensions>
        </gpxtpx:TrackPointExtension>
        </extensions>
    </trkpt>
    <trkpt lat="42.144555" lon="2.571485">
        <ele>488.8</ele>
        <extensions>
        <gpxtpx:TrackPointExtension>
        <gpxtpx:Extensions>
            <surface>unknown</surface>
        </gpxtpx:Extensions>
        </gpxtpx:TrackPointExtension>
        </extensions>
    </trkpt>
    <trkpt lat="42.144609" lon="2.571495">
        <ele>488.8</ele>
        <extensions>
        <gpxtpx:TrackPointExtension>
        <gpxtpx:Extensions>
            <surface>unknown</surface>
        </gpxtpx:Extensions>
        </gpxtpx:TrackPointExtension>
        </extensions>
    </trkpt>
    <trkpt lat="42.144733" lon="2.571506">
        <ele>487.8</ele>
        <extensions>
        <gpxtpx:TrackPointExtension>
        <gpxtpx:Extensions>
            <surface>unknown</surface>
        </gpxtpx:Extensions>
        </gpxtpx:TrackPointExtension>
        </extensions>
    </trkpt>
    </trkseg>
</trk>
</gpx>