<?xml version="1.0" encoding="UTF-8"?>
<gpx xmlns:xsi="http://www.w3.org/2001/XMLSchema-instance" xmlns="http://www.topografix.com/GPX/1/1" xsi:schemaLocation="http://www.topografix.com/GPX/1/1 http://www.topografix.com/GPX/1/1/gpx.xsd http://www.garmin.com/xmlschemas/GpxExtensions/v3 http://www.garmin.com/xmlschemas/GpxExtensionsv3.xsd http://www.garmin.com/xmlschemas/TrackPointExtension/v1 http://www.garmin.com/xmlschemas/TrackPointExtensionv1.xsd http://www.topografix.com/GPX/gpx_style/0/2 http://www.topografix.com/GPX/gpx_style/0/2/gpx_style.xsd" xmlns:gpxtpx="http://www.garmin.com/xmlschemas/TrackPointExtension/v1" xmlns:gpxx="http://www.garmin.com/xmlschemas/GpxExtensions/v3" xmlns:gpx_style="http://www.topografix.com/GPX/gpx_style/0/2" version="1.1" creator="Wikiloc - https://www.wikiloc.com">
<metadata>
    <name>R12 - Santa Pau - Olot</name>
    <author>
        <name>gpx.studio</name>
        <link href="https://gpx.studio"></link>
    </author>
</metadata>
<wpt lat="42.171205" lon="2.48028">
    <ele>440.3</ele>
    <name>Parc Nou</name>
    <sym>Geographic place name, land</sym>
</wpt>
<wpt lat="42.164744" lon="2.486573">
    <ele>438.9</ele>
    <name>Aiguamolls de la Moixina</name>
    <sym>Forest</sym>
</wpt>
<wpt lat="42.167025" lon="2.491113">
    <ele>441.4</ele>
    <name>itinerari3_punts_interes</name>
    <sym> </sym>
</wpt>
<wpt lat="42.152009" lon="2.510792">
    <ele>558.1</ele>
    <name>Fageda d&apos;en Jordà</name>
    <sym>Forest</sym>
</wpt>
<wpt lat="42.148395986474924" lon="2.5310281260644323">
    <ele>620.0</ele>
    <name>Can Xel</name>
    <sym>Restaurant</sym>
</wpt>
<wpt lat="42.14464" lon="2.546511">
    <ele>633.7</ele>
    <name>Aflorament Volcà de Santa Margarida</name>
    <sym>Geographic place name, land</sym>
</wpt>
<wpt lat="42.141917" lon="2.554299">
    <ele>542.8</ele>
    <name>Aflorament Volcà de Rocanegra</name>
    <sym>Geographic place name, land</sym>
</wpt>
<wpt lat="42.1713756" lon="2.4801405">
    <ele>446.8</ele>
    <name>Font</name>
    <cmt>amenity: drinking_water</cmt>
    <sym>Drinking Water</sym>
</wpt>
<wpt lat="42.144396732804736" lon="2.510802696401005">
    <ele>559.0</ele>
    <name>Can Jordà</name>
    <sym>Information</sym>
</wpt>
<wpt lat="42.1481404" lon="2.5308371">
    <ele>619.2</ele>
    <name>Parking</name>
    <cmt>access: customers, amenity: parking, name: Can Xel, name:ca: Can Xel</cmt>
    <sym>Parking Area</sym>
</wpt>
<wpt lat="42.1478785" lon="2.5313014">
    <ele>618.9</ele>
    <name>Font

</name>
    <cmt>amenity: drinking_water</cmt>
    <sym>Drinking Water</sym>
</wpt>
<wpt lat="42.141522114564026" lon="2.541768550872803">
    <ele>695.3</ele>
    <name>Volcà de Santa Margarida</name>
    <sym>Geographic place name, land</sym>
</wpt>
<wpt lat="42.1442801" lon="2.5688667">
    <ele>489.4</ele>
    <name>Mirador

</name>
    <cmt>tourism: viewpoint</cmt>
    <sym>Scenic Area</sym>
</wpt>
<wpt lat="42.144491369023164" lon="2.569113671779633">
    <ele>490.8</ele>
    <name>SP10</name>
    <cmt>Santa Pau c/del pont</cmt>
    <desc>Santa Pau c/del pont</desc>
    <sym>Flag, Green</sym>
</wpt>
<wpt lat="42.142765121486796" lon="2.5656831264495854">
    <ele>510.4</ele>
    <name>SP23</name>
    <cmt>Cambrafosca</cmt>
    <desc>Cambrafosca</desc>
    <sym>Flag, Green</sym>
</wpt>
<wpt lat="42.139394030063485" lon="2.551660537719727">
    <ele>590.9</ele>
    <name>G30</name>
    <cmt>Collellmir</cmt>
    <desc>Collellmir</desc>
    <sym>Flag, Green</sym>
</wpt>
<wpt lat="42.14491297993349" lon="2.5107783079147343">
    <ele>564.6</ele>
    <name>G76</name>
    <cmt>Can Jordà</cmt>
    <desc>Can Jordà</desc>
    <sym>Flag, Green</sym>
</wpt>
<wpt lat="42.15524081747541" lon="2.508777118861585">
    <ele>565.5</ele>
    <name>G74</name>
    <cmt>Fageda d&apos;en Jordà</cmt>
    <desc>Fageda d&apos;en Jordà</desc>
    <sym>Flag, Green</sym>
</wpt>
<wpt lat="42.15382916682284" lon="2.5088833289198136">
    <ele>562.0</ele>
    <name>SP6</name>
    <cmt>Can Batet</cmt>
    <desc>Can Batet</desc>
    <sym>Flag, Green</sym>
</wpt>
<wpt lat="42.15917752545341" lon="2.504301123549713">
    <ele>549.8</ele>
    <name>O15</name>
    <cmt>Les Rocasses</cmt>
    <desc>Les Rocasses</desc>
    <sym>Flag, Green</sym>
</wpt>
<wpt lat="42.166307967171264" lon="2.4994533930340217">
    <ele>498.4</ele>
    <name>O13</name>
    <cmt>Cal Cucut</cmt>
    <desc>Cal Cucut</desc>
    <sym>Flag, Green</sym>
</wpt>
<wpt lat="42.168576361235" lon="2.494561672210694">
    <ele>450.6</ele>
    <name>Creu del Triai</name>
    <sym>Geographic place name, Man-made</sym>
</wpt>
<wpt lat="42.1712403" lon="2.4799311">
    <ele>447.3</ele>
    <name>WC</name>
    <cmt>amenity: toilets, wheelchair: limited</cmt>
    <sym>Restroom</sym>
</wpt>
<wpt lat="42.1713756" lon="2.4801405">
    <ele>446.8</ele>
    <name>Font</name>
    <cmt>amenity: drinking_water</cmt>
    <sym>Drinking Water</sym>
</wpt>
<trk>
    <name>Núm. 3. Tram Olot - Fageda d&apos;en Jordà - Can Xel - Santa Pau ...</name>
    <type>Running</type>
    <extensions>
        <gpx_style:line>
        <color>2a2dcf</color>
        <opacity>0.7</opacity>
        <weight>3</weight>
        </gpx_style:line>
    </extensions>
    <trkseg>
    <trkpt lat="42.144503" lon="2.569153">
        <ele>489.5</ele>
        <time>2022-11-26T14:12:47.000Z</time>
    </trkpt>
    <trkpt lat="42.14449" lon="2.56911">
        <ele>490.1</ele>
        <time>2022-11-26T14:13:27.000Z</time>
    </trkpt>
    <trkpt lat="42.14448" lon="2.56909">
        <ele>490.3</ele>
        <time>2022-11-26T14:14:07.000Z</time>
    </trkpt>
    <trkpt lat="42.144396" lon="2.568966">
        <ele>490.5</ele>
        <time>2022-11-26T14:14:47.000Z</time>
    </trkpt>
    <trkpt lat="42.14438" lon="2.568932">
        <ele>490.4</ele>
        <time>2022-11-26T14:15:27.000Z</time>
    </trkpt>
    <trkpt lat="42.144355" lon="2.568876">
        <ele>490.0</ele>
        <time>2022-11-26T14:16:07.000Z</time>
    </trkpt>
    <trkpt lat="42.144377" lon="2.568754">
        <ele>491.9</ele>
        <time>2022-11-26T14:16:47.000Z</time>
    </trkpt>
    <trkpt lat="42.144325" lon="2.568633">
        <ele>490.9</ele>
        <time>2022-11-26T14:17:27.000Z</time>
    </trkpt>
    <trkpt lat="42.144326" lon="2.56861">
        <ele>491.2</ele>
        <time>2022-11-26T14:18:07.000Z</time>
    </trkpt>
    <trkpt lat="42.144335" lon="2.568588">
        <ele>491.7</ele>
        <time>2022-11-26T14:18:47.000Z</time>
    </trkpt>
    <trkpt lat="42.144375" lon="2.568465">
        <ele>494.2</ele>
        <time>2022-11-26T14:19:27.000Z</time>
    </trkpt>
    <trkpt lat="42.144376" lon="2.568442">
        <ele>494.4</ele>
        <time>2022-11-26T14:20:07.000Z</time>
    </trkpt>
    <trkpt lat="42.144325" lon="2.568419">
        <ele>493.6</ele>
        <time>2022-11-26T14:20:47.000Z</time>
    </trkpt>
    <trkpt lat="42.144302" lon="2.568414">
        <ele>493.3</ele>
        <time>2022-11-26T14:21:27.000Z</time>
    </trkpt>
    <trkpt lat="42.144279" lon="2.56841">
        <ele>493.0</ele>
        <time>2022-11-26T14:22:07.000Z</time>
    </trkpt>
    <trkpt lat="42.144249" lon="2.568396">
        <ele>492.7</ele>
        <time>2022-11-26T14:22:47.000Z</time>
    </trkpt>
    <trkpt lat="42.144221" lon="2.568375">
        <ele>492.7</ele>
        <time>2022-11-26T14:23:27.000Z</time>
    </trkpt>
    <trkpt lat="42.144191" lon="2.568343">
        <ele>493.1</ele>
        <time>2022-11-26T14:24:07.000Z</time>
    </trkpt>
    <trkpt lat="42.144162" lon="2.56831">
        <ele>493.3</ele>
        <time>2022-11-26T14:24:47.000Z</time>
    </trkpt>
    <trkpt lat="42.143988" lon="2.568104">
        <ele>493.6</ele>
        <time>2022-11-26T14:25:27.000Z</time>
    </trkpt>
    <trkpt lat="42.14396" lon="2.568069">
        <ele>494.2</ele>
        <time>2022-11-26T14:26:07.000Z</time>
    </trkpt>
    <trkpt lat="42.143934" lon="2.568031">
        <ele>494.4</ele>
        <time>2022-11-26T14:26:47.000Z</time>
    </trkpt>
    <trkpt lat="42.14391" lon="2.567986">
        <ele>494.9</ele>
        <time>2022-11-26T14:27:27.000Z</time>
    </trkpt>
    <trkpt lat="42.143888" lon="2.567939">
        <ele>495.6</ele>
        <time>2022-11-26T14:28:07.000Z</time>
    </trkpt>
    <trkpt lat="42.143869" lon="2.567898">
        <ele>495.8</ele>
        <time>2022-11-26T14:28:47.000Z</time>
    </trkpt>
    <trkpt lat="42.143851" lon="2.567856">
        <ele>496.1</ele>
        <time>2022-11-26T14:29:27.000Z</time>
    </trkpt>
    <trkpt lat="42.143836" lon="2.567808">
        <ele>496.5</ele>
        <time>2022-11-26T14:30:07.000Z</time>
    </trkpt>
    <trkpt lat="42.143825" lon="2.567759">
        <ele>496.8</ele>
        <time>2022-11-26T14:30:47.000Z</time>
    </trkpt>
    <trkpt lat="42.143804" lon="2.56764">
        <ele>496.9</ele>
        <time>2022-11-26T14:31:27.000Z</time>
    </trkpt>
    <trkpt lat="42.143789" lon="2.567571">
        <ele>497.0</ele>
        <time>2022-11-26T14:32:07.000Z</time>
    </trkpt>
    <trkpt lat="42.143774" lon="2.567502">
        <ele>496.9</ele>
        <time>2022-11-26T14:32:47.000Z</time>
    </trkpt>
    <trkpt lat="42.143746" lon="2.567328">
        <ele>497.2</ele>
        <time>2022-11-26T14:33:27.000Z</time>
    </trkpt>
    <trkpt lat="42.143746" lon="2.567272">
        <ele>497.5</ele>
        <time>2022-11-26T14:34:07.000Z</time>
    </trkpt>
    <trkpt lat="42.143752" lon="2.567216">
        <ele>498.2</ele>
        <time>2022-11-26T14:34:47.000Z</time>
    </trkpt>
    <trkpt lat="42.143759" lon="2.567142">
        <ele>499.0</ele>
        <time>2022-11-26T14:35:27.000Z</time>
    </trkpt>
    <trkpt lat="42.143761" lon="2.567101">
        <ele>499.3</ele>
        <time>2022-11-26T14:36:07.000Z</time>
    </trkpt>
    <trkpt lat="42.14376" lon="2.567061">
        <ele>499.5</ele>
        <time>2022-11-26T14:36:47.000Z</time>
    </trkpt>
    <trkpt lat="42.143757" lon="2.567033">
        <ele>499.6</ele>
        <time>2022-11-26T14:37:27.000Z</time>
    </trkpt>
    <trkpt lat="42.143753" lon="2.567005">
        <ele>499.8</ele>
        <time>2022-11-26T14:38:07.000Z</time>
    </trkpt>
    <trkpt lat="42.143746" lon="2.566964">
        <ele>499.7</ele>
        <time>2022-11-26T14:38:47.000Z</time>
    </trkpt>
    <trkpt lat="42.143738" lon="2.566924">
        <ele>499.7</ele>
        <time>2022-11-26T14:39:27.000Z</time>
    </trkpt>
    <trkpt lat="42.143727" lon="2.566881">
        <ele>499.8</ele>
        <time>2022-11-26T14:40:07.000Z</time>
    </trkpt>
    <trkpt lat="42.143716" lon="2.566837">
        <ele>499.7</ele>
        <time>2022-11-26T14:40:47.000Z</time>
    </trkpt>
    <trkpt lat="42.143698" lon="2.566728">
        <ele>500.1</ele>
        <time>2022-11-26T14:41:27.000Z</time>
    </trkpt>
    <trkpt lat="42.143688" lon="2.56668">
        <ele>500.1</ele>
        <time>2022-11-26T14:42:07.000Z</time>
    </trkpt>
    <trkpt lat="42.143677" lon="2.566633">
        <ele>500.6</ele>
        <time>2022-11-26T14:42:47.000Z</time>
    </trkpt>
    <trkpt lat="42.143664" lon="2.566597">
        <ele>500.9</ele>
        <time>2022-11-26T14:43:27.000Z</time>
    </trkpt>
    <trkpt lat="42.143644" lon="2.566567">
        <ele>500.9</ele>
        <time>2022-11-26T14:44:07.000Z</time>
    </trkpt>
    <trkpt lat="42.143584" lon="2.566494">
        <ele>501.2</ele>
        <time>2022-11-26T14:44:47.000Z</time>
    </trkpt>
    <trkpt lat="42.143557" lon="2.566458">
        <ele>501.4</ele>
        <time>2022-11-26T14:45:27.000Z</time>
    </trkpt>
    <trkpt lat="42.143532" lon="2.56642">
        <ele>501.4</ele>
        <time>2022-11-26T14:46:07.000Z</time>
    </trkpt>
    <trkpt lat="42.143492" lon="2.566349">
        <ele>501.2</ele>
        <time>2022-11-26T14:46:47.000Z</time>
    </trkpt>
    <trkpt lat="42.143438" lon="2.566263">
        <ele>501.1</ele>
        <time>2022-11-26T14:47:27.000Z</time>
    </trkpt>
    <trkpt lat="42.143417" lon="2.566216">
        <ele>501.3</ele>
        <time>2022-11-26T14:48:07.000Z</time>
    </trkpt>
    <trkpt lat="42.1434" lon="2.566166">
        <ele>501.7</ele>
        <time>2022-11-26T14:48:47.000Z</time>
    </trkpt>
    <trkpt lat="42.143357" lon="2.566021">
        <ele>503.2</ele>
        <time>2022-11-26T14:49:27.000Z</time>
    </trkpt>
    <trkpt lat="42.143342" lon="2.565977">
        <ele>503.7</ele>
        <time>2022-11-26T14:50:07.000Z</time>
    </trkpt>
    <trkpt lat="42.143326" lon="2.565935">
        <ele>504.0</ele>
        <time>2022-11-26T14:50:47.000Z</time>
    </trkpt>
    <trkpt lat="42.143306" lon="2.565897">
        <ele>504.5</ele>
        <time>2022-11-26T14:51:27.000Z</time>
    </trkpt>
    <trkpt lat="42.143281" lon="2.565863">
        <ele>504.6</ele>
        <time>2022-11-26T14:52:07.000Z</time>
    </trkpt>
    <trkpt lat="42.143251" lon="2.565837">
        <ele>504.5</ele>
        <time>2022-11-26T14:52:47.000Z</time>
    </trkpt>
    <trkpt lat="42.143219" lon="2.565823">
        <ele>504.2</ele>
        <time>2022-11-26T14:53:27.000Z</time>
    </trkpt>
    <trkpt lat="42.143185" lon="2.565821">
        <ele>503.7</ele>
        <time>2022-11-26T14:54:07.000Z</time>
    </trkpt>
    <trkpt lat="42.143152" lon="2.565819">
        <ele>503.2</ele>
        <time>2022-11-26T14:54:47.000Z</time>
    </trkpt>
    <trkpt lat="42.143088" lon="2.565818">
        <ele>502.2</ele>
        <time>2022-11-26T14:55:27.000Z</time>
    </trkpt>
    <trkpt lat="42.143047" lon="2.565815">
        <ele>501.5</ele>
        <time>2022-11-26T14:56:07.000Z</time>
    </trkpt>
    <trkpt lat="42.143007" lon="2.565801">
        <ele>501.5</ele>
        <time>2022-11-26T14:56:47.000Z</time>
    </trkpt>
    <trkpt lat="42.143001" lon="2.565797">
        <ele>501.6</ele>
        <time>2022-11-26T14:57:27.000Z</time>
    </trkpt>
    <trkpt lat="42.143044" lon="2.565786">
        <ele>502.5</ele>
        <time>2022-11-26T14:58:07.000Z</time>
    </trkpt>
    <trkpt lat="42.143064" lon="2.565783">
        <ele>502.9</ele>
        <time>2022-11-26T14:58:47.000Z</time>
    </trkpt>
    <trkpt lat="42.143084" lon="2.56578">
        <ele>503.3</ele>
        <time>2022-11-26T14:59:27.000Z</time>
    </trkpt>
    <trkpt lat="42.143096" lon="2.565768">
        <ele>503.8</ele>
        <time>2022-11-26T15:00:07.000Z</time>
    </trkpt>
    <trkpt lat="42.143105" lon="2.565749">
        <ele>504.5</ele>
        <time>2022-11-26T15:00:47.000Z</time>
    </trkpt>
    <trkpt lat="42.143111" lon="2.565733">
        <ele>505.1</ele>
        <time>2022-11-26T15:01:27.000Z</time>
    </trkpt>
    <trkpt lat="42.14311" lon="2.565718">
        <ele>505.5</ele>
        <time>2022-11-26T15:02:07.000Z</time>
    </trkpt>
    <trkpt lat="42.143097" lon="2.565707">
        <ele>505.7</ele>
        <time>2022-11-26T15:02:47.000Z</time>
    </trkpt>
    <trkpt lat="42.143083" lon="2.5657">
        <ele>505.7</ele>
        <time>2022-11-26T15:03:27.000Z</time>
    </trkpt>
    <trkpt lat="42.142967" lon="2.565656">
        <ele>505.8</ele>
        <time>2022-11-26T15:04:07.000Z</time>
    </trkpt>
    <trkpt lat="42.142923" lon="2.565638">
        <ele>505.9</ele>
        <time>2022-11-26T15:04:47.000Z</time>
    </trkpt>
    <trkpt lat="42.142821" lon="2.565592">
        <ele>506.3</ele>
        <time>2022-11-26T15:05:27.000Z</time>
    </trkpt>
    <trkpt lat="42.142764" lon="2.565563">
        <ele>506.5</ele>
        <time>2022-11-26T15:06:07.000Z</time>
    </trkpt>
    <trkpt lat="42.142731" lon="2.565544">
        <ele>506.2</ele>
        <time>2022-11-26T15:06:47.000Z</time>
    </trkpt>
    <trkpt lat="42.142672" lon="2.565505">
        <ele>505.9</ele>
        <time>2022-11-26T15:07:27.000Z</time>
    </trkpt>
    <trkpt lat="42.142645" lon="2.565486">
        <ele>505.9</ele>
        <time>2022-11-26T15:08:07.000Z</time>
    </trkpt>
    <trkpt lat="42.142607" lon="2.565455">
        <ele>506.1</ele>
        <time>2022-11-26T15:08:47.000Z</time>
    </trkpt>
    <trkpt lat="42.142568" lon="2.565422">
        <ele>506.7</ele>
        <time>2022-11-26T15:09:27.000Z</time>
    </trkpt>
    <trkpt lat="42.14252" lon="2.565377">
        <ele>507.7</ele>
        <time>2022-11-26T15:10:07.000Z</time>
    </trkpt>
    <trkpt lat="42.142473" lon="2.565331">
        <ele>509.1</ele>
        <time>2022-11-26T15:10:47.000Z</time>
    </trkpt>
    <trkpt lat="42.142456" lon="2.565311">
        <ele>509.9</ele>
        <time>2022-11-26T15:11:27.000Z</time>
    </trkpt>
    <trkpt lat="42.142442" lon="2.565288">
        <ele>510.7</ele>
        <time>2022-11-26T15:12:07.000Z</time>
    </trkpt>
    <trkpt lat="42.142431" lon="2.565264">
        <ele>511.3</ele>
        <time>2022-11-26T15:12:47.000Z</time>
    </trkpt>
    <trkpt lat="42.142425" lon="2.565237">
        <ele>512.0</ele>
        <time>2022-11-26T15:13:27.000Z</time>
    </trkpt>
    <trkpt lat="42.142423" lon="2.565204">
        <ele>512.8</ele>
        <time>2022-11-26T15:14:07.000Z</time>
    </trkpt>
    <trkpt lat="42.142423" lon="2.56517">
        <ele>513.7</ele>
        <time>2022-11-26T15:14:47.000Z</time>
    </trkpt>
    <trkpt lat="42.142423" lon="2.565117">
        <ele>515.1</ele>
        <time>2022-11-26T15:15:27.000Z</time>
    </trkpt>
    <trkpt lat="42.142422" lon="2.565086">
        <ele>515.8</ele>
        <time>2022-11-26T15:16:07.000Z</time>
    </trkpt>
    <trkpt lat="42.142416" lon="2.565056">
        <ele>516.5</ele>
        <time>2022-11-26T15:16:47.000Z</time>
    </trkpt>
    <trkpt lat="42.142411" lon="2.565037">
        <ele>517.1</ele>
        <time>2022-11-26T15:17:27.000Z</time>
    </trkpt>
    <trkpt lat="42.142377" lon="2.564933">
        <ele>518.6</ele>
        <time>2022-11-26T15:18:07.000Z</time>
    </trkpt>
    <trkpt lat="42.142363" lon="2.564897">
        <ele>518.9</ele>
        <time>2022-11-26T15:18:47.000Z</time>
    </trkpt>
    <trkpt lat="42.14234" lon="2.564857">
        <ele>519.3</ele>
        <time>2022-11-26T15:19:27.000Z</time>
    </trkpt>
    <trkpt lat="42.142315" lon="2.564818">
        <ele>519.5</ele>
        <time>2022-11-26T15:20:07.000Z</time>
    </trkpt>
    <trkpt lat="42.142304" lon="2.564794">
        <ele>519.6</ele>
        <time>2022-11-26T15:20:47.000Z</time>
    </trkpt>
    <trkpt lat="42.142292" lon="2.564771">
        <ele>519.7</ele>
        <time>2022-11-26T15:21:27.000Z</time>
    </trkpt>
    <trkpt lat="42.142276" lon="2.564746">
        <ele>519.8</ele>
        <time>2022-11-26T15:22:07.000Z</time>
    </trkpt>
    <trkpt lat="42.142261" lon="2.564722">
        <ele>519.9</ele>
        <time>2022-11-26T15:22:47.000Z</time>
    </trkpt>
    <trkpt lat="42.142248" lon="2.564701">
        <ele>520.1</ele>
        <time>2022-11-26T15:23:27.000Z</time>
    </trkpt>
    <trkpt lat="42.142236" lon="2.564678">
        <ele>520.1</ele>
        <time>2022-11-26T15:24:07.000Z</time>
    </trkpt>
    <trkpt lat="42.142224" lon="2.564639">
        <ele>520.4</ele>
        <time>2022-11-26T15:24:47.000Z</time>
    </trkpt>
    <trkpt lat="42.142212" lon="2.5646">
        <ele>520.5</ele>
        <time>2022-11-26T15:25:27.000Z</time>
    </trkpt>
    <trkpt lat="42.14217" lon="2.564494">
        <ele>520.6</ele>
        <time>2022-11-26T15:26:07.000Z</time>
    </trkpt>
    <trkpt lat="42.14217" lon="2.564494">
        <ele>520.6</ele>
        <time>2022-11-26T15:26:47.000Z</time>
    </trkpt>
    <trkpt lat="42.142162" lon="2.564474">
        <ele>520.8</ele>
        <time>2022-11-26T15:27:27.000Z</time>
    </trkpt>
    <trkpt lat="42.142165" lon="2.56445">
        <ele>520.9</ele>
        <time>2022-11-26T15:28:07.000Z</time>
    </trkpt>
    <trkpt lat="42.142161" lon="2.564382">
        <ele>520.8</ele>
        <time>2022-11-26T15:28:47.000Z</time>
    </trkpt>
    <trkpt lat="42.142154" lon="2.564314">
        <ele>520.9</ele>
        <time>2022-11-26T15:29:27.000Z</time>
    </trkpt>
    <trkpt lat="42.142151" lon="2.564174">
        <ele>521.0</ele>
        <time>2022-11-26T15:30:07.000Z</time>
    </trkpt>
    <trkpt lat="42.142148" lon="2.564101">
        <ele>521.5</ele>
        <time>2022-11-26T15:30:47.000Z</time>
    </trkpt>
    <trkpt lat="42.142111" lon="2.564088">
        <ele>521.6</ele>
        <time>2022-11-26T15:31:27.000Z</time>
    </trkpt>
    <trkpt lat="42.142092" lon="2.564079">
        <ele>521.7</ele>
        <time>2022-11-26T15:32:07.000Z</time>
    </trkpt>
    <trkpt lat="42.14205" lon="2.564048">
        <ele>521.9</ele>
        <time>2022-11-26T15:32:47.000Z</time>
    </trkpt>
    <trkpt lat="42.14201" lon="2.564015">
        <ele>522.2</ele>
        <time>2022-11-26T15:33:27.000Z</time>
    </trkpt>
    <trkpt lat="42.141833" lon="2.563863">
        <ele>522.1</ele>
        <time>2022-11-26T15:34:07.000Z</time>
    </trkpt>
    <trkpt lat="42.141803" lon="2.563834">
        <ele>521.9</ele>
        <time>2022-11-26T15:34:47.000Z</time>
    </trkpt>
    <trkpt lat="42.141776" lon="2.563801">
        <ele>521.9</ele>
        <time>2022-11-26T15:35:27.000Z</time>
    </trkpt>
    <trkpt lat="42.141749" lon="2.563757">
        <ele>522.1</ele>
        <time>2022-11-26T15:36:07.000Z</time>
    </trkpt>
    <trkpt lat="42.141729" lon="2.563707">
        <ele>522.4</ele>
        <time>2022-11-26T15:36:47.000Z</time>
    </trkpt>
    <trkpt lat="42.141718" lon="2.563658">
        <ele>522.8</ele>
        <time>2022-11-26T15:37:27.000Z</time>
    </trkpt>
    <trkpt lat="42.141714" lon="2.563609">
        <ele>523.2</ele>
        <time>2022-11-26T15:38:07.000Z</time>
    </trkpt>
    <trkpt lat="42.141729" lon="2.563066">
        <ele>524.3</ele>
        <time>2022-11-26T15:38:47.000Z</time>
    </trkpt>
    <trkpt lat="42.141734" lon="2.562956">
        <ele>524.3</ele>
        <time>2022-11-26T15:39:27.000Z</time>
    </trkpt>
    <trkpt lat="42.141743" lon="2.562871">
        <ele>524.5</ele>
        <time>2022-11-26T15:40:07.000Z</time>
    </trkpt>
    <trkpt lat="42.141758" lon="2.562788">
        <ele>524.6</ele>
        <time>2022-11-26T15:40:47.000Z</time>
    </trkpt>
    <trkpt lat="42.141771" lon="2.562738">
        <ele>524.9</ele>
        <time>2022-11-26T15:41:27.000Z</time>
    </trkpt>
    <trkpt lat="42.141794" lon="2.562613">
        <ele>524.9</ele>
        <time>2022-11-26T15:42:07.000Z</time>
    </trkpt>
    <trkpt lat="42.141813" lon="2.562529">
        <ele>525.1</ele>
        <time>2022-11-26T15:42:47.000Z</time>
    </trkpt>
    <trkpt lat="42.141905" lon="2.562169">
        <ele>525.7</ele>
        <time>2022-11-26T15:43:27.000Z</time>
    </trkpt>
    <trkpt lat="42.141947" lon="2.562022">
        <ele>526.1</ele>
        <time>2022-11-26T15:44:07.000Z</time>
    </trkpt>
    <trkpt lat="42.141992" lon="2.561876">
        <ele>526.0</ele>
        <time>2022-11-26T15:44:47.000Z</time>
    </trkpt>
    <trkpt lat="42.142096" lon="2.561567">
        <ele>526.3</ele>
        <time>2022-11-26T15:45:27.000Z</time>
    </trkpt>
    <trkpt lat="42.142144" lon="2.561418">
        <ele>526.6</ele>
        <time>2022-11-26T15:46:07.000Z</time>
    </trkpt>
    <trkpt lat="42.142188" lon="2.561268">
        <ele>527.7</ele>
        <time>2022-11-26T15:46:47.000Z</time>
    </trkpt>
    <trkpt lat="42.142214" lon="2.561168">
        <ele>528.6</ele>
        <time>2022-11-26T15:47:27.000Z</time>
    </trkpt>
    <trkpt lat="42.142233" lon="2.561066">
        <ele>529.2</ele>
        <time>2022-11-26T15:48:07.000Z</time>
    </trkpt>
    <trkpt lat="42.142312" lon="2.560513">
        <ele>532.7</ele>
        <time>2022-11-26T15:48:47.000Z</time>
    </trkpt>
    <trkpt lat="42.142322" lon="2.560382">
        <ele>533.8</ele>
        <time>2022-11-26T15:49:27.000Z</time>
    </trkpt>
    <trkpt lat="42.14233" lon="2.560252">
        <ele>534.7</ele>
        <time>2022-11-26T15:50:07.000Z</time>
    </trkpt>
    <trkpt lat="42.142359" lon="2.559961">
        <ele>535.8</ele>
        <time>2022-11-26T15:50:47.000Z</time>
    </trkpt>
    <trkpt lat="42.142376" lon="2.559853">
        <ele>536.4</ele>
        <time>2022-11-26T15:51:27.000Z</time>
    </trkpt>
    <trkpt lat="42.142378" lon="2.559836">
        <ele>536.6</ele>
        <time>2022-11-26T15:52:07.000Z</time>
    </trkpt>
    <trkpt lat="42.142389" lon="2.559795">
        <ele>536.7</ele>
        <time>2022-11-26T15:52:47.000Z</time>
    </trkpt>
    <trkpt lat="42.142418" lon="2.559709">
        <ele>536.9</ele>
        <time>2022-11-26T15:53:27.000Z</time>
    </trkpt>
    <trkpt lat="42.142434" lon="2.559661">
        <ele>537.0</ele>
        <time>2022-11-26T15:54:07.000Z</time>
    </trkpt>
    <trkpt lat="42.14244" lon="2.559616">
        <ele>537.0</ele>
        <time>2022-11-26T15:54:47.000Z</time>
    </trkpt>
    <trkpt lat="42.142449" lon="2.559491">
        <ele>537.4</ele>
        <time>2022-11-26T15:55:27.000Z</time>
    </trkpt>
    <trkpt lat="42.142452" lon="2.559413">
        <ele>537.6</ele>
        <time>2022-11-26T15:56:07.000Z</time>
    </trkpt>
    <trkpt lat="42.14245" lon="2.558968">
        <ele>538.3</ele>
        <time>2022-11-26T15:56:47.000Z</time>
    </trkpt>
    <trkpt lat="42.142455" lon="2.55872">
        <ele>538.5</ele>
        <time>2022-11-26T15:57:27.000Z</time>
    </trkpt>
    <trkpt lat="42.142455" lon="2.558142">
        <ele>540.4</ele>
        <time>2022-11-26T15:58:07.000Z</time>
    </trkpt>
    <trkpt lat="42.14246" lon="2.558027">
        <ele>540.9</ele>
        <time>2022-11-26T15:58:47.000Z</time>
    </trkpt>
    <trkpt lat="42.14247" lon="2.557912">
        <ele>541.1</ele>
        <time>2022-11-26T15:59:27.000Z</time>
    </trkpt>
    <trkpt lat="42.142482" lon="2.557803">
        <ele>541.4</ele>
        <time>2022-11-26T16:00:07.000Z</time>
    </trkpt>
    <trkpt lat="42.142497" lon="2.557695">
        <ele>541.7</ele>
        <time>2022-11-26T16:00:47.000Z</time>
    </trkpt>
    <trkpt lat="42.142517" lon="2.557585">
        <ele>542.2</ele>
        <time>2022-11-26T16:01:27.000Z</time>
    </trkpt>
    <trkpt lat="42.142535" lon="2.557475">
        <ele>542.8</ele>
        <time>2022-11-26T16:02:07.000Z</time>
    </trkpt>
    <trkpt lat="42.142546" lon="2.557358">
        <ele>543.3</ele>
        <time>2022-11-26T16:02:47.000Z</time>
    </trkpt>
    <trkpt lat="42.14256" lon="2.557242">
        <ele>543.8</ele>
        <time>2022-11-26T16:03:27.000Z</time>
    </trkpt>
    <trkpt lat="42.142646" lon="2.556838">
        <ele>544.5</ele>
        <time>2022-11-26T16:04:07.000Z</time>
    </trkpt>
    <trkpt lat="42.14266" lon="2.556758">
        <ele>544.5</ele>
        <time>2022-11-26T16:04:47.000Z</time>
    </trkpt>
    <trkpt lat="42.142672" lon="2.556677">
        <ele>544.6</ele>
        <time>2022-11-26T16:05:27.000Z</time>
    </trkpt>
    <trkpt lat="42.14268" lon="2.55661">
        <ele>544.5</ele>
        <time>2022-11-26T16:06:07.000Z</time>
    </trkpt>
    <trkpt lat="42.142686" lon="2.556542">
        <ele>544.6</ele>
        <time>2022-11-26T16:06:47.000Z</time>
    </trkpt>
    <trkpt lat="42.142686" lon="2.556495">
        <ele>544.6</ele>
        <time>2022-11-26T16:07:27.000Z</time>
    </trkpt>
    <trkpt lat="42.142687" lon="2.556476">
        <ele>544.5</ele>
        <time>2022-11-26T16:08:07.000Z</time>
    </trkpt>
    <trkpt lat="42.142683" lon="2.556409">
        <ele>544.7</ele>
        <time>2022-11-26T16:08:47.000Z</time>
    </trkpt>
    <trkpt lat="42.142675" lon="2.556335">
        <ele>545.1</ele>
        <time>2022-11-26T16:09:27.000Z</time>
    </trkpt>
    <trkpt lat="42.142665" lon="2.556262">
        <ele>545.4</ele>
        <time>2022-11-26T16:10:07.000Z</time>
    </trkpt>
    <trkpt lat="42.142633" lon="2.55609">
        <ele>546.1</ele>
        <time>2022-11-26T16:10:47.000Z</time>
    </trkpt>
    <trkpt lat="42.14262" lon="2.555997">
        <ele>546.3</ele>
        <time>2022-11-26T16:11:27.000Z</time>
    </trkpt>
    <trkpt lat="42.142604" lon="2.555905">
        <ele>546.4</ele>
        <time>2022-11-26T16:12:07.000Z</time>
    </trkpt>
    <trkpt lat="42.142513" lon="2.555582">
        <ele>546.9</ele>
        <time>2022-11-26T16:12:47.000Z</time>
    </trkpt>
    <trkpt lat="42.142487" lon="2.555508">
        <ele>547.3</ele>
        <time>2022-11-26T16:13:27.000Z</time>
    </trkpt>
    <trkpt lat="42.142397" lon="2.555306">
        <ele>548.8</ele>
        <time>2022-11-26T16:14:07.000Z</time>
    </trkpt>
    <trkpt lat="42.14233" lon="2.555142">
        <ele>548.9</ele>
        <time>2022-11-26T16:14:47.000Z</time>
    </trkpt>
    <trkpt lat="42.142292" lon="2.555056">
        <ele>548.7</ele>
        <time>2022-11-26T16:15:27.000Z</time>
    </trkpt>
    <trkpt lat="42.142219" lon="2.554898">
        <ele>548.5</ele>
        <time>2022-11-26T16:16:07.000Z</time>
    </trkpt>
    <trkpt lat="42.142011" lon="2.554471">
        <ele>544.7</ele>
        <time>2022-11-26T16:16:47.000Z</time>
    </trkpt>
    <trkpt lat="42.141963" lon="2.554368">
        <ele>543.5</ele>
        <time>2022-11-26T16:17:27.000Z</time>
    </trkpt>
    <trkpt lat="42.141938" lon="2.55433">
        <ele>543.1</ele>
        <time>2022-11-26T16:18:07.000Z</time>
    </trkpt>
    <trkpt lat="42.141908" lon="2.5543">
        <ele>542.8</ele>
        <time>2022-11-26T16:18:47.000Z</time>
    </trkpt>
    <trkpt lat="42.141866" lon="2.55427">
        <ele>542.5</ele>
        <time>2022-11-26T16:19:27.000Z</time>
    </trkpt>
    <trkpt lat="42.141824" lon="2.554243">
        <ele>542.1</ele>
        <time>2022-11-26T16:20:07.000Z</time>
    </trkpt>
    <trkpt lat="42.141782" lon="2.554218">
        <ele>541.7</ele>
        <time>2022-11-26T16:20:47.000Z</time>
    </trkpt>
    <trkpt lat="42.141741" lon="2.55419">
        <ele>541.4</ele>
        <time>2022-11-26T16:21:27.000Z</time>
    </trkpt>
    <trkpt lat="42.141698" lon="2.554154">
        <ele>541.2</ele>
        <time>2022-11-26T16:22:07.000Z</time>
    </trkpt>
    <trkpt lat="42.141657" lon="2.554117">
        <ele>541.3</ele>
        <time>2022-11-26T16:22:47.000Z</time>
    </trkpt>
    <trkpt lat="42.141609" lon="2.554076">
        <ele>542.2</ele>
        <time>2022-11-26T16:23:27.000Z</time>
    </trkpt>
    <trkpt lat="42.141565" lon="2.55403">
        <ele>542.9</ele>
        <time>2022-11-26T16:24:07.000Z</time>
    </trkpt>
    <trkpt lat="42.141541" lon="2.553988">
        <ele>543.0</ele>
        <time>2022-11-26T16:24:47.000Z</time>
    </trkpt>
    <trkpt lat="42.141518" lon="2.553946">
        <ele>543.3</ele>
        <time>2022-11-26T16:25:27.000Z</time>
    </trkpt>
    <trkpt lat="42.141445" lon="2.553816">
        <ele>543.6</ele>
        <time>2022-11-26T16:26:07.000Z</time>
    </trkpt>
    <trkpt lat="42.141359" lon="2.553629">
        <ele>543.4</ele>
        <time>2022-11-26T16:26:47.000Z</time>
    </trkpt>
    <trkpt lat="42.140976" lon="2.552962">
        <ele>551.1</ele>
        <time>2022-11-26T16:27:27.000Z</time>
    </trkpt>
    <trkpt lat="42.140888" lon="2.552785">
        <ele>554.0</ele>
        <time>2022-11-26T16:28:07.000Z</time>
    </trkpt>
    <trkpt lat="42.140845" lon="2.552716">
        <ele>555.4</ele>
        <time>2022-11-26T16:28:47.000Z</time>
    </trkpt>
    <trkpt lat="42.140803" lon="2.552646">
        <ele>556.8</ele>
        <time>2022-11-26T16:29:27.000Z</time>
    </trkpt>
    <trkpt lat="42.140773" lon="2.55258">
        <ele>558.0</ele>
        <time>2022-11-26T16:30:07.000Z</time>
    </trkpt>
    <trkpt lat="42.140648" lon="2.552293">
        <ele>562.4</ele>
        <time>2022-11-26T16:30:47.000Z</time>
    </trkpt>
    <trkpt lat="42.140609" lon="2.552211">
        <ele>563.6</ele>
        <time>2022-11-26T16:31:27.000Z</time>
    </trkpt>
    <trkpt lat="42.140572" lon="2.552161">
        <ele>564.5</ele>
        <time>2022-11-26T16:32:07.000Z</time>
    </trkpt>
    <trkpt lat="42.140528" lon="2.552121">
        <ele>565.0</ele>
        <time>2022-11-26T16:32:47.000Z</time>
    </trkpt>
    <trkpt lat="42.140492" lon="2.552092">
        <ele>565.3</ele>
        <time>2022-11-26T16:33:27.000Z</time>
    </trkpt>
    <trkpt lat="42.140454" lon="2.552067">
        <ele>565.6</ele>
        <time>2022-11-26T16:34:07.000Z</time>
    </trkpt>
    <trkpt lat="42.140407" lon="2.552044">
        <ele>565.7</ele>
        <time>2022-11-26T16:34:47.000Z</time>
    </trkpt>
    <trkpt lat="42.140359" lon="2.552027">
        <ele>565.7</ele>
        <time>2022-11-26T16:35:27.000Z</time>
    </trkpt>
    <trkpt lat="42.140307" lon="2.552013">
        <ele>565.6</ele>
        <time>2022-11-26T16:36:07.000Z</time>
    </trkpt>
    <trkpt lat="42.140255" lon="2.552005">
        <ele>565.6</ele>
        <time>2022-11-26T16:36:47.000Z</time>
    </trkpt>
    <trkpt lat="42.140204" lon="2.552002">
        <ele>565.6</ele>
        <time>2022-11-26T16:37:27.000Z</time>
    </trkpt>
    <trkpt lat="42.140154" lon="2.552">
        <ele>565.8</ele>
        <time>2022-11-26T16:38:07.000Z</time>
    </trkpt>
    <trkpt lat="42.140101" lon="2.551999">
        <ele>565.9</ele>
        <time>2022-11-26T16:38:47.000Z</time>
    </trkpt>
    <trkpt lat="42.140047" lon="2.552001">
        <ele>565.7</ele>
        <time>2022-11-26T16:39:27.000Z</time>
    </trkpt>
    <trkpt lat="42.140011" lon="2.552011">
        <ele>565.6</ele>
        <time>2022-11-26T16:40:07.000Z</time>
    </trkpt>
    <trkpt lat="42.139975" lon="2.552029">
        <ele>565.7</ele>
        <time>2022-11-26T16:40:47.000Z</time>
    </trkpt>
    <trkpt lat="42.13994" lon="2.552048">
        <ele>566.0</ele>
        <time>2022-11-26T16:41:27.000Z</time>
    </trkpt>
    <trkpt lat="42.139904" lon="2.552068">
        <ele>566.4</ele>
        <time>2022-11-26T16:42:07.000Z</time>
    </trkpt>
    <trkpt lat="42.139868" lon="2.55209">
        <ele>566.5</ele>
        <time>2022-11-26T16:42:47.000Z</time>
    </trkpt>
    <trkpt lat="42.139832" lon="2.552113">
        <ele>566.6</ele>
        <time>2022-11-26T16:43:27.000Z</time>
    </trkpt>
    <trkpt lat="42.139792" lon="2.552141">
        <ele>566.4</ele>
        <time>2022-11-26T16:44:07.000Z</time>
    </trkpt>
    <trkpt lat="42.139752" lon="2.552171">
        <ele>566.3</ele>
        <time>2022-11-26T16:44:47.000Z</time>
    </trkpt>
    <trkpt lat="42.139708" lon="2.55221">
        <ele>565.9</ele>
        <time>2022-11-26T16:45:27.000Z</time>
    </trkpt>
    <trkpt lat="42.139662" lon="2.552246">
        <ele>566.6</ele>
        <time>2022-11-26T16:46:07.000Z</time>
    </trkpt>
    <trkpt lat="42.139583" lon="2.552294">
        <ele>568.0</ele>
        <time>2022-11-26T16:46:47.000Z</time>
    </trkpt>
    <trkpt lat="42.13956" lon="2.552296">
        <ele>568.7</ele>
        <time>2022-11-26T16:47:27.000Z</time>
    </trkpt>
    <trkpt lat="42.139398" lon="2.552398">
        <ele>569.0</ele>
        <time>2022-11-26T16:48:07.000Z</time>
    </trkpt>
    <trkpt lat="42.139057" lon="2.552552">
        <ele>569.7</ele>
        <time>2022-11-26T16:48:47.000Z</time>
    </trkpt>
    <trkpt lat="42.13889" lon="2.552638">
        <ele>570.5</ele>
        <time>2022-11-26T16:49:27.000Z</time>
    </trkpt>
    <trkpt lat="42.138756" lon="2.552735">
        <ele>568.9</ele>
        <time>2022-11-26T16:50:07.000Z</time>
    </trkpt>
    <trkpt lat="42.138576" lon="2.552767">
        <ele>569.0</ele>
        <time>2022-11-26T16:50:47.000Z</time>
    </trkpt>
    <trkpt lat="42.138476" lon="2.552689">
        <ele>569.4</ele>
        <time>2022-11-26T16:51:27.000Z</time>
    </trkpt>
    <trkpt lat="42.138404" lon="2.552593">
        <ele>569.9</ele>
        <time>2022-11-26T16:52:07.000Z</time>
    </trkpt>
    <trkpt lat="42.138272" lon="2.55223">
        <ele>570.6</ele>
        <time>2022-11-26T16:52:47.000Z</time>
    </trkpt>
    <trkpt lat="42.138208" lon="2.551983">
        <ele>571.4</ele>
        <time>2022-11-26T16:53:27.000Z</time>
    </trkpt>
    <trkpt lat="42.138203" lon="2.551777">
        <ele>570.6</ele>
        <time>2022-11-26T16:54:07.000Z</time>
    </trkpt>
    <trkpt lat="42.13827" lon="2.551619">
        <ele>571.0</ele>
        <time>2022-11-26T16:54:47.000Z</time>
    </trkpt>
    <trkpt lat="42.138373" lon="2.551486">
        <ele>571.9</ele>
        <time>2022-11-26T16:55:27.000Z</time>
    </trkpt>
    <trkpt lat="42.138372" lon="2.551407">
        <ele>571.0</ele>
        <time>2022-11-26T16:56:07.000Z</time>
    </trkpt>
    <trkpt lat="42.138282" lon="2.55125">
        <ele>572.4</ele>
        <time>2022-11-26T16:56:47.000Z</time>
    </trkpt>
    <trkpt lat="42.138137" lon="2.55107">
        <ele>574.1</ele>
        <time>2022-11-26T16:57:27.000Z</time>
    </trkpt>
    <trkpt lat="42.137952" lon="2.550974">
        <ele>576.6</ele>
        <time>2022-11-26T16:58:07.000Z</time>
    </trkpt>
    <trkpt lat="42.137929" lon="2.55092">
        <ele>578.2</ele>
        <time>2022-11-26T16:58:47.000Z</time>
    </trkpt>
    <trkpt lat="42.138014" lon="2.550841">
        <ele>579.3</ele>
        <time>2022-11-26T16:59:27.000Z</time>
    </trkpt>
    <trkpt lat="42.138298" lon="2.550833">
        <ele>580.8</ele>
        <time>2022-11-26T17:00:07.000Z</time>
    </trkpt>
    <trkpt lat="42.138446" lon="2.550777">
        <ele>583.3</ele>
        <time>2022-11-26T17:00:47.000Z</time>
    </trkpt>
    <trkpt lat="42.138694" lon="2.550691">
        <ele>585.8</ele>
        <time>2022-11-26T17:01:27.000Z</time>
    </trkpt>
    <trkpt lat="42.138932" lon="2.550586">
        <ele>588.2</ele>
        <time>2022-11-26T17:02:07.000Z</time>
    </trkpt>
    <trkpt lat="42.139072" lon="2.550628">
        <ele>589.4</ele>
        <time>2022-11-26T17:02:47.000Z</time>
    </trkpt>
    <trkpt lat="42.139113" lon="2.550778">
        <ele>588.6</ele>
        <time>2022-11-26T17:03:27.000Z</time>
    </trkpt>
    <trkpt lat="42.13911" lon="2.551087">
        <ele>589.0</ele>
        <time>2022-11-26T17:04:07.000Z</time>
    </trkpt>
    <trkpt lat="42.139071" lon="2.551481">
        <ele>588.5</ele>
        <time>2022-11-26T17:04:47.000Z</time>
    </trkpt>
    <trkpt lat="42.139076" lon="2.551723">
        <ele>587.8</ele>
        <time>2022-11-26T17:05:27.000Z</time>
    </trkpt>
    <trkpt lat="42.139162" lon="2.55177">
        <ele>589.0</ele>
        <time>2022-11-26T17:06:07.000Z</time>
    </trkpt>
    <trkpt lat="42.139172" lon="2.551774">
        <ele>589.0</ele>
        <time>2022-11-26T17:06:47.000Z</time>
    </trkpt>
    <trkpt lat="42.139246" lon="2.551758">
        <ele>589.1</ele>
        <time>2022-11-26T17:07:27.000Z</time>
    </trkpt>
    <trkpt lat="42.139383" lon="2.551669">
        <ele>591.0</ele>
        <time>2022-11-26T17:08:07.000Z</time>
    </trkpt>
    <trkpt lat="42.139563" lon="2.551549">
        <ele>592.4</ele>
        <time>2022-11-26T17:08:47.000Z</time>
    </trkpt>
    <trkpt lat="42.139582" lon="2.55153">
        <ele>592.8</ele>
        <time>2022-11-26T17:09:27.000Z</time>
    </trkpt>
    <trkpt lat="42.139682" lon="2.551419">
        <ele>595.2</ele>
        <time>2022-11-26T17:10:07.000Z</time>
    </trkpt>
    <trkpt lat="42.139818" lon="2.551274">
        <ele>597.9</ele>
        <time>2022-11-26T17:10:47.000Z</time>
    </trkpt>
    <trkpt lat="42.139866" lon="2.551239">
        <ele>598.3</ele>
        <time>2022-11-26T17:11:27.000Z</time>
    </trkpt>
    <trkpt lat="42.139915" lon="2.551208">
        <ele>598.6</ele>
        <time>2022-11-26T17:12:07.000Z</time>
    </trkpt>
    <trkpt lat="42.14001" lon="2.55113">
        <ele>600.3</ele>
        <time>2022-11-26T17:12:47.000Z</time>
    </trkpt>
    <trkpt lat="42.140048" lon="2.551103">
        <ele>601.2</ele>
        <time>2022-11-26T17:13:27.000Z</time>
    </trkpt>
    <trkpt lat="42.140113" lon="2.551065">
        <ele>602.4</ele>
        <time>2022-11-26T17:14:07.000Z</time>
    </trkpt>
    <trkpt lat="42.14014" lon="2.551053">
        <ele>602.7</ele>
        <time>2022-11-26T17:14:47.000Z</time>
    </trkpt>
    <trkpt lat="42.140179" lon="2.551048">
        <ele>602.7</ele>
        <time>2022-11-26T17:15:27.000Z</time>
    </trkpt>
    <trkpt lat="42.140423" lon="2.551047">
        <ele>603.5</ele>
        <time>2022-11-26T17:16:07.000Z</time>
    </trkpt>
    <trkpt lat="42.140463" lon="2.551045">
        <ele>603.8</ele>
        <time>2022-11-26T17:16:47.000Z</time>
    </trkpt>
    <trkpt lat="42.140507" lon="2.55104">
        <ele>604.3</ele>
        <time>2022-11-26T17:17:27.000Z</time>
    </trkpt>
    <trkpt lat="42.14055" lon="2.551026">
        <ele>605.0</ele>
        <time>2022-11-26T17:18:07.000Z</time>
    </trkpt>
    <trkpt lat="42.140591" lon="2.551002">
        <ele>605.7</ele>
        <time>2022-11-26T17:18:47.000Z</time>
    </trkpt>
    <trkpt lat="42.140669" lon="2.550954">
        <ele>606.7</ele>
        <time>2022-11-26T17:19:27.000Z</time>
    </trkpt>
    <trkpt lat="42.140708" lon="2.550941">
        <ele>606.8</ele>
        <time>2022-11-26T17:20:07.000Z</time>
    </trkpt>
    <trkpt lat="42.140858" lon="2.550943">
        <ele>605.1</ele>
        <time>2022-11-26T17:20:47.000Z</time>
    </trkpt>
    <trkpt lat="42.141016" lon="2.550942">
        <ele>603.3</ele>
        <time>2022-11-26T17:21:27.000Z</time>
    </trkpt>
    <trkpt lat="42.141047" lon="2.550932">
        <ele>603.2</ele>
        <time>2022-11-26T17:22:07.000Z</time>
    </trkpt>
    <trkpt lat="42.141071" lon="2.550915">
        <ele>603.6</ele>
        <time>2022-11-26T17:22:47.000Z</time>
    </trkpt>
    <trkpt lat="42.141225" lon="2.550797">
        <ele>604.3</ele>
        <time>2022-11-26T17:23:27.000Z</time>
    </trkpt>
    <trkpt lat="42.141279" lon="2.550758">
        <ele>604.2</ele>
        <time>2022-11-26T17:24:07.000Z</time>
    </trkpt>
    <trkpt lat="42.141308" lon="2.550748">
        <ele>603.7</ele>
        <time>2022-11-26T17:24:47.000Z</time>
    </trkpt>
    <trkpt lat="42.141337" lon="2.550737">
        <ele>603.2</ele>
        <time>2022-11-26T17:25:27.000Z</time>
    </trkpt>
    <trkpt lat="42.141365" lon="2.550712">
        <ele>603.2</ele>
        <time>2022-11-26T17:26:07.000Z</time>
    </trkpt>
    <trkpt lat="42.141386" lon="2.550674">
        <ele>603.8</ele>
        <time>2022-11-26T17:26:47.000Z</time>
    </trkpt>
    <trkpt lat="42.141464" lon="2.5505">
        <ele>605.2</ele>
        <time>2022-11-26T17:27:27.000Z</time>
    </trkpt>
    <trkpt lat="42.14149" lon="2.550438">
        <ele>605.7</ele>
        <time>2022-11-26T17:28:07.000Z</time>
    </trkpt>
    <trkpt lat="42.141512" lon="2.550377">
        <ele>606.2</ele>
        <time>2022-11-26T17:28:47.000Z</time>
    </trkpt>
    <trkpt lat="42.141532" lon="2.550316">
        <ele>607.0</ele>
        <time>2022-11-26T17:29:27.000Z</time>
    </trkpt>
    <trkpt lat="42.141562" lon="2.550214">
        <ele>607.1</ele>
        <time>2022-11-26T17:30:07.000Z</time>
    </trkpt>
    <trkpt lat="42.141595" lon="2.550109">
        <ele>606.2</ele>
        <time>2022-11-26T17:30:47.000Z</time>
    </trkpt>
    <trkpt lat="42.141607" lon="2.550056">
        <ele>606.0</ele>
        <time>2022-11-26T17:31:27.000Z</time>
    </trkpt>
    <trkpt lat="42.141617" lon="2.550002">
        <ele>605.7</ele>
        <time>2022-11-26T17:32:07.000Z</time>
    </trkpt>
    <trkpt lat="42.141626" lon="2.549968">
        <ele>605.8</ele>
        <time>2022-11-26T17:32:47.000Z</time>
    </trkpt>
    <trkpt lat="42.141638" lon="2.549936">
        <ele>606.0</ele>
        <time>2022-11-26T17:33:27.000Z</time>
    </trkpt>
    <trkpt lat="42.141655" lon="2.549899">
        <ele>605.8</ele>
        <time>2022-11-26T17:34:07.000Z</time>
    </trkpt>
    <trkpt lat="42.141676" lon="2.549867">
        <ele>605.8</ele>
        <time>2022-11-26T17:34:47.000Z</time>
    </trkpt>
    <trkpt lat="42.141783" lon="2.549748">
        <ele>606.4</ele>
        <time>2022-11-26T17:35:27.000Z</time>
    </trkpt>
    <trkpt lat="42.141816" lon="2.549706">
        <ele>606.6</ele>
        <time>2022-11-26T17:36:07.000Z</time>
    </trkpt>
    <trkpt lat="42.141879" lon="2.549605">
        <ele>607.2</ele>
        <time>2022-11-26T17:36:47.000Z</time>
    </trkpt>
    <trkpt lat="42.141942" lon="2.549509">
        <ele>607.1</ele>
        <time>2022-11-26T17:37:27.000Z</time>
    </trkpt>
    <trkpt lat="42.141988" lon="2.549428">
        <ele>607.4</ele>
        <time>2022-11-26T17:38:07.000Z</time>
    </trkpt>
    <trkpt lat="42.141998" lon="2.54941">
        <ele>607.5</ele>
        <time>2022-11-26T17:38:47.000Z</time>
    </trkpt>
    <trkpt lat="42.142117" lon="2.549243">
        <ele>607.7</ele>
        <time>2022-11-26T17:39:27.000Z</time>
    </trkpt>
    <trkpt lat="42.142159" lon="2.549181">
        <ele>608.0</ele>
        <time>2022-11-26T17:40:07.000Z</time>
    </trkpt>
    <trkpt lat="42.142186" lon="2.549137">
        <ele>608.2</ele>
        <time>2022-11-26T17:40:47.000Z</time>
    </trkpt>
    <trkpt lat="42.142213" lon="2.549092">
        <ele>608.5</ele>
        <time>2022-11-26T17:41:27.000Z</time>
    </trkpt>
    <trkpt lat="42.142236" lon="2.549058">
        <ele>608.9</ele>
        <time>2022-11-26T17:42:07.000Z</time>
    </trkpt>
    <trkpt lat="42.142262" lon="2.549027">
        <ele>609.5</ele>
        <time>2022-11-26T17:42:47.000Z</time>
    </trkpt>
    <trkpt lat="42.1423" lon="2.548986">
        <ele>610.0</ele>
        <time>2022-11-26T17:43:27.000Z</time>
    </trkpt>
    <trkpt lat="42.142342" lon="2.548954">
        <ele>610.5</ele>
        <time>2022-11-26T17:44:07.000Z</time>
    </trkpt>
    <trkpt lat="42.142378" lon="2.548937">
        <ele>610.6</ele>
        <time>2022-11-26T17:44:47.000Z</time>
    </trkpt>
    <trkpt lat="42.14245" lon="2.548904">
        <ele>611.0</ele>
        <time>2022-11-26T17:45:27.000Z</time>
    </trkpt>
    <trkpt lat="42.142464" lon="2.548899">
        <ele>610.9</ele>
        <time>2022-11-26T17:46:07.000Z</time>
    </trkpt>
    <trkpt lat="42.142727" lon="2.548819">
        <ele>613.4</ele>
        <time>2022-11-26T17:46:47.000Z</time>
    </trkpt>
    <trkpt lat="42.143042" lon="2.548726">
        <ele>616.9</ele>
        <time>2022-11-26T17:47:27.000Z</time>
    </trkpt>
    <trkpt lat="42.143222" lon="2.548573">
        <ele>619.9</ele>
        <time>2022-11-26T17:48:07.000Z</time>
    </trkpt>
    <trkpt lat="42.143356" lon="2.548391">
        <ele>622.5</ele>
        <time>2022-11-26T17:48:47.000Z</time>
    </trkpt>
    <trkpt lat="42.143491" lon="2.548239">
        <ele>623.0</ele>
        <time>2022-11-26T17:49:27.000Z</time>
    </trkpt>
    <trkpt lat="42.14349" lon="2.548118">
        <ele>625.3</ele>
        <time>2022-11-26T17:50:07.000Z</time>
    </trkpt>
    <trkpt lat="42.143579" lon="2.547875">
        <ele>627.2</ele>
        <time>2022-11-26T17:50:47.000Z</time>
    </trkpt>
    <trkpt lat="42.143624" lon="2.547723">
        <ele>628.6</ele>
        <time>2022-11-26T17:51:27.000Z</time>
    </trkpt>
    <trkpt lat="42.143623" lon="2.547511">
        <ele>632.4</ele>
        <time>2022-11-26T17:52:07.000Z</time>
    </trkpt>
    <trkpt lat="42.143735" lon="2.547299">
        <ele>631.8</ele>
        <time>2022-11-26T17:52:47.000Z</time>
    </trkpt>
    <trkpt lat="42.143846" lon="2.547026">
        <ele>632.9</ele>
        <time>2022-11-26T17:53:27.000Z</time>
    </trkpt>
    <trkpt lat="42.14398" lon="2.546813">
        <ele>632.7</ele>
        <time>2022-11-26T17:54:07.000Z</time>
    </trkpt>
    <trkpt lat="42.144092" lon="2.546661">
        <ele>633.1</ele>
        <time>2022-11-26T17:54:47.000Z</time>
    </trkpt>
    <trkpt lat="42.144317" lon="2.546478">
        <ele>635.3</ele>
        <time>2022-11-26T17:55:27.000Z</time>
    </trkpt>
    <trkpt lat="42.144655" lon="2.546506">
        <ele>634.0</ele>
        <time>2022-11-26T17:56:07.000Z</time>
    </trkpt>
    <trkpt lat="42.14533" lon="2.54635">
        <ele>641.0</ele>
        <time>2022-11-26T17:56:47.000Z</time>
    </trkpt>
    <trkpt lat="42.145532" lon="2.546227">
        <ele>642.7</ele>
        <time>2022-11-26T17:57:27.000Z</time>
    </trkpt>
    <trkpt lat="42.145621" lon="2.546136">
        <ele>642.6</ele>
        <time>2022-11-26T17:58:07.000Z</time>
    </trkpt>
    <trkpt lat="42.145868" lon="2.545801">
        <ele>641.2</ele>
        <time>2022-11-26T17:58:47.000Z</time>
    </trkpt>
    <trkpt lat="42.145957" lon="2.545589">
        <ele>640.9</ele>
        <time>2022-11-26T17:59:27.000Z</time>
    </trkpt>
    <trkpt lat="42.145953" lon="2.545582">
        <ele>640.9</ele>
        <time>2022-11-26T18:00:07.000Z</time>
    </trkpt>
    <trkpt lat="42.145865" lon="2.545448">
        <ele>642.2</ele>
        <time>2022-11-26T18:00:47.000Z</time>
    </trkpt>
    <trkpt lat="42.145797" lon="2.545168">
        <ele>644.4</ele>
        <time>2022-11-26T18:01:27.000Z</time>
    </trkpt>
    <trkpt lat="42.145788" lon="2.544865">
        <ele>648.0</ele>
        <time>2022-11-26T18:02:07.000Z</time>
    </trkpt>
    <trkpt lat="42.145877" lon="2.544613">
        <ele>649.9</ele>
        <time>2022-11-26T18:02:47.000Z</time>
    </trkpt>
    <trkpt lat="42.145952" lon="2.544421">
        <ele>651.4</ele>
        <time>2022-11-26T18:03:27.000Z</time>
    </trkpt>
    <trkpt lat="42.146093" lon="2.544127">
        <ele>654.0</ele>
        <time>2022-11-26T18:04:07.000Z</time>
    </trkpt>
    <trkpt lat="42.146205" lon="2.543824">
        <ele>656.0</ele>
        <time>2022-11-26T18:04:47.000Z</time>
    </trkpt>
    <trkpt lat="42.146271" lon="2.543652">
        <ele>657.0</ele>
        <time>2022-11-26T18:05:27.000Z</time>
    </trkpt>
    <trkpt lat="42.146274" lon="2.543646">
        <ele>657.1</ele>
        <time>2022-11-26T18:06:07.000Z</time>
    </trkpt>
    <trkpt lat="42.14639" lon="2.543403">
        <ele>657.2</ele>
        <time>2022-11-26T18:06:47.000Z</time>
    </trkpt>
    <trkpt lat="42.146499" lon="2.543216">
        <ele>656.2</ele>
        <time>2022-11-26T18:07:27.000Z</time>
    </trkpt>
    <trkpt lat="42.146683" lon="2.5431">
        <ele>651.4</ele>
        <time>2022-11-26T18:08:07.000Z</time>
    </trkpt>
    <trkpt lat="42.146799" lon="2.542802">
        <ele>650.1</ele>
        <time>2022-11-26T18:08:47.000Z</time>
    </trkpt>
    <trkpt lat="42.14702" lon="2.542667">
        <ele>646.0</ele>
        <time>2022-11-26T18:09:27.000Z</time>
    </trkpt>
    <trkpt lat="42.147235" lon="2.542509">
        <ele>644.5</ele>
        <time>2022-11-26T18:10:07.000Z</time>
    </trkpt>
    <trkpt lat="42.147369" lon="2.542175">
        <ele>646.8</ele>
        <time>2022-11-26T18:10:47.000Z</time>
    </trkpt>
    <trkpt lat="42.147434" lon="2.541557">
        <ele>642.0</ele>
        <time>2022-11-26T18:11:27.000Z</time>
    </trkpt>
    <trkpt lat="42.14758" lon="2.540824">
        <ele>638.7</ele>
        <time>2022-11-26T18:12:07.000Z</time>
    </trkpt>
    <trkpt lat="42.147834" lon="2.54035">
        <ele>634.1</ele>
        <time>2022-11-26T18:12:47.000Z</time>
    </trkpt>
    <trkpt lat="42.148193" lon="2.540027">
        <ele>630.1</ele>
        <time>2022-11-26T18:13:27.000Z</time>
    </trkpt>
    <trkpt lat="42.148512" lon="2.539698">
        <ele>629.3</ele>
        <time>2022-11-26T18:14:07.000Z</time>
    </trkpt>
    <trkpt lat="42.148677" lon="2.539442">
        <ele>626.7</ele>
        <time>2022-11-26T18:14:47.000Z</time>
    </trkpt>
    <trkpt lat="42.148889" lon="2.539531">
        <ele>627.2</ele>
        <time>2022-11-26T18:15:27.000Z</time>
    </trkpt>
    <trkpt lat="42.148957" lon="2.539652">
        <ele>627.1</ele>
        <time>2022-11-26T18:16:07.000Z</time>
    </trkpt>
    <trkpt lat="42.149084" lon="2.539693">
        <ele>624.0</ele>
        <time>2022-11-26T18:16:47.000Z</time>
    </trkpt>
    <trkpt lat="42.149119" lon="2.539536">
        <ele>621.3</ele>
        <time>2022-11-26T18:17:27.000Z</time>
    </trkpt>
    <trkpt lat="42.149027" lon="2.539131">
        <ele>619.8</ele>
        <time>2022-11-26T18:18:07.000Z</time>
    </trkpt>
    <trkpt lat="42.148963" lon="2.538756">
        <ele>618.8</ele>
        <time>2022-11-26T18:18:47.000Z</time>
    </trkpt>
    <trkpt lat="42.148885" lon="2.538406">
        <ele>617.5</ele>
        <time>2022-11-26T18:19:27.000Z</time>
    </trkpt>
    <trkpt lat="42.148961" lon="2.538321">
        <ele>616.5</ele>
        <time>2022-11-26T18:20:07.000Z</time>
    </trkpt>
    <trkpt lat="42.148991" lon="2.537879">
        <ele>616.6</ele>
        <time>2022-11-26T18:20:47.000Z</time>
    </trkpt>
    <trkpt lat="42.149136" lon="2.537139">
        <ele>619.8</ele>
        <time>2022-11-26T18:21:27.000Z</time>
    </trkpt>
    <trkpt lat="42.149238" lon="2.536757">
        <ele>623.3</ele>
        <time>2022-11-26T18:22:07.000Z</time>
    </trkpt>
    <trkpt lat="42.149367" lon="2.536351">
        <ele>623.6</ele>
        <time>2022-11-26T18:22:47.000Z</time>
    </trkpt>
    <trkpt lat="42.149483" lon="2.535951">
        <ele>625.7</ele>
        <time>2022-11-26T18:23:27.000Z</time>
    </trkpt>
    <trkpt lat="42.149549" lon="2.535696">
        <ele>627.7</ele>
        <time>2022-11-26T18:24:07.000Z</time>
    </trkpt>
    <trkpt lat="42.149566" lon="2.535278">
        <ele>629.9</ele>
        <time>2022-11-26T18:24:47.000Z</time>
    </trkpt>
    <trkpt lat="42.149582" lon="2.534891">
        <ele>630.4</ele>
        <time>2022-11-26T18:25:27.000Z</time>
    </trkpt>
    <trkpt lat="42.149576" lon="2.534383">
        <ele>630.9</ele>
        <time>2022-11-26T18:26:07.000Z</time>
    </trkpt>
    <trkpt lat="42.149529" lon="2.533893">
        <ele>628.6</ele>
        <time>2022-11-26T18:26:47.000Z</time>
    </trkpt>
    <trkpt lat="42.149382" lon="2.533617">
        <ele>627.6</ele>
        <time>2022-11-26T18:27:27.000Z</time>
    </trkpt>
    <trkpt lat="42.149256" lon="2.53338">
        <ele>627.2</ele>
        <time>2022-11-26T18:28:07.000Z</time>
    </trkpt>
    <trkpt lat="42.149174" lon="2.533204">
        <ele>626.1</ele>
        <time>2022-11-26T18:28:47.000Z</time>
    </trkpt>
    <trkpt lat="42.148956" lon="2.532735">
        <ele>626.1</ele>
        <time>2022-11-26T18:29:27.000Z</time>
    </trkpt>
    <trkpt lat="42.148797" lon="2.532391">
        <ele>624.0</ele>
        <time>2022-11-26T18:30:07.000Z</time>
    </trkpt>
    <trkpt lat="42.148814" lon="2.532004">
        <ele>623.6</ele>
        <time>2022-11-26T18:30:47.000Z</time>
    </trkpt>
    <trkpt lat="42.148782" lon="2.531944">
        <ele>622.3</ele>
        <time>2022-11-26T18:31:27.000Z</time>
    </trkpt>
    <trkpt lat="42.148569" lon="2.531697">
        <ele>617.8</ele>
        <time>2022-11-26T18:32:07.000Z</time>
    </trkpt>
    <trkpt lat="42.148484" lon="2.531698">
        <ele>617.0</ele>
        <time>2022-11-26T18:32:47.000Z</time>
    </trkpt>
    <trkpt lat="42.14838" lon="2.53168">
        <ele>616.3</ele>
        <time>2022-11-26T18:33:27.000Z</time>
    </trkpt>
    <trkpt lat="42.148365" lon="2.531227">
        <ele>615.9</ele>
        <time>2022-11-26T18:34:07.000Z</time>
    </trkpt>
    <trkpt lat="42.14827" lon="2.531209">
        <ele>615.5</ele>
        <time>2022-11-26T18:34:47.000Z</time>
    </trkpt>
    <trkpt lat="42.148265" lon="2.53107">
        <ele>615.1</ele>
        <time>2022-11-26T18:35:27.000Z</time>
    </trkpt>
    <trkpt lat="42.148169" lon="2.530744">
        <ele>615.0</ele>
        <time>2022-11-26T18:36:07.000Z</time>
    </trkpt>
    <trkpt lat="42.148169" lon="2.53075">
        <ele>615.1</ele>
        <time>2022-11-26T18:36:47.000Z</time>
    </trkpt>
    <trkpt lat="42.148163" lon="2.530739">
        <ele>615.1</ele>
        <time>2022-11-26T18:37:27.000Z</time>
    </trkpt>
    <trkpt lat="42.148177" lon="2.530486">
        <ele>615.1</ele>
        <time>2022-11-26T18:38:07.000Z</time>
    </trkpt>
    <trkpt lat="42.148147" lon="2.530325">
        <ele>615.7</ele>
        <time>2022-11-26T18:38:47.000Z</time>
    </trkpt>
    <trkpt lat="42.148078" lon="2.530063">
        <ele>615.3</ele>
        <time>2022-11-26T18:39:27.000Z</time>
    </trkpt>
    <trkpt lat="42.148032" lon="2.529802">
        <ele>615.1</ele>
        <time>2022-11-26T18:40:07.000Z</time>
    </trkpt>
    <trkpt lat="42.147986" lon="2.52952">
        <ele>615.6</ele>
        <time>2022-11-26T18:40:47.000Z</time>
    </trkpt>
    <trkpt lat="42.147977" lon="2.529136">
        <ele>617.4</ele>
        <time>2022-11-26T18:41:27.000Z</time>
    </trkpt>
    <trkpt lat="42.148028" lon="2.528793">
        <ele>618.8</ele>
        <time>2022-11-26T18:42:07.000Z</time>
    </trkpt>
    <trkpt lat="42.148146" lon="2.528338">
        <ele>623.0</ele>
        <time>2022-11-26T18:42:47.000Z</time>
    </trkpt>
    <trkpt lat="42.148256" lon="2.527843">
        <ele>624.2</ele>
        <time>2022-11-26T18:43:27.000Z</time>
    </trkpt>
    <trkpt lat="42.148307" lon="2.527349">
        <ele>620.6</ele>
        <time>2022-11-26T18:44:07.000Z</time>
    </trkpt>
    <trkpt lat="42.148323" lon="2.527022">
        <ele>618.0</ele>
        <time>2022-11-26T18:44:47.000Z</time>
    </trkpt>
    <trkpt lat="42.148324" lon="2.527001">
        <ele>617.8</ele>
        <time>2022-11-26T18:45:27.000Z</time>
    </trkpt>
    <trkpt lat="42.1483" lon="2.526827">
        <ele>616.4</ele>
        <time>2022-11-26T18:46:07.000Z</time>
    </trkpt>
    <trkpt lat="42.148291" lon="2.526777">
        <ele>615.8</ele>
        <time>2022-11-26T18:46:47.000Z</time>
    </trkpt>
    <trkpt lat="42.148264" lon="2.526672">
        <ele>615.1</ele>
        <time>2022-11-26T18:47:27.000Z</time>
    </trkpt>
    <trkpt lat="42.148248" lon="2.526616">
        <ele>614.4</ele>
        <time>2022-11-26T18:48:07.000Z</time>
    </trkpt>
    <trkpt lat="42.148235" lon="2.526571">
        <ele>613.9</ele>
        <time>2022-11-26T18:48:47.000Z</time>
    </trkpt>
    <trkpt lat="42.148219" lon="2.526527">
        <ele>613.5</ele>
        <time>2022-11-26T18:49:27.000Z</time>
    </trkpt>
    <trkpt lat="42.148169" lon="2.52641">
        <ele>612.6</ele>
        <time>2022-11-26T18:50:07.000Z</time>
    </trkpt>
    <trkpt lat="42.148142" lon="2.526329">
        <ele>611.5</ele>
        <time>2022-11-26T18:50:47.000Z</time>
    </trkpt>
    <trkpt lat="42.14811" lon="2.526251">
        <ele>610.7</ele>
        <time>2022-11-26T18:51:27.000Z</time>
    </trkpt>
    <trkpt lat="42.14808" lon="2.526208">
        <ele>610.8</ele>
        <time>2022-11-26T18:52:07.000Z</time>
    </trkpt>
    <trkpt lat="42.148049" lon="2.526165">
        <ele>610.9</ele>
        <time>2022-11-26T18:52:47.000Z</time>
    </trkpt>
    <trkpt lat="42.147938" lon="2.526002">
        <ele>610.3</ele>
        <time>2022-11-26T18:53:27.000Z</time>
    </trkpt>
    <trkpt lat="42.147722" lon="2.525662">
        <ele>608.7</ele>
        <time>2022-11-26T18:54:07.000Z</time>
    </trkpt>
    <trkpt lat="42.147569" lon="2.525333">
        <ele>604.8</ele>
        <time>2022-11-26T18:54:47.000Z</time>
    </trkpt>
    <trkpt lat="42.147263" lon="2.524814">
        <ele>600.3</ele>
        <time>2022-11-26T18:55:27.000Z</time>
    </trkpt>
    <trkpt lat="42.147228" lon="2.524758">
        <ele>600.0</ele>
        <time>2022-11-26T18:56:07.000Z</time>
    </trkpt>
    <trkpt lat="42.147191" lon="2.524703">
        <ele>599.7</ele>
        <time>2022-11-26T18:56:47.000Z</time>
    </trkpt>
    <trkpt lat="42.147145" lon="2.524654">
        <ele>599.9</ele>
        <time>2022-11-26T18:57:27.000Z</time>
    </trkpt>
    <trkpt lat="42.147093" lon="2.524617">
        <ele>600.5</ele>
        <time>2022-11-26T18:58:07.000Z</time>
    </trkpt>
    <trkpt lat="42.14692" lon="2.524512">
        <ele>603.0</ele>
        <time>2022-11-26T18:58:47.000Z</time>
    </trkpt>
    <trkpt lat="42.146811" lon="2.524429">
        <ele>602.4</ele>
        <time>2022-11-26T18:59:27.000Z</time>
    </trkpt>
    <trkpt lat="42.146706" lon="2.524338">
        <ele>602.1</ele>
        <time>2022-11-26T19:00:07.000Z</time>
    </trkpt>
    <trkpt lat="42.146656" lon="2.524288">
        <ele>601.8</ele>
        <time>2022-11-26T19:00:47.000Z</time>
    </trkpt>
    <trkpt lat="42.146605" lon="2.52424">
        <ele>601.2</ele>
        <time>2022-11-26T19:01:27.000Z</time>
    </trkpt>
    <trkpt lat="42.146499" lon="2.524159">
        <ele>599.5</ele>
        <time>2022-11-26T19:02:07.000Z</time>
    </trkpt>
    <trkpt lat="42.146468" lon="2.524131">
        <ele>598.8</ele>
        <time>2022-11-26T19:02:47.000Z</time>
    </trkpt>
    <trkpt lat="42.146436" lon="2.524105">
        <ele>598.1</ele>
        <time>2022-11-26T19:03:27.000Z</time>
    </trkpt>
    <trkpt lat="42.146383" lon="2.524075">
        <ele>597.6</ele>
        <time>2022-11-26T19:04:07.000Z</time>
    </trkpt>
    <trkpt lat="42.146208" lon="2.523984">
        <ele>596.3</ele>
        <time>2022-11-26T19:04:47.000Z</time>
    </trkpt>
    <trkpt lat="42.146084" lon="2.523928">
        <ele>595.3</ele>
        <time>2022-11-26T19:05:27.000Z</time>
    </trkpt>
    <trkpt lat="42.145981" lon="2.52389">
        <ele>594.5</ele>
        <time>2022-11-26T19:06:07.000Z</time>
    </trkpt>
    <trkpt lat="42.145838" lon="2.523815">
        <ele>593.3</ele>
        <time>2022-11-26T19:06:47.000Z</time>
    </trkpt>
    <trkpt lat="42.145697" lon="2.523731">
        <ele>591.5</ele>
        <time>2022-11-26T19:07:27.000Z</time>
    </trkpt>
    <trkpt lat="42.145353" lon="2.523516">
        <ele>585.6</ele>
        <time>2022-11-26T19:08:07.000Z</time>
    </trkpt>
    <trkpt lat="42.14528" lon="2.523466">
        <ele>584.3</ele>
        <time>2022-11-26T19:08:47.000Z</time>
    </trkpt>
    <trkpt lat="42.145196" lon="2.523406">
        <ele>583.8</ele>
        <time>2022-11-26T19:09:27.000Z</time>
    </trkpt>
    <trkpt lat="42.145159" lon="2.523379">
        <ele>583.7</ele>
        <time>2022-11-26T19:10:07.000Z</time>
    </trkpt>
    <trkpt lat="42.145124" lon="2.52335">
        <ele>583.4</ele>
        <time>2022-11-26T19:10:47.000Z</time>
    </trkpt>
    <trkpt lat="42.14504" lon="2.523275">
        <ele>583.4</ele>
        <time>2022-11-26T19:11:27.000Z</time>
    </trkpt>
    <trkpt lat="42.145016" lon="2.52326">
        <ele>583.6</ele>
        <time>2022-11-26T19:12:07.000Z</time>
    </trkpt>
    <trkpt lat="42.144992" lon="2.523247">
        <ele>583.8</ele>
        <time>2022-11-26T19:12:47.000Z</time>
    </trkpt>
    <trkpt lat="42.144904" lon="2.523202">
        <ele>584.8</ele>
        <time>2022-11-26T19:13:27.000Z</time>
    </trkpt>
    <trkpt lat="42.144874" lon="2.523185">
        <ele>585.1</ele>
        <time>2022-11-26T19:14:07.000Z</time>
    </trkpt>
    <trkpt lat="42.144845" lon="2.523168">
        <ele>585.5</ele>
        <time>2022-11-26T19:14:47.000Z</time>
    </trkpt>
    <trkpt lat="42.144802" lon="2.523141">
        <ele>585.8</ele>
        <time>2022-11-26T19:15:27.000Z</time>
    </trkpt>
    <trkpt lat="42.144761" lon="2.523111">
        <ele>585.8</ele>
        <time>2022-11-26T19:16:07.000Z</time>
    </trkpt>
    <trkpt lat="42.144637" lon="2.523012">
        <ele>585.8</ele>
        <time>2022-11-26T19:16:47.000Z</time>
    </trkpt>
    <trkpt lat="42.14456" lon="2.522964">
        <ele>586.0</ele>
        <time>2022-11-26T19:17:27.000Z</time>
    </trkpt>
    <trkpt lat="42.144517" lon="2.522931">
        <ele>585.8</ele>
        <time>2022-11-26T19:18:07.000Z</time>
    </trkpt>
    <trkpt lat="42.144473" lon="2.522899">
        <ele>585.5</ele>
        <time>2022-11-26T19:18:47.000Z</time>
    </trkpt>
    <trkpt lat="42.144318" lon="2.522797">
        <ele>584.1</ele>
        <time>2022-11-26T19:19:27.000Z</time>
    </trkpt>
    <trkpt lat="42.144314" lon="2.522782">
        <ele>583.6</ele>
        <time>2022-11-26T19:20:07.000Z</time>
    </trkpt>
    <trkpt lat="42.144295" lon="2.522758">
        <ele>583.4</ele>
        <time>2022-11-26T19:20:47.000Z</time>
    </trkpt>
    <trkpt lat="42.144273" lon="2.522738">
        <ele>583.2</ele>
        <time>2022-11-26T19:21:27.000Z</time>
    </trkpt>
    <trkpt lat="42.144246" lon="2.522716">
        <ele>583.0</ele>
        <time>2022-11-26T19:22:07.000Z</time>
    </trkpt>
    <trkpt lat="42.144218" lon="2.522698">
        <ele>582.9</ele>
        <time>2022-11-26T19:22:47.000Z</time>
    </trkpt>
    <trkpt lat="42.144159" lon="2.522669">
        <ele>582.7</ele>
        <time>2022-11-26T19:23:27.000Z</time>
    </trkpt>
    <trkpt lat="42.144134" lon="2.522648">
        <ele>582.1</ele>
        <time>2022-11-26T19:24:07.000Z</time>
    </trkpt>
    <trkpt lat="42.144116" lon="2.522619">
        <ele>581.2</ele>
        <time>2022-11-26T19:24:47.000Z</time>
    </trkpt>
    <trkpt lat="42.144104" lon="2.522587">
        <ele>580.4</ele>
        <time>2022-11-26T19:25:27.000Z</time>
    </trkpt>
    <trkpt lat="42.144093" lon="2.522554">
        <ele>579.7</ele>
        <time>2022-11-26T19:26:07.000Z</time>
    </trkpt>
    <trkpt lat="42.144086" lon="2.522533">
        <ele>579.1</ele>
        <time>2022-11-26T19:26:47.000Z</time>
    </trkpt>
    <trkpt lat="42.144084" lon="2.522513">
        <ele>578.7</ele>
        <time>2022-11-26T19:27:27.000Z</time>
    </trkpt>
    <trkpt lat="42.144102" lon="2.522472">
        <ele>578.3</ele>
        <time>2022-11-26T19:28:07.000Z</time>
    </trkpt>
    <trkpt lat="42.144145" lon="2.522395">
        <ele>577.7</ele>
        <time>2022-11-26T19:28:47.000Z</time>
    </trkpt>
    <trkpt lat="42.144166" lon="2.522357">
        <ele>577.4</ele>
        <time>2022-11-26T19:29:27.000Z</time>
    </trkpt>
    <trkpt lat="42.144187" lon="2.52231">
        <ele>577.0</ele>
        <time>2022-11-26T19:30:07.000Z</time>
    </trkpt>
    <trkpt lat="42.144208" lon="2.522261">
        <ele>576.8</ele>
        <time>2022-11-26T19:30:47.000Z</time>
    </trkpt>
    <trkpt lat="42.144248" lon="2.522159">
        <ele>576.1</ele>
        <time>2022-11-26T19:31:27.000Z</time>
    </trkpt>
    <trkpt lat="42.144269" lon="2.522099">
        <ele>575.8</ele>
        <time>2022-11-26T19:32:07.000Z</time>
    </trkpt>
    <trkpt lat="42.144285" lon="2.522036">
        <ele>575.4</ele>
        <time>2022-11-26T19:32:47.000Z</time>
    </trkpt>
    <trkpt lat="42.144291" lon="2.521989">
        <ele>575.1</ele>
        <time>2022-11-26T19:33:27.000Z</time>
    </trkpt>
    <trkpt lat="42.144292" lon="2.521941">
        <ele>574.8</ele>
        <time>2022-11-26T19:34:07.000Z</time>
    </trkpt>
    <trkpt lat="42.144294" lon="2.521869">
        <ele>574.5</ele>
        <time>2022-11-26T19:34:47.000Z</time>
    </trkpt>
    <trkpt lat="42.144291" lon="2.521797">
        <ele>574.1</ele>
        <time>2022-11-26T19:35:27.000Z</time>
    </trkpt>
    <trkpt lat="42.144284" lon="2.521734">
        <ele>573.8</ele>
        <time>2022-11-26T19:36:07.000Z</time>
    </trkpt>
    <trkpt lat="42.144277" lon="2.521672">
        <ele>573.5</ele>
        <time>2022-11-26T19:36:47.000Z</time>
    </trkpt>
    <trkpt lat="42.144268" lon="2.521609">
        <ele>573.4</ele>
        <time>2022-11-26T19:37:27.000Z</time>
    </trkpt>
    <trkpt lat="42.144253" lon="2.521549">
        <ele>573.4</ele>
        <time>2022-11-26T19:38:07.000Z</time>
    </trkpt>
    <trkpt lat="42.144233" lon="2.521512">
        <ele>573.4</ele>
        <time>2022-11-26T19:38:47.000Z</time>
    </trkpt>
    <trkpt lat="42.144192" lon="2.52145">
        <ele>573.8</ele>
        <time>2022-11-26T19:39:27.000Z</time>
    </trkpt>
    <trkpt lat="42.144173" lon="2.521424">
        <ele>573.8</ele>
        <time>2022-11-26T19:40:07.000Z</time>
    </trkpt>
    <trkpt lat="42.144142" lon="2.521389">
        <ele>573.9</ele>
        <time>2022-11-26T19:40:47.000Z</time>
    </trkpt>
    <trkpt lat="42.144113" lon="2.521353">
        <ele>573.5</ele>
        <time>2022-11-26T19:41:27.000Z</time>
    </trkpt>
    <trkpt lat="42.144058" lon="2.521268">
        <ele>573.0</ele>
        <time>2022-11-26T19:42:07.000Z</time>
    </trkpt>
    <trkpt lat="42.144006" lon="2.521193">
        <ele>573.1</ele>
        <time>2022-11-26T19:42:47.000Z</time>
    </trkpt>
    <trkpt lat="42.143989" lon="2.521163">
        <ele>573.3</ele>
        <time>2022-11-26T19:43:27.000Z</time>
    </trkpt>
    <trkpt lat="42.143978" lon="2.521128">
        <ele>573.4</ele>
        <time>2022-11-26T19:44:07.000Z</time>
    </trkpt>
    <trkpt lat="42.143974" lon="2.521093">
        <ele>573.4</ele>
        <time>2022-11-26T19:44:47.000Z</time>
    </trkpt>
    <trkpt lat="42.143973" lon="2.521057">
        <ele>573.4</ele>
        <time>2022-11-26T19:45:27.000Z</time>
    </trkpt>
    <trkpt lat="42.143973" lon="2.520917">
        <ele>573.0</ele>
        <time>2022-11-26T19:46:07.000Z</time>
    </trkpt>
    <trkpt lat="42.143971" lon="2.520864">
        <ele>572.9</ele>
        <time>2022-11-26T19:46:47.000Z</time>
    </trkpt>
    <trkpt lat="42.143959" lon="2.520717">
        <ele>572.8</ele>
        <time>2022-11-26T19:47:27.000Z</time>
    </trkpt>
    <trkpt lat="42.143954" lon="2.520641">
        <ele>572.9</ele>
        <time>2022-11-26T19:48:07.000Z</time>
    </trkpt>
    <trkpt lat="42.143952" lon="2.520565">
        <ele>572.9</ele>
        <time>2022-11-26T19:48:47.000Z</time>
    </trkpt>
    <trkpt lat="42.143954" lon="2.520504">
        <ele>572.6</ele>
        <time>2022-11-26T19:49:27.000Z</time>
    </trkpt>
    <trkpt lat="42.14396" lon="2.520443">
        <ele>572.5</ele>
        <time>2022-11-26T19:50:07.000Z</time>
    </trkpt>
    <trkpt lat="42.143981" lon="2.520295">
        <ele>572.0</ele>
        <time>2022-11-26T19:50:47.000Z</time>
    </trkpt>
    <trkpt lat="42.144009" lon="2.520249">
        <ele>572.0</ele>
        <time>2022-11-26T19:51:27.000Z</time>
    </trkpt>
    <trkpt lat="42.144065" lon="2.520135">
        <ele>572.1</ele>
        <time>2022-11-26T19:52:07.000Z</time>
    </trkpt>
    <trkpt lat="42.144096" lon="2.52007">
        <ele>572.1</ele>
        <time>2022-11-26T19:52:47.000Z</time>
    </trkpt>
    <trkpt lat="42.144127" lon="2.51999">
        <ele>572.1</ele>
        <time>2022-11-26T19:53:27.000Z</time>
    </trkpt>
    <trkpt lat="42.144146" lon="2.519931">
        <ele>572.1</ele>
        <time>2022-11-26T19:54:07.000Z</time>
    </trkpt>
    <trkpt lat="42.144154" lon="2.519908">
        <ele>572.1</ele>
        <time>2022-11-26T19:54:47.000Z</time>
    </trkpt>
    <trkpt lat="42.144186" lon="2.519795">
        <ele>572.0</ele>
        <time>2022-11-26T19:55:27.000Z</time>
    </trkpt>
    <trkpt lat="42.144209" lon="2.51975">
        <ele>572.1</ele>
        <time>2022-11-26T19:56:07.000Z</time>
    </trkpt>
    <trkpt lat="42.144238" lon="2.51971">
        <ele>572.1</ele>
        <time>2022-11-26T19:56:47.000Z</time>
    </trkpt>
    <trkpt lat="42.144252" lon="2.519703">
        <ele>572.0</ele>
        <time>2022-11-26T19:57:27.000Z</time>
    </trkpt>
    <trkpt lat="42.144253" lon="2.519702">
        <ele>572.0</ele>
        <time>2022-11-26T19:58:07.000Z</time>
    </trkpt>
    <trkpt lat="42.144253" lon="2.5197">
        <ele>572.0</ele>
        <time>2022-11-26T19:58:47.000Z</time>
    </trkpt>
    <trkpt lat="42.144253" lon="2.519695">
        <ele>572.0</ele>
        <time>2022-11-26T19:59:27.000Z</time>
    </trkpt>
    <trkpt lat="42.144254" lon="2.519696">
        <ele>572.0</ele>
        <time>2022-11-26T20:00:07.000Z</time>
    </trkpt>
    <trkpt lat="42.144256" lon="2.519612">
        <ele>572.2</ele>
        <time>2022-11-26T20:00:47.000Z</time>
    </trkpt>
    <trkpt lat="42.144254" lon="2.519439">
        <ele>572.4</ele>
        <time>2022-11-26T20:01:27.000Z</time>
    </trkpt>
    <trkpt lat="42.144256" lon="2.51933">
        <ele>572.5</ele>
        <time>2022-11-26T20:02:07.000Z</time>
    </trkpt>
    <trkpt lat="42.144268" lon="2.519114">
        <ele>572.5</ele>
        <time>2022-11-26T20:02:47.000Z</time>
    </trkpt>
    <trkpt lat="42.144275" lon="2.518965">
        <ele>571.8</ele>
        <time>2022-11-26T20:03:27.000Z</time>
    </trkpt>
    <trkpt lat="42.144278" lon="2.5189">
        <ele>571.6</ele>
        <time>2022-11-26T20:04:07.000Z</time>
    </trkpt>
    <trkpt lat="42.144288" lon="2.518841">
        <ele>571.3</ele>
        <time>2022-11-26T20:04:47.000Z</time>
    </trkpt>
    <trkpt lat="42.144297" lon="2.518744">
        <ele>571.0</ele>
        <time>2022-11-26T20:05:27.000Z</time>
    </trkpt>
    <trkpt lat="42.144299" lon="2.51866">
        <ele>570.7</ele>
        <time>2022-11-26T20:06:07.000Z</time>
    </trkpt>
    <trkpt lat="42.144293" lon="2.518373">
        <ele>570.5</ele>
        <time>2022-11-26T20:06:47.000Z</time>
    </trkpt>
    <trkpt lat="42.144289" lon="2.518225">
        <ele>570.3</ele>
        <time>2022-11-26T20:07:27.000Z</time>
    </trkpt>
    <trkpt lat="42.144278" lon="2.5181">
        <ele>570.1</ele>
        <time>2022-11-26T20:08:07.000Z</time>
    </trkpt>
    <trkpt lat="42.144269" lon="2.518">
        <ele>570.0</ele>
        <time>2022-11-26T20:08:47.000Z</time>
    </trkpt>
    <trkpt lat="42.144264" lon="2.517906">
        <ele>570.1</ele>
        <time>2022-11-26T20:09:27.000Z</time>
    </trkpt>
    <trkpt lat="42.144262" lon="2.517698">
        <ele>570.0</ele>
        <time>2022-11-26T20:10:07.000Z</time>
    </trkpt>
    <trkpt lat="42.144263" lon="2.517618">
        <ele>570.1</ele>
        <time>2022-11-26T20:10:47.000Z</time>
    </trkpt>
    <trkpt lat="42.144266" lon="2.517573">
        <ele>570.1</ele>
        <time>2022-11-26T20:11:27.000Z</time>
    </trkpt>
    <trkpt lat="42.144278" lon="2.517517">
        <ele>570.1</ele>
        <time>2022-11-26T20:12:07.000Z</time>
    </trkpt>
    <trkpt lat="42.144295" lon="2.51747">
        <ele>570.1</ele>
        <time>2022-11-26T20:12:47.000Z</time>
    </trkpt>
    <trkpt lat="42.144301" lon="2.517419">
        <ele>570.1</ele>
        <time>2022-11-26T20:13:27.000Z</time>
    </trkpt>
    <trkpt lat="42.144307" lon="2.51739">
        <ele>570.1</ele>
        <time>2022-11-26T20:14:07.000Z</time>
    </trkpt>
    <trkpt lat="42.144311" lon="2.517346">
        <ele>570.1</ele>
        <time>2022-11-26T20:14:47.000Z</time>
    </trkpt>
    <trkpt lat="42.144311" lon="2.517252">
        <ele>570.0</ele>
        <time>2022-11-26T20:15:27.000Z</time>
    </trkpt>
    <trkpt lat="42.144314" lon="2.516958">
        <ele>571.0</ele>
        <time>2022-11-26T20:16:07.000Z</time>
    </trkpt>
    <trkpt lat="42.144305" lon="2.51692">
        <ele>571.0</ele>
        <time>2022-11-26T20:16:47.000Z</time>
    </trkpt>
    <trkpt lat="42.144275" lon="2.516845">
        <ele>570.9</ele>
        <time>2022-11-26T20:17:27.000Z</time>
    </trkpt>
    <trkpt lat="42.1442" lon="2.51659">
        <ele>570.2</ele>
        <time>2022-11-26T20:18:07.000Z</time>
    </trkpt>
    <trkpt lat="42.144138" lon="2.516379">
        <ele>570.2</ele>
        <time>2022-11-26T20:18:47.000Z</time>
    </trkpt>
    <trkpt lat="42.144114" lon="2.516272">
        <ele>570.5</ele>
        <time>2022-11-26T20:19:27.000Z</time>
    </trkpt>
    <trkpt lat="42.144111" lon="2.516183">
        <ele>570.9</ele>
        <time>2022-11-26T20:20:07.000Z</time>
    </trkpt>
    <trkpt lat="42.144115" lon="2.516093">
        <ele>571.2</ele>
        <time>2022-11-26T20:20:47.000Z</time>
    </trkpt>
    <trkpt lat="42.14412" lon="2.516071">
        <ele>571.2</ele>
        <time>2022-11-26T20:21:27.000Z</time>
    </trkpt>
    <trkpt lat="42.144119" lon="2.516044">
        <ele>571.2</ele>
        <time>2022-11-26T20:22:07.000Z</time>
    </trkpt>
    <trkpt lat="42.144114" lon="2.516018">
        <ele>571.3</ele>
        <time>2022-11-26T20:22:47.000Z</time>
    </trkpt>
    <trkpt lat="42.144084" lon="2.515964">
        <ele>571.5</ele>
        <time>2022-11-26T20:23:27.000Z</time>
    </trkpt>
    <trkpt lat="42.144034" lon="2.515863">
        <ele>571.5</ele>
        <time>2022-11-26T20:24:07.000Z</time>
    </trkpt>
    <trkpt lat="42.143984" lon="2.515752">
        <ele>571.6</ele>
        <time>2022-11-26T20:24:47.000Z</time>
    </trkpt>
    <trkpt lat="42.143969" lon="2.515705">
        <ele>571.6</ele>
        <time>2022-11-26T20:25:27.000Z</time>
    </trkpt>
    <trkpt lat="42.143956" lon="2.515673">
        <ele>571.7</ele>
        <time>2022-11-26T20:26:07.000Z</time>
    </trkpt>
    <trkpt lat="42.143918" lon="2.51542">
        <ele>572.1</ele>
        <time>2022-11-26T20:26:47.000Z</time>
    </trkpt>
    <trkpt lat="42.143953" lon="2.514891">
        <ele>572.4</ele>
        <time>2022-11-26T20:27:27.000Z</time>
    </trkpt>
    <trkpt lat="42.144026" lon="2.514475">
        <ele>572.9</ele>
        <time>2022-11-26T20:28:07.000Z</time>
    </trkpt>
    <trkpt lat="42.144017" lon="2.514475">
        <ele>573.0</ele>
        <time>2022-11-26T20:28:47.000Z</time>
    </trkpt>
    <trkpt lat="42.144006" lon="2.51421">
        <ele>573.9</ele>
        <time>2022-11-26T20:29:27.000Z</time>
    </trkpt>
    <trkpt lat="42.144006" lon="2.514034">
        <ele>573.7</ele>
        <time>2022-11-26T20:30:07.000Z</time>
    </trkpt>
    <trkpt lat="42.144051" lon="2.513681">
        <ele>573.3</ele>
        <time>2022-11-26T20:30:47.000Z</time>
    </trkpt>
    <trkpt lat="42.144115" lon="2.513404">
        <ele>573.4</ele>
        <time>2022-11-26T20:31:27.000Z</time>
    </trkpt>
    <trkpt lat="42.144264" lon="2.513214">
        <ele>572.8</ele>
        <time>2022-11-26T20:32:07.000Z</time>
    </trkpt>
    <trkpt lat="42.144282" lon="2.512911">
        <ele>573.1</ele>
        <time>2022-11-26T20:32:47.000Z</time>
    </trkpt>
    <trkpt lat="42.14429" lon="2.512722">
        <ele>572.1</ele>
        <time>2022-11-26T20:33:27.000Z</time>
    </trkpt>
    <trkpt lat="42.144275" lon="2.512657">
        <ele>570.2</ele>
        <time>2022-11-26T20:34:07.000Z</time>
    </trkpt>
    <trkpt lat="42.144246" lon="2.5126">
        <ele>568.9</ele>
        <time>2022-11-26T20:34:47.000Z</time>
    </trkpt>
    <trkpt lat="42.144202" lon="2.512572">
        <ele>568.6</ele>
        <time>2022-11-26T20:35:27.000Z</time>
    </trkpt>
    <trkpt lat="42.144053" lon="2.512574">
        <ele>568.6</ele>
        <time>2022-11-26T20:36:07.000Z</time>
    </trkpt>
    <trkpt lat="42.143937" lon="2.512571">
        <ele>568.2</ele>
        <time>2022-11-26T20:36:47.000Z</time>
    </trkpt>
    <trkpt lat="42.143881" lon="2.51256">
        <ele>567.7</ele>
        <time>2022-11-26T20:37:27.000Z</time>
    </trkpt>
    <trkpt lat="42.143847" lon="2.51252">
        <ele>566.3</ele>
        <time>2022-11-26T20:38:07.000Z</time>
    </trkpt>
    <trkpt lat="42.143831" lon="2.512481">
        <ele>565.4</ele>
        <time>2022-11-26T20:38:47.000Z</time>
    </trkpt>
    <trkpt lat="42.143815" lon="2.512439">
        <ele>564.8</ele>
        <time>2022-11-26T20:39:27.000Z</time>
    </trkpt>
    <trkpt lat="42.143828" lon="2.512344">
        <ele>563.7</ele>
        <time>2022-11-26T20:40:07.000Z</time>
    </trkpt>
    <trkpt lat="42.143852" lon="2.512237">
        <ele>562.2</ele>
        <time>2022-11-26T20:40:47.000Z</time>
    </trkpt>
    <trkpt lat="42.143858" lon="2.512122">
        <ele>562.0</ele>
        <time>2022-11-26T20:41:27.000Z</time>
    </trkpt>
    <trkpt lat="42.143863" lon="2.512018">
        <ele>562.1</ele>
        <time>2022-11-26T20:42:07.000Z</time>
    </trkpt>
    <trkpt lat="42.143878" lon="2.511939">
        <ele>562.0</ele>
        <time>2022-11-26T20:42:47.000Z</time>
    </trkpt>
    <trkpt lat="42.143912" lon="2.511832">
        <ele>562.5</ele>
        <time>2022-11-26T20:43:27.000Z</time>
    </trkpt>
    <trkpt lat="42.143941" lon="2.511753">
        <ele>563.2</ele>
        <time>2022-11-26T20:44:07.000Z</time>
    </trkpt>
    <trkpt lat="42.143947" lon="2.511716">
        <ele>563.4</ele>
        <time>2022-11-26T20:44:47.000Z</time>
    </trkpt>
    <trkpt lat="42.143952" lon="2.511637">
        <ele>563.7</ele>
        <time>2022-11-26T20:45:27.000Z</time>
    </trkpt>
    <trkpt lat="42.143951" lon="2.511534">
        <ele>563.6</ele>
        <time>2022-11-26T20:46:07.000Z</time>
    </trkpt>
    <trkpt lat="42.143956" lon="2.511489">
        <ele>563.5</ele>
        <time>2022-11-26T20:46:47.000Z</time>
    </trkpt>
    <trkpt lat="42.143964" lon="2.511457">
        <ele>563.4</ele>
        <time>2022-11-26T20:47:27.000Z</time>
    </trkpt>
    <trkpt lat="42.143976" lon="2.511456">
        <ele>563.6</ele>
        <time>2022-11-26T20:48:07.000Z</time>
    </trkpt>
    <trkpt lat="42.144042" lon="2.511422">
        <ele>563.8</ele>
        <time>2022-11-26T20:48:47.000Z</time>
    </trkpt>
    <trkpt lat="42.14411" lon="2.511373">
        <ele>563.7</ele>
        <time>2022-11-26T20:49:27.000Z</time>
    </trkpt>
    <trkpt lat="42.144153" lon="2.511344">
        <ele>563.4</ele>
        <time>2022-11-26T20:50:07.000Z</time>
    </trkpt>
    <trkpt lat="42.14421" lon="2.511322">
        <ele>563.4</ele>
        <time>2022-11-26T20:50:47.000Z</time>
    </trkpt>
    <trkpt lat="42.144284" lon="2.511298">
        <ele>563.3</ele>
        <time>2022-11-26T20:51:27.000Z</time>
    </trkpt>
    <trkpt lat="42.144328" lon="2.51129">
        <ele>563.3</ele>
        <time>2022-11-26T20:52:07.000Z</time>
    </trkpt>
    <trkpt lat="42.144421" lon="2.511284">
        <ele>563.6</ele>
        <time>2022-11-26T20:52:47.000Z</time>
    </trkpt>
    <trkpt lat="42.144463" lon="2.511279">
        <ele>564.1</ele>
        <time>2022-11-26T20:53:27.000Z</time>
    </trkpt>
    <trkpt lat="42.144497" lon="2.511253">
        <ele>564.1</ele>
        <time>2022-11-26T20:54:07.000Z</time>
    </trkpt>
    <trkpt lat="42.144524" lon="2.511226">
        <ele>564.0</ele>
        <time>2022-11-26T20:54:47.000Z</time>
    </trkpt>
    <trkpt lat="42.144555" lon="2.511185">
        <ele>563.6</ele>
        <time>2022-11-26T20:55:27.000Z</time>
    </trkpt>
    <trkpt lat="42.14459" lon="2.511121">
        <ele>562.8</ele>
        <time>2022-11-26T20:56:07.000Z</time>
    </trkpt>
    <trkpt lat="42.144614" lon="2.511075">
        <ele>562.4</ele>
        <time>2022-11-26T20:56:47.000Z</time>
    </trkpt>
    <trkpt lat="42.144644" lon="2.511027">
        <ele>562.0</ele>
        <time>2022-11-26T20:57:27.000Z</time>
    </trkpt>
    <trkpt lat="42.144673" lon="2.511017">
        <ele>562.2</ele>
        <time>2022-11-26T20:58:07.000Z</time>
    </trkpt>
    <trkpt lat="42.144709" lon="2.510991">
        <ele>562.2</ele>
        <time>2022-11-26T20:58:47.000Z</time>
    </trkpt>
    <trkpt lat="42.144747" lon="2.510956">
        <ele>562.2</ele>
        <time>2022-11-26T20:59:27.000Z</time>
    </trkpt>
    <trkpt lat="42.144796" lon="2.510914">
        <ele>562.0</ele>
        <time>2022-11-26T21:00:07.000Z</time>
    </trkpt>
    <trkpt lat="42.144912" lon="2.510856">
        <ele>562.3</ele>
        <time>2022-11-26T21:00:47.000Z</time>
    </trkpt>
    <trkpt lat="42.144948" lon="2.510826">
        <ele>562.2</ele>
        <time>2022-11-26T21:01:27.000Z</time>
    </trkpt>
    <trkpt lat="42.144992" lon="2.510774">
        <ele>562.1</ele>
        <time>2022-11-26T21:02:07.000Z</time>
    </trkpt>
    <trkpt lat="42.145075" lon="2.510662">
        <ele>562.1</ele>
        <time>2022-11-26T21:02:47.000Z</time>
    </trkpt>
    <trkpt lat="42.145204" lon="2.510515">
        <ele>562.1</ele>
        <time>2022-11-26T21:03:27.000Z</time>
    </trkpt>
    <trkpt lat="42.145277" lon="2.51045">
        <ele>562.6</ele>
        <time>2022-11-26T21:04:07.000Z</time>
    </trkpt>
    <trkpt lat="42.14532" lon="2.510431">
        <ele>562.2</ele>
        <time>2022-11-26T21:04:47.000Z</time>
    </trkpt>
    <trkpt lat="42.145351" lon="2.510428">
        <ele>561.9</ele>
        <time>2022-11-26T21:05:27.000Z</time>
    </trkpt>
    <trkpt lat="42.145381" lon="2.510435">
        <ele>562.0</ele>
        <time>2022-11-26T21:06:07.000Z</time>
    </trkpt>
    <trkpt lat="42.145413" lon="2.510462">
        <ele>562.3</ele>
        <time>2022-11-26T21:06:47.000Z</time>
    </trkpt>
    <trkpt lat="42.145442" lon="2.510503">
        <ele>562.8</ele>
        <time>2022-11-26T21:07:27.000Z</time>
    </trkpt>
    <trkpt lat="42.145465" lon="2.510554">
        <ele>563.3</ele>
        <time>2022-11-26T21:08:07.000Z</time>
    </trkpt>
    <trkpt lat="42.145476" lon="2.510577">
        <ele>563.8</ele>
        <time>2022-11-26T21:08:47.000Z</time>
    </trkpt>
    <trkpt lat="42.145509" lon="2.510616">
        <ele>564.6</ele>
        <time>2022-11-26T21:09:27.000Z</time>
    </trkpt>
    <trkpt lat="42.145548" lon="2.510661">
        <ele>565.7</ele>
        <time>2022-11-26T21:10:07.000Z</time>
    </trkpt>
    <trkpt lat="42.145652" lon="2.51076">
        <ele>565.9</ele>
        <time>2022-11-26T21:10:47.000Z</time>
    </trkpt>
    <trkpt lat="42.145721" lon="2.51082">
        <ele>565.7</ele>
        <time>2022-11-26T21:11:27.000Z</time>
    </trkpt>
    <trkpt lat="42.145993" lon="2.511048">
        <ele>565.1</ele>
        <time>2022-11-26T21:12:07.000Z</time>
    </trkpt>
    <trkpt lat="42.146045" lon="2.511091">
        <ele>565.1</ele>
        <time>2022-11-26T21:12:47.000Z</time>
    </trkpt>
    <trkpt lat="42.146203" lon="2.511237">
        <ele>564.4</ele>
        <time>2022-11-26T21:13:27.000Z</time>
    </trkpt>
    <trkpt lat="42.146255" lon="2.511298">
        <ele>564.3</ele>
        <time>2022-11-26T21:14:07.000Z</time>
    </trkpt>
    <trkpt lat="42.146262" lon="2.511309">
        <ele>564.4</ele>
        <time>2022-11-26T21:14:47.000Z</time>
    </trkpt>
    <trkpt lat="42.14629" lon="2.511328">
        <ele>564.0</ele>
        <time>2022-11-26T21:15:27.000Z</time>
    </trkpt>
    <trkpt lat="42.146346" lon="2.511373">
        <ele>563.7</ele>
        <time>2022-11-26T21:16:07.000Z</time>
    </trkpt>
    <trkpt lat="42.146393" lon="2.511411">
        <ele>563.4</ele>
        <time>2022-11-26T21:16:47.000Z</time>
    </trkpt>
    <trkpt lat="42.14644" lon="2.51144">
        <ele>563.2</ele>
        <time>2022-11-26T21:17:27.000Z</time>
    </trkpt>
    <trkpt lat="42.146501" lon="2.511461">
        <ele>562.8</ele>
        <time>2022-11-26T21:18:07.000Z</time>
    </trkpt>
    <trkpt lat="42.146557" lon="2.511479">
        <ele>562.5</ele>
        <time>2022-11-26T21:18:47.000Z</time>
    </trkpt>
    <trkpt lat="42.1466" lon="2.511495">
        <ele>562.2</ele>
        <time>2022-11-26T21:19:27.000Z</time>
    </trkpt>
    <trkpt lat="42.146649" lon="2.511515">
        <ele>562.1</ele>
        <time>2022-11-26T21:20:07.000Z</time>
    </trkpt>
    <trkpt lat="42.146682" lon="2.511524">
        <ele>562.0</ele>
        <time>2022-11-26T21:20:47.000Z</time>
    </trkpt>
    <trkpt lat="42.146779" lon="2.511544">
        <ele>561.9</ele>
        <time>2022-11-26T21:21:27.000Z</time>
    </trkpt>
    <trkpt lat="42.146815" lon="2.511534">
        <ele>561.6</ele>
        <time>2022-11-26T21:22:07.000Z</time>
    </trkpt>
    <trkpt lat="42.146865" lon="2.511511">
        <ele>561.0</ele>
        <time>2022-11-26T21:22:47.000Z</time>
    </trkpt>
    <trkpt lat="42.146943" lon="2.511477">
        <ele>559.9</ele>
        <time>2022-11-26T21:23:27.000Z</time>
    </trkpt>
    <trkpt lat="42.146993" lon="2.511453">
        <ele>560.1</ele>
        <time>2022-11-26T21:24:07.000Z</time>
    </trkpt>
    <trkpt lat="42.147023" lon="2.51144">
        <ele>560.3</ele>
        <time>2022-11-26T21:24:47.000Z</time>
    </trkpt>
    <trkpt lat="42.14706" lon="2.511411">
        <ele>560.3</ele>
        <time>2022-11-26T21:25:27.000Z</time>
    </trkpt>
    <trkpt lat="42.147106" lon="2.511371">
        <ele>559.9</ele>
        <time>2022-11-26T21:26:07.000Z</time>
    </trkpt>
    <trkpt lat="42.14716" lon="2.511328">
        <ele>559.6</ele>
        <time>2022-11-26T21:26:47.000Z</time>
    </trkpt>
    <trkpt lat="42.147262" lon="2.511247">
        <ele>559.6</ele>
        <time>2022-11-26T21:27:27.000Z</time>
    </trkpt>
    <trkpt lat="42.147321" lon="2.511208">
        <ele>560.2</ele>
        <time>2022-11-26T21:28:07.000Z</time>
    </trkpt>
    <trkpt lat="42.147401" lon="2.511148">
        <ele>560.2</ele>
        <time>2022-11-26T21:28:47.000Z</time>
    </trkpt>
    <trkpt lat="42.147489" lon="2.511077">
        <ele>559.9</ele>
        <time>2022-11-26T21:29:27.000Z</time>
    </trkpt>
    <trkpt lat="42.14765" lon="2.51096">
        <ele>559.3</ele>
        <time>2022-11-26T21:30:07.000Z</time>
    </trkpt>
    <trkpt lat="42.147677" lon="2.510942">
        <ele>559.1</ele>
        <time>2022-11-26T21:30:47.000Z</time>
    </trkpt>
    <trkpt lat="42.147688" lon="2.510936">
        <ele>559.1</ele>
        <time>2022-11-26T21:31:27.000Z</time>
    </trkpt>
    <trkpt lat="42.147712" lon="2.510933">
        <ele>559.4</ele>
        <time>2022-11-26T21:32:07.000Z</time>
    </trkpt>
    <trkpt lat="42.147739" lon="2.51093">
        <ele>559.6</ele>
        <time>2022-11-26T21:32:47.000Z</time>
    </trkpt>
    <trkpt lat="42.147781" lon="2.51093">
        <ele>560.3</ele>
        <time>2022-11-26T21:33:27.000Z</time>
    </trkpt>
    <trkpt lat="42.147833" lon="2.510919">
        <ele>560.3</ele>
        <time>2022-11-26T21:34:07.000Z</time>
    </trkpt>
    <trkpt lat="42.147879" lon="2.510904">
        <ele>560.2</ele>
        <time>2022-11-26T21:34:47.000Z</time>
    </trkpt>
    <trkpt lat="42.147933" lon="2.510887">
        <ele>560.2</ele>
        <time>2022-11-26T21:35:27.000Z</time>
    </trkpt>
    <trkpt lat="42.147978" lon="2.510865">
        <ele>560.0</ele>
        <time>2022-11-26T21:36:07.000Z</time>
    </trkpt>
    <trkpt lat="42.148005" lon="2.510853">
        <ele>560.0</ele>
        <time>2022-11-26T21:36:47.000Z</time>
    </trkpt>
    <trkpt lat="42.148045" lon="2.510821">
        <ele>559.7</ele>
        <time>2022-11-26T21:37:27.000Z</time>
    </trkpt>
    <trkpt lat="42.148094" lon="2.510772">
        <ele>559.6</ele>
        <time>2022-11-26T21:38:07.000Z</time>
    </trkpt>
    <trkpt lat="42.148165" lon="2.510705">
        <ele>559.4</ele>
        <time>2022-11-26T21:38:47.000Z</time>
    </trkpt>
    <trkpt lat="42.148183" lon="2.510689">
        <ele>559.2</ele>
        <time>2022-11-26T21:39:27.000Z</time>
    </trkpt>
    <trkpt lat="42.148227" lon="2.510627">
        <ele>558.6</ele>
        <time>2022-11-26T21:40:07.000Z</time>
    </trkpt>
    <trkpt lat="42.148236" lon="2.510614">
        <ele>558.4</ele>
        <time>2022-11-26T21:40:47.000Z</time>
    </trkpt>
    <trkpt lat="42.148264" lon="2.510589">
        <ele>558.1</ele>
        <time>2022-11-26T21:41:27.000Z</time>
    </trkpt>
    <trkpt lat="42.148339" lon="2.510513">
        <ele>558.0</ele>
        <time>2022-11-26T21:42:07.000Z</time>
    </trkpt>
    <trkpt lat="42.148432" lon="2.510449">
        <ele>556.5</ele>
        <time>2022-11-26T21:42:47.000Z</time>
    </trkpt>
    <trkpt lat="42.14846" lon="2.510436">
        <ele>556.0</ele>
        <time>2022-11-26T21:43:27.000Z</time>
    </trkpt>
    <trkpt lat="42.148507" lon="2.510474">
        <ele>555.3</ele>
        <time>2022-11-26T21:44:07.000Z</time>
    </trkpt>
    <trkpt lat="42.148592" lon="2.510511">
        <ele>554.2</ele>
        <time>2022-11-26T21:44:47.000Z</time>
    </trkpt>
    <trkpt lat="42.148676" lon="2.510523">
        <ele>553.9</ele>
        <time>2022-11-26T21:45:27.000Z</time>
    </trkpt>
    <trkpt lat="42.148779" lon="2.510547">
        <ele>554.1</ele>
        <time>2022-11-26T21:46:07.000Z</time>
    </trkpt>
    <trkpt lat="42.148873" lon="2.510584">
        <ele>554.2</ele>
        <time>2022-11-26T21:46:47.000Z</time>
    </trkpt>
    <trkpt lat="42.14893" lon="2.510622">
        <ele>554.4</ele>
        <time>2022-11-26T21:47:27.000Z</time>
    </trkpt>
    <trkpt lat="42.148995" lon="2.510646">
        <ele>554.5</ele>
        <time>2022-11-26T21:48:07.000Z</time>
    </trkpt>
    <trkpt lat="42.149089" lon="2.510671">
        <ele>554.6</ele>
        <time>2022-11-26T21:48:47.000Z</time>
    </trkpt>
    <trkpt lat="42.149164" lon="2.51062">
        <ele>554.3</ele>
        <time>2022-11-26T21:49:27.000Z</time>
    </trkpt>
    <trkpt lat="42.149267" lon="2.510594">
        <ele>554.1</ele>
        <time>2022-11-26T21:50:07.000Z</time>
    </trkpt>
    <trkpt lat="42.149323" lon="2.510606">
        <ele>554.2</ele>
        <time>2022-11-26T21:50:47.000Z</time>
    </trkpt>
    <trkpt lat="42.149454" lon="2.51058">
        <ele>554.1</ele>
        <time>2022-11-26T21:51:27.000Z</time>
    </trkpt>
    <trkpt lat="42.149548" lon="2.510579">
        <ele>553.7</ele>
        <time>2022-11-26T21:52:07.000Z</time>
    </trkpt>
    <trkpt lat="42.149614" lon="2.510616">
        <ele>553.5</ele>
        <time>2022-11-26T21:52:47.000Z</time>
    </trkpt>
    <trkpt lat="42.149717" lon="2.510616">
        <ele>553.3</ele>
        <time>2022-11-26T21:53:27.000Z</time>
    </trkpt>
    <trkpt lat="42.149914" lon="2.510639">
        <ele>553.4</ele>
        <time>2022-11-26T21:54:07.000Z</time>
    </trkpt>
    <trkpt lat="42.149979" lon="2.510677">
        <ele>553.4</ele>
        <time>2022-11-26T21:54:47.000Z</time>
    </trkpt>
    <trkpt lat="42.150054" lon="2.510701">
        <ele>553.4</ele>
        <time>2022-11-26T21:55:27.000Z</time>
    </trkpt>
    <trkpt lat="42.150167" lon="2.510625">
        <ele>552.7</ele>
        <time>2022-11-26T21:56:07.000Z</time>
    </trkpt>
    <trkpt lat="42.150279" lon="2.510624">
        <ele>552.3</ele>
        <time>2022-11-26T21:56:47.000Z</time>
    </trkpt>
    <trkpt lat="42.150317" lon="2.510649">
        <ele>552.6</ele>
        <time>2022-11-26T21:57:27.000Z</time>
    </trkpt>
    <trkpt lat="42.150382" lon="2.510648">
        <ele>553.1</ele>
        <time>2022-11-26T21:58:07.000Z</time>
    </trkpt>
    <trkpt lat="42.150476" lon="2.510685">
        <ele>553.7</ele>
        <time>2022-11-26T21:58:47.000Z</time>
    </trkpt>
    <trkpt lat="42.150561" lon="2.510785">
        <ele>554.1</ele>
        <time>2022-11-26T21:59:27.000Z</time>
    </trkpt>
    <trkpt lat="42.150739" lon="2.510784">
        <ele>555.3</ele>
        <time>2022-11-26T22:00:07.000Z</time>
    </trkpt>
    <trkpt lat="42.150917" lon="2.510745">
        <ele>556.0</ele>
        <time>2022-11-26T22:00:47.000Z</time>
    </trkpt>
    <trkpt lat="42.150982" lon="2.510707">
        <ele>556.1</ele>
        <time>2022-11-26T22:01:27.000Z</time>
    </trkpt>
    <trkpt lat="42.151029" lon="2.510668">
        <ele>556.2</ele>
        <time>2022-11-26T22:02:07.000Z</time>
    </trkpt>
    <trkpt lat="42.151179" lon="2.51063">
        <ele>556.8</ele>
        <time>2022-11-26T22:02:47.000Z</time>
    </trkpt>
    <trkpt lat="42.151226" lon="2.510642">
        <ele>557.1</ele>
        <time>2022-11-26T22:03:27.000Z</time>
    </trkpt>
    <trkpt lat="42.151273" lon="2.510667">
        <ele>557.4</ele>
        <time>2022-11-26T22:04:07.000Z</time>
    </trkpt>
    <trkpt lat="42.151291" lon="2.510679">
        <ele>557.6</ele>
        <time>2022-11-26T22:04:47.000Z</time>
    </trkpt>
    <trkpt lat="42.151432" lon="2.510741">
        <ele>558.9</ele>
        <time>2022-11-26T22:05:27.000Z</time>
    </trkpt>
    <trkpt lat="42.151629" lon="2.510752">
        <ele>562.2</ele>
        <time>2022-11-26T22:06:07.000Z</time>
    </trkpt>
    <trkpt lat="42.151742" lon="2.510776">
        <ele>561.4</ele>
        <time>2022-11-26T22:06:47.000Z</time>
    </trkpt>
    <trkpt lat="42.151826" lon="2.510801">
        <ele>559.9</ele>
        <time>2022-11-26T22:07:27.000Z</time>
    </trkpt>
    <trkpt lat="42.151916" lon="2.510827">
        <ele>558.4</ele>
        <time>2022-11-26T22:08:07.000Z</time>
    </trkpt>
    <trkpt lat="42.152" lon="2.510839">
        <ele>558.0</ele>
        <time>2022-11-26T22:08:47.000Z</time>
    </trkpt>
    <trkpt lat="42.152027" lon="2.510823">
        <ele>558.0</ele>
        <time>2022-11-26T22:09:27.000Z</time>
    </trkpt>
    <trkpt lat="42.152058" lon="2.510796">
        <ele>558.1</ele>
        <time>2022-11-26T22:10:07.000Z</time>
    </trkpt>
    <trkpt lat="42.152107" lon="2.510748">
        <ele>558.2</ele>
        <time>2022-11-26T22:10:47.000Z</time>
    </trkpt>
    <trkpt lat="42.152341" lon="2.510619">
        <ele>558.1</ele>
        <time>2022-11-26T22:11:27.000Z</time>
    </trkpt>
    <trkpt lat="42.152408" lon="2.510595">
        <ele>558.1</ele>
        <time>2022-11-26T22:12:07.000Z</time>
    </trkpt>
    <trkpt lat="42.152513" lon="2.510564">
        <ele>558.0</ele>
        <time>2022-11-26T22:12:47.000Z</time>
    </trkpt>
    <trkpt lat="42.152574" lon="2.51053">
        <ele>558.1</ele>
        <time>2022-11-26T22:13:27.000Z</time>
    </trkpt>
    <trkpt lat="42.152632" lon="2.510508">
        <ele>558.2</ele>
        <time>2022-11-26T22:14:07.000Z</time>
    </trkpt>
    <trkpt lat="42.152692" lon="2.510477">
        <ele>558.3</ele>
        <time>2022-11-26T22:14:47.000Z</time>
    </trkpt>
    <trkpt lat="42.152734" lon="2.510444">
        <ele>558.5</ele>
        <time>2022-11-26T22:15:27.000Z</time>
    </trkpt>
    <trkpt lat="42.152762" lon="2.510404">
        <ele>558.6</ele>
        <time>2022-11-26T22:16:07.000Z</time>
    </trkpt>
    <trkpt lat="42.152812" lon="2.510307">
        <ele>559.6</ele>
        <time>2022-11-26T22:16:47.000Z</time>
    </trkpt>
    <trkpt lat="42.152906" lon="2.510122">
        <ele>559.5</ele>
        <time>2022-11-26T22:17:27.000Z</time>
    </trkpt>
    <trkpt lat="42.152989" lon="2.509953">
        <ele>557.7</ele>
        <time>2022-11-26T22:18:07.000Z</time>
    </trkpt>
    <trkpt lat="42.153055" lon="2.509813">
        <ele>556.7</ele>
        <time>2022-11-26T22:18:47.000Z</time>
    </trkpt>
    <trkpt lat="42.153135" lon="2.509659">
        <ele>555.7</ele>
        <time>2022-11-26T22:19:27.000Z</time>
    </trkpt>
    <trkpt lat="42.15318" lon="2.509555">
        <ele>555.2</ele>
        <time>2022-11-26T22:20:07.000Z</time>
    </trkpt>
    <trkpt lat="42.153224" lon="2.509443">
        <ele>555.1</ele>
        <time>2022-11-26T22:20:47.000Z</time>
    </trkpt>
    <trkpt lat="42.153261" lon="2.509384">
        <ele>555.3</ele>
        <time>2022-11-26T22:21:27.000Z</time>
    </trkpt>
    <trkpt lat="42.15329" lon="2.50935">
        <ele>555.3</ele>
        <time>2022-11-26T22:22:07.000Z</time>
    </trkpt>
    <trkpt lat="42.153325" lon="2.509318">
        <ele>555.5</ele>
        <time>2022-11-26T22:22:47.000Z</time>
    </trkpt>
    <trkpt lat="42.153358" lon="2.509291">
        <ele>555.4</ele>
        <time>2022-11-26T22:23:27.000Z</time>
    </trkpt>
    <trkpt lat="42.153393" lon="2.509261">
        <ele>555.3</ele>
        <time>2022-11-26T22:24:07.000Z</time>
    </trkpt>
    <trkpt lat="42.153429" lon="2.509229">
        <ele>555.3</ele>
        <time>2022-11-26T22:24:47.000Z</time>
    </trkpt>
    <trkpt lat="42.153479" lon="2.509164">
        <ele>554.9</ele>
        <time>2022-11-26T22:25:27.000Z</time>
    </trkpt>
    <trkpt lat="42.1535" lon="2.509124">
        <ele>554.8</ele>
        <time>2022-11-26T22:26:07.000Z</time>
    </trkpt>
    <trkpt lat="42.153534" lon="2.509062">
        <ele>554.3</ele>
        <time>2022-11-26T22:26:47.000Z</time>
    </trkpt>
    <trkpt lat="42.153585" lon="2.50905">
        <ele>554.1</ele>
        <time>2022-11-26T22:27:27.000Z</time>
    </trkpt>
    <trkpt lat="42.153689" lon="2.509015">
        <ele>554.1</ele>
        <time>2022-11-26T22:28:07.000Z</time>
    </trkpt>
    <trkpt lat="42.15373" lon="2.509001">
        <ele>554.1</ele>
        <time>2022-11-26T22:28:47.000Z</time>
    </trkpt>
    <trkpt lat="42.15384" lon="2.508964">
        <ele>554.0</ele>
        <time>2022-11-26T22:29:27.000Z</time>
    </trkpt>
    <trkpt lat="42.153842" lon="2.508964">
        <ele>554.1</ele>
        <time>2022-11-26T22:30:07.000Z</time>
    </trkpt>
    <trkpt lat="42.153923" lon="2.508947">
        <ele>554.6</ele>
        <time>2022-11-26T22:30:47.000Z</time>
    </trkpt>
    <trkpt lat="42.154004" lon="2.508954">
        <ele>555.9</ele>
        <time>2022-11-26T22:31:27.000Z</time>
    </trkpt>
    <trkpt lat="42.154076" lon="2.508979">
        <ele>556.8</ele>
        <time>2022-11-26T22:32:07.000Z</time>
    </trkpt>
    <trkpt lat="42.154135" lon="2.508995">
        <ele>557.5</ele>
        <time>2022-11-26T22:32:47.000Z</time>
    </trkpt>
    <trkpt lat="42.154203" lon="2.50902">
        <ele>557.4</ele>
        <time>2022-11-26T22:33:27.000Z</time>
    </trkpt>
    <trkpt lat="42.154253" lon="2.50904">
        <ele>556.9</ele>
        <time>2022-11-26T22:34:07.000Z</time>
    </trkpt>
    <trkpt lat="42.154316" lon="2.509056">
        <ele>556.4</ele>
        <time>2022-11-26T22:34:47.000Z</time>
    </trkpt>
    <trkpt lat="42.154375" lon="2.50906">
        <ele>556.1</ele>
        <time>2022-11-26T22:35:27.000Z</time>
    </trkpt>
    <trkpt lat="42.154462" lon="2.509043">
        <ele>555.8</ele>
        <time>2022-11-26T22:36:07.000Z</time>
    </trkpt>
    <trkpt lat="42.15454" lon="2.509021">
        <ele>555.7</ele>
        <time>2022-11-26T22:36:47.000Z</time>
    </trkpt>
    <trkpt lat="42.154639" lon="2.508995">
        <ele>555.4</ele>
        <time>2022-11-26T22:37:27.000Z</time>
    </trkpt>
    <trkpt lat="42.154707" lon="2.508982">
        <ele>555.1</ele>
        <time>2022-11-26T22:38:07.000Z</time>
    </trkpt>
    <trkpt lat="42.154763" lon="2.508957">
        <ele>555.1</ele>
        <time>2022-11-26T22:38:47.000Z</time>
    </trkpt>
    <trkpt lat="42.154853" lon="2.508906">
        <ele>555.1</ele>
        <time>2022-11-26T22:39:27.000Z</time>
    </trkpt>
    <trkpt lat="42.154922" lon="2.508872">
        <ele>555.1</ele>
        <time>2022-11-26T22:40:07.000Z</time>
    </trkpt>
    <trkpt lat="42.155049" lon="2.508842">
        <ele>555.2</ele>
        <time>2022-11-26T22:40:47.000Z</time>
    </trkpt>
    <trkpt lat="42.155161" lon="2.508824">
        <ele>555.9</ele>
        <time>2022-11-26T22:41:27.000Z</time>
    </trkpt>
    <trkpt lat="42.155177" lon="2.508824">
        <ele>556.0</ele>
        <time>2022-11-26T22:42:07.000Z</time>
    </trkpt>
    <trkpt lat="42.155242" lon="2.508828">
        <ele>556.4</ele>
        <time>2022-11-26T22:42:47.000Z</time>
    </trkpt>
    <trkpt lat="42.15528" lon="2.508843">
        <ele>556.3</ele>
        <time>2022-11-26T22:43:27.000Z</time>
    </trkpt>
    <trkpt lat="42.155282" lon="2.508836">
        <ele>556.4</ele>
        <time>2022-11-26T22:44:07.000Z</time>
    </trkpt>
    <trkpt lat="42.155314" lon="2.508792">
        <ele>556.9</ele>
        <time>2022-11-26T22:44:47.000Z</time>
    </trkpt>
    <trkpt lat="42.155349" lon="2.508751">
        <ele>557.1</ele>
        <time>2022-11-26T22:45:27.000Z</time>
    </trkpt>
    <trkpt lat="42.155388" lon="2.508715">
        <ele>557.3</ele>
        <time>2022-11-26T22:46:07.000Z</time>
    </trkpt>
    <trkpt lat="42.155427" lon="2.50868">
        <ele>557.1</ele>
        <time>2022-11-26T22:46:47.000Z</time>
    </trkpt>
    <trkpt lat="42.155466" lon="2.508647">
        <ele>556.9</ele>
        <time>2022-11-26T22:47:27.000Z</time>
    </trkpt>
    <trkpt lat="42.155681" lon="2.508477">
        <ele>556.3</ele>
        <time>2022-11-26T22:48:07.000Z</time>
    </trkpt>
    <trkpt lat="42.155737" lon="2.508444">
        <ele>556.1</ele>
        <time>2022-11-26T22:48:47.000Z</time>
    </trkpt>
    <trkpt lat="42.155928" lon="2.508351">
        <ele>555.5</ele>
        <time>2022-11-26T22:49:27.000Z</time>
    </trkpt>
    <trkpt lat="42.155985" lon="2.50831">
        <ele>555.7</ele>
        <time>2022-11-26T22:50:07.000Z</time>
    </trkpt>
    <trkpt lat="42.15608" lon="2.508229">
        <ele>556.7</ele>
        <time>2022-11-26T22:50:47.000Z</time>
    </trkpt>
    <trkpt lat="42.156119" lon="2.508192">
        <ele>557.1</ele>
        <time>2022-11-26T22:51:27.000Z</time>
    </trkpt>
    <trkpt lat="42.156176" lon="2.508128">
        <ele>557.8</ele>
        <time>2022-11-26T22:52:07.000Z</time>
    </trkpt>
    <trkpt lat="42.15623" lon="2.50806">
        <ele>558.4</ele>
        <time>2022-11-26T22:52:47.000Z</time>
    </trkpt>
    <trkpt lat="42.156283" lon="2.507986">
        <ele>558.4</ele>
        <time>2022-11-26T22:53:27.000Z</time>
    </trkpt>
    <trkpt lat="42.15633" lon="2.507906">
        <ele>558.1</ele>
        <time>2022-11-26T22:54:07.000Z</time>
    </trkpt>
    <trkpt lat="42.156519" lon="2.507524">
        <ele>560.3</ele>
        <time>2022-11-26T22:54:47.000Z</time>
    </trkpt>
    <trkpt lat="42.156719" lon="2.507091">
        <ele>555.7</ele>
        <time>2022-11-26T22:55:27.000Z</time>
    </trkpt>
    <trkpt lat="42.156753" lon="2.507001">
        <ele>553.9</ele>
        <time>2022-11-26T22:56:07.000Z</time>
    </trkpt>
    <trkpt lat="42.156789" lon="2.506912">
        <ele>553.2</ele>
        <time>2022-11-26T22:56:47.000Z</time>
    </trkpt>
    <trkpt lat="42.156886" lon="2.506728">
        <ele>553.6</ele>
        <time>2022-11-26T22:57:27.000Z</time>
    </trkpt>
    <trkpt lat="42.156946" lon="2.506604">
        <ele>553.0</ele>
        <time>2022-11-26T22:58:07.000Z</time>
    </trkpt>
    <trkpt lat="42.157003" lon="2.506512">
        <ele>554.0</ele>
        <time>2022-11-26T22:58:47.000Z</time>
    </trkpt>
    <trkpt lat="42.157067" lon="2.506428">
        <ele>554.6</ele>
        <time>2022-11-26T22:59:27.000Z</time>
    </trkpt>
    <trkpt lat="42.157115" lon="2.506368">
        <ele>555.0</ele>
        <time>2022-11-26T23:00:07.000Z</time>
    </trkpt>
    <trkpt lat="42.157165" lon="2.506312">
        <ele>555.3</ele>
        <time>2022-11-26T23:00:47.000Z</time>
    </trkpt>
    <trkpt lat="42.157327" lon="2.506142">
        <ele>554.2</ele>
        <time>2022-11-26T23:01:27.000Z</time>
    </trkpt>
    <trkpt lat="42.157377" lon="2.506081">
        <ele>554.0</ele>
        <time>2022-11-26T23:02:07.000Z</time>
    </trkpt>
    <trkpt lat="42.157432" lon="2.505994">
        <ele>553.9</ele>
        <time>2022-11-26T23:02:47.000Z</time>
    </trkpt>
    <trkpt lat="42.157569" lon="2.505769">
        <ele>552.7</ele>
        <time>2022-11-26T23:03:27.000Z</time>
    </trkpt>
    <trkpt lat="42.157595" lon="2.505723">
        <ele>552.5</ele>
        <time>2022-11-26T23:04:07.000Z</time>
    </trkpt>
    <trkpt lat="42.157597" lon="2.505713">
        <ele>552.5</ele>
        <time>2022-11-26T23:04:47.000Z</time>
    </trkpt>
    <trkpt lat="42.157638" lon="2.50573">
        <ele>552.5</ele>
        <time>2022-11-26T23:05:27.000Z</time>
    </trkpt>
    <trkpt lat="42.157648" lon="2.505713">
        <ele>552.4</ele>
        <time>2022-11-26T23:06:07.000Z</time>
    </trkpt>
    <trkpt lat="42.157661" lon="2.505697">
        <ele>552.3</ele>
        <time>2022-11-26T23:06:47.000Z</time>
    </trkpt>
    <trkpt lat="42.157694" lon="2.505662">
        <ele>552.0</ele>
        <time>2022-11-26T23:07:27.000Z</time>
    </trkpt>
    <trkpt lat="42.157727" lon="2.505626">
        <ele>551.6</ele>
        <time>2022-11-26T23:08:07.000Z</time>
    </trkpt>
    <trkpt lat="42.157942" lon="2.505347">
        <ele>549.3</ele>
        <time>2022-11-26T23:08:47.000Z</time>
    </trkpt>
    <trkpt lat="42.15802" lon="2.505251">
        <ele>547.6</ele>
        <time>2022-11-26T23:09:27.000Z</time>
    </trkpt>
    <trkpt lat="42.158067" lon="2.505217">
        <ele>547.3</ele>
        <time>2022-11-26T23:10:07.000Z</time>
    </trkpt>
    <trkpt lat="42.158116" lon="2.505189">
        <ele>547.5</ele>
        <time>2022-11-26T23:10:47.000Z</time>
    </trkpt>
    <trkpt lat="42.158177" lon="2.505151">
        <ele>547.6</ele>
        <time>2022-11-26T23:11:27.000Z</time>
    </trkpt>
    <trkpt lat="42.158239" lon="2.505115">
        <ele>547.5</ele>
        <time>2022-11-26T23:12:07.000Z</time>
    </trkpt>
    <trkpt lat="42.15831" lon="2.505079">
        <ele>547.0</ele>
        <time>2022-11-26T23:12:47.000Z</time>
    </trkpt>
    <trkpt lat="42.15838" lon="2.505042">
        <ele>546.5</ele>
        <time>2022-11-26T23:13:27.000Z</time>
    </trkpt>
    <trkpt lat="42.158822" lon="2.504765">
        <ele>546.0</ele>
        <time>2022-11-26T23:14:07.000Z</time>
    </trkpt>
    <trkpt lat="42.158887" lon="2.504711">
        <ele>545.2</ele>
        <time>2022-11-26T23:14:47.000Z</time>
    </trkpt>
    <trkpt lat="42.158947" lon="2.504645">
        <ele>545.8</ele>
        <time>2022-11-26T23:15:27.000Z</time>
    </trkpt>
    <trkpt lat="42.158991" lon="2.504588">
        <ele>545.8</ele>
        <time>2022-11-26T23:16:07.000Z</time>
    </trkpt>
    <trkpt lat="42.159033" lon="2.504529">
        <ele>545.4</ele>
        <time>2022-11-26T23:16:47.000Z</time>
    </trkpt>
    <trkpt lat="42.159137" lon="2.50437">
        <ele>543.5</ele>
        <time>2022-11-26T23:17:27.000Z</time>
    </trkpt>
    <trkpt lat="42.15916" lon="2.504333">
        <ele>543.2</ele>
        <time>2022-11-26T23:18:07.000Z</time>
    </trkpt>
    <trkpt lat="42.159389" lon="2.503914">
        <ele>540.0</ele>
        <time>2022-11-26T23:18:47.000Z</time>
    </trkpt>
    <trkpt lat="42.159424" lon="2.50384">
        <ele>539.1</ele>
        <time>2022-11-26T23:19:27.000Z</time>
    </trkpt>
    <trkpt lat="42.159456" lon="2.503763">
        <ele>538.5</ele>
        <time>2022-11-26T23:20:07.000Z</time>
    </trkpt>
    <trkpt lat="42.159485" lon="2.503684">
        <ele>537.8</ele>
        <time>2022-11-26T23:20:47.000Z</time>
    </trkpt>
    <trkpt lat="42.159503" lon="2.503599">
        <ele>537.4</ele>
        <time>2022-11-26T23:21:27.000Z</time>
    </trkpt>
    <trkpt lat="42.159506" lon="2.503521">
        <ele>537.3</ele>
        <time>2022-11-26T23:22:07.000Z</time>
    </trkpt>
    <trkpt lat="42.159506" lon="2.503442">
        <ele>537.3</ele>
        <time>2022-11-26T23:22:47.000Z</time>
    </trkpt>
    <trkpt lat="42.159504" lon="2.503361">
        <ele>537.5</ele>
        <time>2022-11-26T23:23:27.000Z</time>
    </trkpt>
    <trkpt lat="42.1595" lon="2.503281">
        <ele>537.3</ele>
        <time>2022-11-26T23:24:07.000Z</time>
    </trkpt>
    <trkpt lat="42.159491" lon="2.503207">
        <ele>537.3</ele>
        <time>2022-11-26T23:24:47.000Z</time>
    </trkpt>
    <trkpt lat="42.159479" lon="2.503134">
        <ele>537.2</ele>
        <time>2022-11-26T23:25:27.000Z</time>
    </trkpt>
    <trkpt lat="42.159451" lon="2.502984">
        <ele>536.3</ele>
        <time>2022-11-26T23:26:07.000Z</time>
    </trkpt>
    <trkpt lat="42.159444" lon="2.502905">
        <ele>535.4</ele>
        <time>2022-11-26T23:26:47.000Z</time>
    </trkpt>
    <trkpt lat="42.159444" lon="2.502824">
        <ele>534.5</ele>
        <time>2022-11-26T23:27:27.000Z</time>
    </trkpt>
    <trkpt lat="42.159458" lon="2.502663">
        <ele>534.0</ele>
        <time>2022-11-26T23:28:07.000Z</time>
    </trkpt>
    <trkpt lat="42.159467" lon="2.502616">
        <ele>533.9</ele>
        <time>2022-11-26T23:28:47.000Z</time>
    </trkpt>
    <trkpt lat="42.159481" lon="2.502571">
        <ele>533.8</ele>
        <time>2022-11-26T23:29:27.000Z</time>
    </trkpt>
    <trkpt lat="42.159499" lon="2.50253">
        <ele>533.6</ele>
        <time>2022-11-26T23:30:07.000Z</time>
    </trkpt>
    <trkpt lat="42.159519" lon="2.502492">
        <ele>533.6</ele>
        <time>2022-11-26T23:30:47.000Z</time>
    </trkpt>
    <trkpt lat="42.159556" lon="2.502428">
        <ele>533.3</ele>
        <time>2022-11-26T23:31:27.000Z</time>
    </trkpt>
    <trkpt lat="42.159599" lon="2.502373">
        <ele>533.2</ele>
        <time>2022-11-26T23:32:07.000Z</time>
    </trkpt>
    <trkpt lat="42.159756" lon="2.502219">
        <ele>533.0</ele>
        <time>2022-11-26T23:32:47.000Z</time>
    </trkpt>
    <trkpt lat="42.159811" lon="2.50216">
        <ele>533.4</ele>
        <time>2022-11-26T23:33:27.000Z</time>
    </trkpt>
    <trkpt lat="42.159864" lon="2.502098">
        <ele>533.8</ele>
        <time>2022-11-26T23:34:07.000Z</time>
    </trkpt>
    <trkpt lat="42.159961" lon="2.501976">
        <ele>534.1</ele>
        <time>2022-11-26T23:34:47.000Z</time>
    </trkpt>
    <trkpt lat="42.159961" lon="2.501976">
        <ele>534.0</ele>
        <time>2022-11-26T23:35:27.000Z</time>
    </trkpt>
    <trkpt lat="42.159985" lon="2.501961">
        <ele>534.0</ele>
        <time>2022-11-26T23:36:07.000Z</time>
    </trkpt>
    <trkpt lat="42.160029" lon="2.501925">
        <ele>534.1</ele>
        <time>2022-11-26T23:36:47.000Z</time>
    </trkpt>
    <trkpt lat="42.160068" lon="2.501889">
        <ele>534.3</ele>
        <time>2022-11-26T23:37:27.000Z</time>
    </trkpt>
    <trkpt lat="42.160104" lon="2.501849">
        <ele>534.4</ele>
        <time>2022-11-26T23:38:07.000Z</time>
    </trkpt>
    <trkpt lat="42.160135" lon="2.501809">
        <ele>534.3</ele>
        <time>2022-11-26T23:38:47.000Z</time>
    </trkpt>
    <trkpt lat="42.160164" lon="2.501767">
        <ele>534.2</ele>
        <time>2022-11-26T23:39:27.000Z</time>
    </trkpt>
    <trkpt lat="42.16019" lon="2.501728">
        <ele>534.1</ele>
        <time>2022-11-26T23:40:07.000Z</time>
    </trkpt>
    <trkpt lat="42.160212" lon="2.501686">
        <ele>533.7</ele>
        <time>2022-11-26T23:40:47.000Z</time>
    </trkpt>
    <trkpt lat="42.160256" lon="2.501581">
        <ele>532.7</ele>
        <time>2022-11-26T23:41:27.000Z</time>
    </trkpt>
    <trkpt lat="42.160277" lon="2.501542">
        <ele>532.2</ele>
        <time>2022-11-26T23:42:07.000Z</time>
    </trkpt>
    <trkpt lat="42.160301" lon="2.501506">
        <ele>531.8</ele>
        <time>2022-11-26T23:42:47.000Z</time>
    </trkpt>
    <trkpt lat="42.160302" lon="2.501505">
        <ele>531.8</ele>
        <time>2022-11-26T23:43:27.000Z</time>
    </trkpt>
    <trkpt lat="42.160394" lon="2.501438">
        <ele>530.1</ele>
        <time>2022-11-26T23:44:07.000Z</time>
    </trkpt>
    <trkpt lat="42.160646" lon="2.501418">
        <ele>527.1</ele>
        <time>2022-11-26T23:44:47.000Z</time>
    </trkpt>
    <trkpt lat="42.160961" lon="2.501385">
        <ele>523.6</ele>
        <time>2022-11-26T23:45:27.000Z</time>
    </trkpt>
    <trkpt lat="42.161168" lon="2.501384">
        <ele>521.8</ele>
        <time>2022-11-26T23:46:07.000Z</time>
    </trkpt>
    <trkpt lat="42.161415" lon="2.501351">
        <ele>520.0</ele>
        <time>2022-11-26T23:46:47.000Z</time>
    </trkpt>
    <trkpt lat="42.161627" lon="2.501313">
        <ele>517.3</ele>
        <time>2022-11-26T23:47:27.000Z</time>
    </trkpt>
    <trkpt lat="42.16192" lon="2.501293">
        <ele>514.8</ele>
        <time>2022-11-26T23:48:07.000Z</time>
    </trkpt>
    <trkpt lat="42.162311" lon="2.501253">
        <ele>514.1</ele>
        <time>2022-11-26T23:48:47.000Z</time>
    </trkpt>
    <trkpt lat="42.162649" lon="2.501245">
        <ele>513.8</ele>
        <time>2022-11-26T23:49:27.000Z</time>
    </trkpt>
    <trkpt lat="42.162934" lon="2.501243">
        <ele>513.0</ele>
        <time>2022-11-26T23:50:07.000Z</time>
    </trkpt>
    <trkpt lat="42.162942" lon="2.501243">
        <ele>512.9</ele>
        <time>2022-11-26T23:50:47.000Z</time>
    </trkpt>
    <trkpt lat="42.163202" lon="2.501132">
        <ele>512.5</ele>
        <time>2022-11-26T23:51:27.000Z</time>
    </trkpt>
    <trkpt lat="42.163593" lon="2.500935">
        <ele>512.0</ele>
        <time>2022-11-26T23:52:07.000Z</time>
    </trkpt>
    <trkpt lat="42.164276" lon="2.500609">
        <ele>512.5</ele>
        <time>2022-11-26T23:52:47.000Z</time>
    </trkpt>
    <trkpt lat="42.16464" lon="2.500394">
        <ele>512.8</ele>
        <time>2022-11-26T23:53:27.000Z</time>
    </trkpt>
    <trkpt lat="42.164815" lon="2.500247">
        <ele>512.7</ele>
        <time>2022-11-26T23:54:07.000Z</time>
    </trkpt>
    <trkpt lat="42.16499" lon="2.49998">
        <ele>511.9</ele>
        <time>2022-11-26T23:54:47.000Z</time>
    </trkpt>
    <trkpt lat="42.165137" lon="2.499779">
        <ele>508.6</ele>
        <time>2022-11-26T23:55:27.000Z</time>
    </trkpt>
    <trkpt lat="42.165196" lon="2.499718">
        <ele>507.5</ele>
        <time>2022-11-26T23:56:07.000Z</time>
    </trkpt>
    <trkpt lat="42.165294" lon="2.499541">
        <ele>503.5</ele>
        <time>2022-11-26T23:56:47.000Z</time>
    </trkpt>
    <trkpt lat="42.165352" lon="2.499559">
        <ele>503.0</ele>
        <time>2022-11-26T23:57:27.000Z</time>
    </trkpt>
    <trkpt lat="42.165506" lon="2.499655">
        <ele>502.9</ele>
        <time>2022-11-26T23:58:07.000Z</time>
    </trkpt>
    <trkpt lat="42.165664" lon="2.499726">
        <ele>502.1</ele>
        <time>2022-11-26T23:58:47.000Z</time>
    </trkpt>
    <trkpt lat="42.16584" lon="2.499731">
        <ele>499.2</ele>
        <time>2022-11-26T23:59:27.000Z</time>
    </trkpt>
    <trkpt lat="42.165988" lon="2.499687">
        <ele>498.6</ele>
        <time>2022-11-27T00:00:07.000Z</time>
    </trkpt>
    <trkpt lat="42.166172" lon="2.499516">
        <ele>495.5</ele>
        <time>2022-11-27T00:00:47.000Z</time>
    </trkpt>
    <trkpt lat="42.166293" lon="2.49937">
        <ele>492.6</ele>
        <time>2022-11-27T00:01:27.000Z</time>
    </trkpt>
    <trkpt lat="42.166332" lon="2.499176">
        <ele>490.9</ele>
        <time>2022-11-27T00:02:07.000Z</time>
    </trkpt>
    <trkpt lat="42.166318" lon="2.498867">
        <ele>488.4</ele>
        <time>2022-11-27T00:02:47.000Z</time>
    </trkpt>
    <trkpt lat="42.166298" lon="2.498516">
        <ele>483.5</ele>
        <time>2022-11-27T00:03:27.000Z</time>
    </trkpt>
    <trkpt lat="42.166298" lon="2.498414">
        <ele>482.4</ele>
        <time>2022-11-27T00:04:07.000Z</time>
    </trkpt>
    <trkpt lat="42.166324" lon="2.49828">
        <ele>481.3</ele>
        <time>2022-11-27T00:04:47.000Z</time>
    </trkpt>
    <trkpt lat="42.166459" lon="2.498188">
        <ele>479.6</ele>
        <time>2022-11-27T00:05:27.000Z</time>
    </trkpt>
    <trkpt lat="42.166535" lon="2.498139">
        <ele>478.3</ele>
        <time>2022-11-27T00:06:07.000Z</time>
    </trkpt>
    <trkpt lat="42.166689" lon="2.498235">
        <ele>477.1</ele>
        <time>2022-11-27T00:06:47.000Z</time>
    </trkpt>
    <trkpt lat="42.166892" lon="2.498409">
        <ele>475.5</ele>
        <time>2022-11-27T00:07:27.000Z</time>
    </trkpt>
    <trkpt lat="42.166982" lon="2.498414">
        <ele>474.8</ele>
        <time>2022-11-27T00:08:07.000Z</time>
    </trkpt>
    <trkpt lat="42.167085" lon="2.498304">
        <ele>473.3</ele>
        <time>2022-11-27T00:08:47.000Z</time>
    </trkpt>
    <trkpt lat="42.167224" lon="2.498055">
        <ele>472.1</ele>
        <time>2022-11-27T00:09:27.000Z</time>
    </trkpt>
    <trkpt lat="42.167442" lon="2.497606">
        <ele>468.8</ele>
        <time>2022-11-27T00:10:07.000Z</time>
    </trkpt>
    <trkpt lat="42.167643" lon="2.497144">
        <ele>464.5</ele>
        <time>2022-11-27T00:10:47.000Z</time>
    </trkpt>
    <trkpt lat="42.167946" lon="2.496445">
        <ele>459.3</ele>
        <time>2022-11-27T00:11:27.000Z</time>
    </trkpt>
    <trkpt lat="42.168326" lon="2.495655">
        <ele>455.4</ele>
        <time>2022-11-27T00:12:07.000Z</time>
    </trkpt>
    <trkpt lat="42.168745" lon="2.494805">
        <ele>450.3</ele>
        <time>2022-11-27T00:12:47.000Z</time>
    </trkpt>
    <trkpt lat="42.169026" lon="2.494227">
        <ele>447.7</ele>
        <time>2022-11-27T00:13:27.000Z</time>
    </trkpt>
    <trkpt lat="42.16933" lon="2.493777">
        <ele>446.4</ele>
        <time>2022-11-27T00:14:07.000Z</time>
    </trkpt>
    <trkpt lat="42.169419" lon="2.49366">
        <ele>446.2</ele>
        <time>2022-11-27T00:14:47.000Z</time>
    </trkpt>
    <trkpt lat="42.169303" lon="2.493614">
        <ele>446.5</ele>
        <time>2022-11-27T00:15:27.000Z</time>
    </trkpt>
    <trkpt lat="42.168965" lon="2.493586">
        <ele>446.8</ele>
        <time>2022-11-27T00:16:07.000Z</time>
    </trkpt>
    <trkpt lat="42.168861" lon="2.493593">
        <ele>446.8</ele>
        <time>2022-11-27T00:16:47.000Z</time>
    </trkpt>
    <trkpt lat="42.168423" lon="2.493354">
        <ele>446.2</ele>
        <time>2022-11-27T00:17:27.000Z</time>
    </trkpt>
    <trkpt lat="42.168165" lon="2.493054">
        <ele>445.7</ele>
        <time>2022-11-27T00:18:07.000Z</time>
    </trkpt>
    <trkpt lat="42.167926" lon="2.492832">
        <ele>445.8</ele>
        <time>2022-11-27T00:18:47.000Z</time>
    </trkpt>
    <trkpt lat="42.16764" lon="2.492271">
        <ele>444.8</ele>
        <time>2022-11-27T00:19:27.000Z</time>
    </trkpt>
    <trkpt lat="42.167385" lon="2.491746">
        <ele>443.6</ele>
        <time>2022-11-27T00:20:07.000Z</time>
    </trkpt>
    <trkpt lat="42.16704" lon="2.491101">
        <ele>441.4</ele>
        <time>2022-11-27T00:20:47.000Z</time>
    </trkpt>
    <trkpt lat="42.166859" lon="2.490909">
        <ele>442.7</ele>
        <time>2022-11-27T00:21:27.000Z</time>
    </trkpt>
    <trkpt lat="42.166556" lon="2.490518">
        <ele>443.7</ele>
        <time>2022-11-27T00:22:07.000Z</time>
    </trkpt>
    <trkpt lat="42.166456" lon="2.490422">
        <ele>443.9</ele>
        <time>2022-11-27T00:22:47.000Z</time>
    </trkpt>
    <trkpt lat="42.166163" lon="2.490346">
        <ele>445.4</ele>
        <time>2022-11-27T00:23:27.000Z</time>
    </trkpt>
    <trkpt lat="42.165969" lon="2.490293">
        <ele>445.5</ele>
        <time>2022-11-27T00:24:07.000Z</time>
    </trkpt>
    <trkpt lat="42.165839" lon="2.49027">
        <ele>445.9</ele>
        <time>2022-11-27T00:24:47.000Z</time>
    </trkpt>
    <trkpt lat="42.165518" lon="2.490073">
        <ele>446.0</ele>
        <time>2022-11-27T00:25:27.000Z</time>
    </trkpt>
    <trkpt lat="42.165224" lon="2.4897">
        <ele>443.2</ele>
        <time>2022-11-27T00:26:07.000Z</time>
    </trkpt>
    <trkpt lat="42.16501" lon="2.489374">
        <ele>439.8</ele>
        <time>2022-11-27T00:26:47.000Z</time>
    </trkpt>
    <trkpt lat="42.164923" lon="2.488879">
        <ele>437.3</ele>
        <time>2022-11-27T00:27:27.000Z</time>
    </trkpt>
    <trkpt lat="42.164762" lon="2.488093">
        <ele>437.9</ele>
        <time>2022-11-27T00:28:07.000Z</time>
    </trkpt>
    <trkpt lat="42.164623" lon="2.487416">
        <ele>437.4</ele>
        <time>2022-11-27T00:28:47.000Z</time>
    </trkpt>
    <trkpt lat="42.164554" lon="2.487066">
        <ele>437.8</ele>
        <time>2022-11-27T00:29:27.000Z</time>
    </trkpt>
    <trkpt lat="42.164626" lon="2.486884">
        <ele>438.1</ele>
        <time>2022-11-27T00:30:07.000Z</time>
    </trkpt>
    <trkpt lat="42.16475" lon="2.486562">
        <ele>438.9</ele>
        <time>2022-11-27T00:30:47.000Z</time>
    </trkpt>
    <trkpt lat="42.164771" lon="2.486504">
        <ele>438.9</ele>
        <time>2022-11-27T00:31:27.000Z</time>
    </trkpt>
    <trkpt lat="42.164835" lon="2.486325">
        <ele>438.9</ele>
        <time>2022-11-27T00:32:07.000Z</time>
    </trkpt>
    <trkpt lat="42.164851" lon="2.486297">
        <ele>439.0</ele>
        <time>2022-11-27T00:32:47.000Z</time>
    </trkpt>
    <trkpt lat="42.164949" lon="2.486126">
        <ele>440.0</ele>
        <time>2022-11-27T00:33:27.000Z</time>
    </trkpt>
    <trkpt lat="42.165031" lon="2.485985">
        <ele>439.8</ele>
        <time>2022-11-27T00:34:07.000Z</time>
    </trkpt>
    <trkpt lat="42.165072" lon="2.485918">
        <ele>439.6</ele>
        <time>2022-11-27T00:34:47.000Z</time>
    </trkpt>
    <trkpt lat="42.165076" lon="2.485941">
        <ele>439.6</ele>
        <time>2022-11-27T00:35:27.000Z</time>
    </trkpt>
    <trkpt lat="42.165118" lon="2.486178">
        <ele>438.9</ele>
        <time>2022-11-27T00:36:07.000Z</time>
    </trkpt>
    <trkpt lat="42.165242" lon="2.486353">
        <ele>438.0</ele>
        <time>2022-11-27T00:36:47.000Z</time>
    </trkpt>
    <trkpt lat="42.165254" lon="2.48637">
        <ele>438.0</ele>
        <time>2022-11-27T00:37:27.000Z</time>
    </trkpt>
    <trkpt lat="42.165376" lon="2.486478">
        <ele>437.2</ele>
        <time>2022-11-27T00:38:07.000Z</time>
    </trkpt>
    <trkpt lat="42.165557" lon="2.486554">
        <ele>437.1</ele>
        <time>2022-11-27T00:38:47.000Z</time>
    </trkpt>
    <trkpt lat="42.165574" lon="2.486561">
        <ele>437.2</ele>
        <time>2022-11-27T00:39:27.000Z</time>
    </trkpt>
    <trkpt lat="42.165773" lon="2.486632">
        <ele>437.9</ele>
        <time>2022-11-27T00:40:07.000Z</time>
    </trkpt>
    <trkpt lat="42.16592" lon="2.486658">
        <ele>437.8</ele>
        <time>2022-11-27T00:40:47.000Z</time>
    </trkpt>
    <trkpt lat="42.165968" lon="2.486656">
        <ele>437.6</ele>
        <time>2022-11-27T00:41:27.000Z</time>
    </trkpt>
    <trkpt lat="42.166064" lon="2.486639">
        <ele>437.3</ele>
        <time>2022-11-27T00:42:07.000Z</time>
    </trkpt>
    <trkpt lat="42.166116" lon="2.486627">
        <ele>437.2</ele>
        <time>2022-11-27T00:42:47.000Z</time>
    </trkpt>
    <trkpt lat="42.166128" lon="2.486624">
        <ele>437.2</ele>
        <time>2022-11-27T00:43:27.000Z</time>
    </trkpt>
    <trkpt lat="42.166137" lon="2.486623">
        <ele>437.2</ele>
        <time>2022-11-27T00:44:07.000Z</time>
    </trkpt>
    <trkpt lat="42.166322" lon="2.486628">
        <ele>436.4</ele>
        <time>2022-11-27T00:44:47.000Z</time>
    </trkpt>
    <trkpt lat="42.166475" lon="2.48653">
        <ele>436.3</ele>
        <time>2022-11-27T00:45:27.000Z</time>
    </trkpt>
    <trkpt lat="42.166659" lon="2.486528">
        <ele>436.0</ele>
        <time>2022-11-27T00:46:07.000Z</time>
    </trkpt>
    <trkpt lat="42.166943" lon="2.486538">
        <ele>436.1</ele>
        <time>2022-11-27T00:46:47.000Z</time>
    </trkpt>
    <trkpt lat="42.1672" lon="2.486548">
        <ele>436.0</ele>
        <time>2022-11-27T00:47:27.000Z</time>
    </trkpt>
    <trkpt lat="42.167515" lon="2.486612">
        <ele>435.3</ele>
        <time>2022-11-27T00:48:07.000Z</time>
    </trkpt>
    <trkpt lat="42.167718" lon="2.486605">
        <ele>435.3</ele>
        <time>2022-11-27T00:48:47.000Z</time>
    </trkpt>
    <trkpt lat="42.167965" lon="2.486439">
        <ele>435.3</ele>
        <time>2022-11-27T00:49:27.000Z</time>
    </trkpt>
    <trkpt lat="42.168098" lon="2.486323">
        <ele>435.9</ele>
        <time>2022-11-27T00:50:07.000Z</time>
    </trkpt>
    <trkpt lat="42.168176" lon="2.486256">
        <ele>436.8</ele>
        <time>2022-11-27T00:50:47.000Z</time>
    </trkpt>
    <trkpt lat="42.168382" lon="2.486097">
        <ele>436.8</ele>
        <time>2022-11-27T00:51:27.000Z</time>
    </trkpt>
    <trkpt lat="42.168679" lon="2.485919">
        <ele>436.5</ele>
        <time>2022-11-27T00:52:07.000Z</time>
    </trkpt>
    <trkpt lat="42.168881" lon="2.485851">
        <ele>436.0</ele>
        <time>2022-11-27T00:52:47.000Z</time>
    </trkpt>
    <trkpt lat="42.169187" lon="2.485848">
        <ele>435.9</ele>
        <time>2022-11-27T00:53:27.000Z</time>
    </trkpt>
    <trkpt lat="42.169235" lon="2.485521">
        <ele>436.1</ele>
        <time>2022-11-27T00:54:07.000Z</time>
    </trkpt>
    <trkpt lat="42.169245" lon="2.485461">
        <ele>436.3</ele>
        <time>2022-11-27T00:54:47.000Z</time>
    </trkpt>
    <trkpt lat="42.169265" lon="2.485339">
        <ele>436.9</ele>
        <time>2022-11-27T00:55:27.000Z</time>
    </trkpt>
    <trkpt lat="42.16927" lon="2.485303">
        <ele>437.0</ele>
        <time>2022-11-27T00:56:07.000Z</time>
    </trkpt>
    <trkpt lat="42.169346" lon="2.485169">
        <ele>437.6</ele>
        <time>2022-11-27T00:56:47.000Z</time>
    </trkpt>
    <trkpt lat="42.169373" lon="2.485124">
        <ele>437.8</ele>
        <time>2022-11-27T00:57:27.000Z</time>
    </trkpt>
    <trkpt lat="42.169386" lon="2.485102">
        <ele>438.0</ele>
        <time>2022-11-27T00:58:07.000Z</time>
    </trkpt>
    <trkpt lat="42.169387" lon="2.485097">
        <ele>438.1</ele>
        <time>2022-11-27T00:58:47.000Z</time>
    </trkpt>
    <trkpt lat="42.169399" lon="2.484914">
        <ele>438.5</ele>
        <time>2022-11-27T00:59:27.000Z</time>
    </trkpt>
    <trkpt lat="42.169426" lon="2.484824">
        <ele>438.4</ele>
        <time>2022-11-27T01:00:07.000Z</time>
    </trkpt>
    <trkpt lat="42.169461" lon="2.484708">
        <ele>438.0</ele>
        <time>2022-11-27T01:00:47.000Z</time>
    </trkpt>
    <trkpt lat="42.169555" lon="2.484435">
        <ele>438.1</ele>
        <time>2022-11-27T01:01:27.000Z</time>
    </trkpt>
    <trkpt lat="42.169577" lon="2.48435">
        <ele>438.2</ele>
        <time>2022-11-27T01:02:07.000Z</time>
    </trkpt>
    <trkpt lat="42.169608" lon="2.484234">
        <ele>438.4</ele>
        <time>2022-11-27T01:02:47.000Z</time>
    </trkpt>
    <trkpt lat="42.169613" lon="2.484239">
        <ele>438.4</ele>
        <time>2022-11-27T01:03:27.000Z</time>
    </trkpt>
    <trkpt lat="42.169847" lon="2.484414">
        <ele>438.2</ele>
        <time>2022-11-27T01:04:07.000Z</time>
    </trkpt>
    <trkpt lat="42.170001" lon="2.484528">
        <ele>438.3</ele>
        <time>2022-11-27T01:04:47.000Z</time>
    </trkpt>
    <trkpt lat="42.170051" lon="2.484447">
        <ele>438.1</ele>
        <time>2022-11-27T01:05:27.000Z</time>
    </trkpt>
    <trkpt lat="42.170083" lon="2.484389">
        <ele>438.1</ele>
        <time>2022-11-27T01:06:07.000Z</time>
    </trkpt>
    <trkpt lat="42.170127" lon="2.48431">
        <ele>438.2</ele>
        <time>2022-11-27T01:06:47.000Z</time>
    </trkpt>
    <trkpt lat="42.169933" lon="2.484155">
        <ele>438.4</ele>
        <time>2022-11-27T01:07:27.000Z</time>
    </trkpt>
    <trkpt lat="42.169777" lon="2.484026">
        <ele>439.0</ele>
        <time>2022-11-27T01:08:07.000Z</time>
    </trkpt>
    <trkpt lat="42.16958" lon="2.483873">
        <ele>439.0</ele>
        <time>2022-11-27T01:08:47.000Z</time>
    </trkpt>
    <trkpt lat="42.169262" lon="2.483609">
        <ele>439.8</ele>
        <time>2022-11-27T01:09:27.000Z</time>
    </trkpt>
    <trkpt lat="42.169213" lon="2.48356">
        <ele>439.9</ele>
        <time>2022-11-27T01:10:07.000Z</time>
    </trkpt>
    <trkpt lat="42.169186" lon="2.483532">
        <ele>439.9</ele>
        <time>2022-11-27T01:10:47.000Z</time>
    </trkpt>
    <trkpt lat="42.169185" lon="2.483531">
        <ele>439.9</ele>
        <time>2022-11-27T01:11:27.000Z</time>
    </trkpt>
    <trkpt lat="42.169182" lon="2.483519">
        <ele>439.9</ele>
        <time>2022-11-27T01:12:07.000Z</time>
    </trkpt>
    <trkpt lat="42.169172" lon="2.483475">
        <ele>440.0</ele>
        <time>2022-11-27T01:12:47.000Z</time>
    </trkpt>
    <trkpt lat="42.169143" lon="2.483347">
        <ele>440.2</ele>
        <time>2022-11-27T01:13:27.000Z</time>
    </trkpt>
    <trkpt lat="42.169082" lon="2.483184">
        <ele>440.4</ele>
        <time>2022-11-27T01:14:07.000Z</time>
    </trkpt>
    <trkpt lat="42.169079" lon="2.483176">
        <ele>440.4</ele>
        <time>2022-11-27T01:14:47.000Z</time>
    </trkpt>
    <trkpt lat="42.169066" lon="2.483133">
        <ele>440.5</ele>
        <time>2022-11-27T01:15:27.000Z</time>
    </trkpt>
    <trkpt lat="42.169069" lon="2.483067">
        <ele>440.5</ele>
        <time>2022-11-27T01:16:07.000Z</time>
    </trkpt>
    <trkpt lat="42.16907" lon="2.483057">
        <ele>440.3</ele>
        <time>2022-11-27T01:16:47.000Z</time>
    </trkpt>
    <trkpt lat="42.169247" lon="2.482828">
        <ele>440.6</ele>
        <time>2022-11-27T01:17:27.000Z</time>
    </trkpt>
    <trkpt lat="42.169332" lon="2.482713">
        <ele>440.5</ele>
        <time>2022-11-27T01:18:07.000Z</time>
    </trkpt>
    <trkpt lat="42.169336" lon="2.482707">
        <ele>440.6</ele>
        <time>2022-11-27T01:18:47.000Z</time>
    </trkpt>
    <trkpt lat="42.169349" lon="2.482692">
        <ele>440.6</ele>
        <time>2022-11-27T01:19:27.000Z</time>
    </trkpt>
    <trkpt lat="42.169388" lon="2.482648">
        <ele>440.6</ele>
        <time>2022-11-27T01:20:07.000Z</time>
    </trkpt>
    <trkpt lat="42.169527" lon="2.482487">
        <ele>440.7</ele>
        <time>2022-11-27T01:20:47.000Z</time>
    </trkpt>
    <trkpt lat="42.169643" lon="2.482338">
        <ele>440.7</ele>
        <time>2022-11-27T01:21:27.000Z</time>
    </trkpt>
    <trkpt lat="42.169744" lon="2.482183">
        <ele>441.0</ele>
        <time>2022-11-27T01:22:07.000Z</time>
    </trkpt>
    <trkpt lat="42.169808" lon="2.482025">
        <ele>440.8</ele>
        <time>2022-11-27T01:22:47.000Z</time>
    </trkpt>
    <trkpt lat="42.169853" lon="2.481897">
        <ele>440.6</ele>
        <time>2022-11-27T01:23:27.000Z</time>
    </trkpt>
    <trkpt lat="42.169913" lon="2.481755">
        <ele>440.3</ele>
        <time>2022-11-27T01:24:07.000Z</time>
    </trkpt>
    <trkpt lat="42.169924" lon="2.481735">
        <ele>440.3</ele>
        <time>2022-11-27T01:24:47.000Z</time>
    </trkpt>
    <trkpt lat="42.169973" lon="2.481647">
        <ele>440.1</ele>
        <time>2022-11-27T01:25:27.000Z</time>
    </trkpt>
    <trkpt lat="42.170007" lon="2.481587">
        <ele>440.0</ele>
        <time>2022-11-27T01:26:07.000Z</time>
    </trkpt>
    <trkpt lat="42.170087" lon="2.481474">
        <ele>439.8</ele>
        <time>2022-11-27T01:26:47.000Z</time>
    </trkpt>
    <trkpt lat="42.170107" lon="2.481444">
        <ele>439.8</ele>
        <time>2022-11-27T01:27:27.000Z</time>
    </trkpt>
    <trkpt lat="42.170123" lon="2.481419">
        <ele>439.7</ele>
        <time>2022-11-27T01:28:07.000Z</time>
    </trkpt>
    <trkpt lat="42.170135" lon="2.481399">
        <ele>439.5</ele>
        <time>2022-11-27T01:28:47.000Z</time>
    </trkpt>
    <trkpt lat="42.170136" lon="2.481396">
        <ele>439.5</ele>
        <time>2022-11-27T01:29:27.000Z</time>
    </trkpt>
    <trkpt lat="42.170128" lon="2.481248">
        <ele>439.5</ele>
        <time>2022-11-27T01:30:07.000Z</time>
    </trkpt>
    <trkpt lat="42.170119" lon="2.481096">
        <ele>439.6</ele>
        <time>2022-11-27T01:30:47.000Z</time>
    </trkpt>
    <trkpt lat="42.170109" lon="2.480857">
        <ele>440.1</ele>
        <time>2022-11-27T01:31:27.000Z</time>
    </trkpt>
    <trkpt lat="42.170085" lon="2.480479">
        <ele>439.9</ele>
        <time>2022-11-27T01:32:07.000Z</time>
    </trkpt>
    <trkpt lat="42.170057" lon="2.480152">
        <ele>440.4</ele>
        <time>2022-11-27T01:32:47.000Z</time>
    </trkpt>
    <trkpt lat="42.170064" lon="2.480068">
        <ele>440.8</ele>
        <time>2022-11-27T01:33:27.000Z</time>
    </trkpt>
    <trkpt lat="42.170064" lon="2.480065">
        <ele>440.8</ele>
        <time>2022-11-27T01:34:07.000Z</time>
    </trkpt>
    <trkpt lat="42.170065" lon="2.480055">
        <ele>440.9</ele>
        <time>2022-11-27T01:34:47.000Z</time>
    </trkpt>
    <trkpt lat="42.170098" lon="2.480038">
        <ele>440.9</ele>
        <time>2022-11-27T01:35:27.000Z</time>
    </trkpt>
    <trkpt lat="42.17018" lon="2.479997">
        <ele>441.1</ele>
        <time>2022-11-27T01:36:07.000Z</time>
    </trkpt>
    <trkpt lat="42.170218" lon="2.479978">
        <ele>441.0</ele>
        <time>2022-11-27T01:36:47.000Z</time>
    </trkpt>
    <trkpt lat="42.170301" lon="2.479935">
        <ele>441.0</ele>
        <time>2022-11-27T01:37:27.000Z</time>
    </trkpt>
    <trkpt lat="42.170436" lon="2.479922">
        <ele>440.8</ele>
        <time>2022-11-27T01:38:07.000Z</time>
    </trkpt>
    <trkpt lat="42.170637" lon="2.480008">
        <ele>441.1</ele>
        <time>2022-11-27T01:38:47.000Z</time>
    </trkpt>
    <trkpt lat="42.170765" lon="2.480059">
        <ele>441.0</ele>
        <time>2022-11-27T01:39:27.000Z</time>
    </trkpt>
    <trkpt lat="42.170957" lon="2.48013">
        <ele>441.1</ele>
        <time>2022-11-27T01:40:07.000Z</time>
    </trkpt>
    <trkpt lat="42.171043" lon="2.480187">
        <ele>441.0</ele>
        <time>2022-11-27T01:40:47.000Z</time>
    </trkpt>
    <trkpt lat="42.171073" lon="2.48027">
        <ele>441.1</ele>
        <time>2022-11-27T01:41:27.000Z</time>
    </trkpt>
    <trkpt lat="42.171086" lon="2.480307">
        <ele>441.1</ele>
        <time>2022-11-27T01:42:07.000Z</time>
    </trkpt>
    <trkpt lat="42.171094" lon="2.48031">
        <ele>441.1</ele>
        <time>2022-11-27T01:42:47.000Z</time>
    </trkpt>
    <trkpt lat="42.171131" lon="2.480325">
        <ele>440.9</ele>
        <time>2022-11-27T01:43:27.000Z</time>
    </trkpt>
    <trkpt lat="42.171131" lon="2.480325">
        <ele>440.9</ele>
        <time>2022-11-27T01:44:07.000Z</time>
    </trkpt>
    <trkpt lat="42.171214" lon="2.48027">
        <ele>440.4</ele>
        <time>2022-11-27T01:44:47.000Z</time>
    </trkpt>
    </trkseg>
</trk>
</gpx>