<?xml version="1.0" encoding="UTF-8"?>
<gpx xmlns:xsi="http://www.w3.org/2001/XMLSchema-instance" xmlns="http://www.topografix.com/GPX/1/1" xsi:schemaLocation="http://www.topografix.com/GPX/1/1 http://www.topografix.com/GPX/1/1/gpx.xsd http://www.garmin.com/xmlschemas/GpxExtensions/v3 http://www.garmin.com/xmlschemas/GpxExtensionsv3.xsd http://www.garmin.com/xmlschemas/TrackPointExtension/v1 http://www.garmin.com/xmlschemas/TrackPointExtensionv1.xsd http://www.topografix.com/GPX/gpx_style/0/2 http://www.topografix.com/GPX/gpx_style/0/2/gpx_style.xsd" xmlns:gpxtpx="http://www.garmin.com/xmlschemas/TrackPointExtension/v1" xmlns:gpxx="http://www.garmin.com/xmlschemas/GpxExtensions/v3" xmlns:gpx_style="http://www.topografix.com/GPX/gpx_style/0/2" version="1.1" creator="Wikiloc - https://www.wikiloc.com">
<metadata>
    <name>R14 - Santa pau - El sallent - Els Arcs</name>
    <author>
        <name>gpx.studio</name>
        <link href="https://gpx.studio"></link>
    </author>
</metadata>
<wpt lat="42.1563013783038" lon="2.6086789369583134">
    <ele>356.0</ele>
    <name>Can Batlle</name>
    <sym>House</sym>
</wpt>
<wpt lat="42.143941" lon="2.583826">
    <ele>464.5</ele>
    <name>Can Bellaguarda</name>
    <sym>House</sym>
</wpt>
<wpt lat="42.142847" lon="2.591271">
    <ele>444.0</ele>
    <name>Can Casanova</name>
    <sym>House</sym>
</wpt>
<wpt lat="42.15295741463862" lon="2.571054145158254">
    <ele>456.6</ele>
    <name>Can Rimerol</name>
    <sym>House</sym>
</wpt>
<wpt lat="42.14077430984328" lon="2.594355940818787">
    <ele>504.7</ele>
    <name>Collet de Can Rosta</name>
    <sym>Geographic place name, land</sym>
</wpt>
<wpt lat="42.146056" lon="2.60858">
    <ele>342.0</ele>
    <name>Direcció Esparregueres</name>
    <sym>Intersection</sym>
</wpt>
<wpt lat="42.146009" lon="2.610037">
    <ele>336.0</ele>
    <name>Font de Corbs</name>
    <sym>Water Source</sym>
</wpt>
<wpt lat="42.14425" lon="2.589976">
    <ele>421.0</ele>
    <name>Font de la Canova</name>
    <sym>Water Source</sym>
</wpt>
<wpt lat="42.151273" lon="2.585006">
    <ele>418.0</ele>
    <name>Font Fresca</name>
    <sym>Water Source</sym>
</wpt>
<wpt lat="42.141215833911126" lon="2.585247159004212">
    <ele>447.0</ele>
    <name>Mare de Déu Dels Arcs</name>
    <sym>Church</sym>
</wpt>
<wpt lat="42.143083" lon="2.600369">
    <ele>395.0</ele>
    <name>Mas Esparregueres</name>
    <sym>House</sym>
</wpt>
<wpt lat="42.15147" lon="2.587586">
    <ele>411.2</ele>
    <name>Molí Nou</name>
    <sym>House</sym>
</wpt>
<wpt lat="42.15220521114358" lon="2.59777307510376">
    <ele>401.5</ele>
    <name>Pedra del Diable</name>
    <sym>Geographic place name, land</sym>
</wpt>
<wpt lat="42.155322" lon="2.606471">
    <ele>335.3</ele>
    <name>Pont</name>
    <sym>Bridge</sym>
</wpt>
<wpt lat="42.155525" lon="2.613098">
    <ele>319.0</ele>
    <name>Pont</name>
    <sym>Bridge</sym>
</wpt>
<wpt lat="42.14474688852336" lon="2.577678049237333">
    <ele>450.7</ele>
    <name>Pont d´Instints</name>
    <sym>Bridge</sym>
</wpt>
<wpt lat="42.145109863312" lon="2.587966918945313">
    <ele>430.1</ele>
    <name>Pratdavall</name>
    <sym>House</sym>
</wpt>
<wpt lat="42.153926" lon="2.616696">
    <ele>307.0</ele>
    <name>Riera de Samariu</name>
    <sym>Geographic place name, water</sym>
</wpt>
<wpt lat="42.151442" lon="2.588745">
    <ele>407.0</ele>
    <name>Riera Sant Martí</name>
    <sym>Geographic place name, water</sym>
</wpt>
<wpt lat="42.15394" lon="2.613223">
    <ele>346.0</ele>
    <name>Rocacorba del Sallent</name>
    <sym>House</sym>
</wpt>
<wpt lat="42.155802" lon="2.605788">
    <ele>347.0</ele>
    <name>Salt de Can Batlle</name>
    <sym>Geographic place name, water</sym>
</wpt>
<wpt lat="42.15450386962934" lon="2.5790083408355717">
    <ele>478.9</ele>
    <name>Sant Martí Vell</name>
    <sym>Church</sym>
</wpt>
<wpt lat="42.15437330282556" lon="2.614801309507087">
    <ele>336.8</ele>
    <name>Sant Vicenç del Sallent</name>
    <sym>Church</sym>
</wpt>
<wpt lat="42.1455596" lon="2.5709814">
    <ele>484.9</ele>
    <name>Mirador</name>
    <cmt>tourism: viewpoint</cmt>
    <sym>Scenic Area</sym>
</wpt>
<wpt lat="42.14725698426154" lon="2.570060322470349">
    <ele>494.9</ele>
    <name>Alberg Restaurant Bellavista</name>
    <sym>Restaurant</sym>
</wpt>
<wpt lat="42.154316" lon="2.6146088">
    <ele>337.9</ele>
    <name>Font</name>
    <cmt>amenity: drinking_water</cmt>
    <sym>Drinking Water</sym>
</wpt>
<wpt lat="42.14432923268451" lon="2.5896257324860805">
    <ele>427.2</ele>
    <name>Gorg Blau</name>
    <sym>Geographic place name, water</sym>
</wpt>
<wpt lat="42.1439068" lon="2.5709497">
    <ele>491.5</ele>
    <name>Font</name>
    <cmt>amenity: drinking_water</cmt>
    <sym>Drinking Water</sym>
</wpt>
<wpt lat="42.1449606" lon="2.5714242">
    <ele>488.4</ele>
    <name>Mirador</name>
    <cmt>tourism: viewpoint</cmt>
    <sym>Scenic Area</sym>
</wpt>
<wpt lat="42.1455596" lon="2.5709814">
    <ele>484.9</ele>
    <name>Mirador</name>
    <cmt>tourism: viewpoint</cmt>
    <sym>Scenic Area</sym>
</wpt>
<wpt lat="42.1454508" lon="2.5701086">
    <ele>491.7</ele>
    <name>Font</name>
    <cmt>amenity: drinking_water</cmt>
    <sym>Drinking Water</sym>
</wpt>
<wpt lat="42.1454377" lon="2.5702986">
    <ele>489.8</ele>
    <name>Mirador</name>
    <cmt>source: survey, tourism: viewpoint</cmt>
    <sym>Scenic Area</sym>
</wpt>
<wpt lat="42.154316" lon="2.6146088">
    <ele>337.9</ele>
    <name>Font</name>
    <cmt>amenity: drinking_water</cmt>
    <sym>Drinking Water</sym>
</wpt>
<wpt lat="42.145718408065484" lon="2.570216059684754">
    <ele>491.3</ele>
    <name>G29</name>
    <cmt>Santa Pau</cmt>
    <desc>Santa Pau</desc>
    <sym>Flag, Green</sym>
</wpt>
<wpt lat="42.15346192751129" lon="2.56981372833252">
    <ele>461.6</ele>
    <name>G28</name>
    <cmt>Mascou</cmt>
    <desc>Mascou</desc>
    <sym>Flag, Green</sym>
</wpt>
<wpt lat="42.15194272925846" lon="2.584555149078369">
    <ele>426.2</ele>
    <name>SP3</name>
    <cmt>Pla del Molí</cmt>
    <desc>Pla del Molí</desc>
    <sym>Flag, Green</sym>
</wpt>
<wpt lat="42.15179160283084" lon="2.5861859321594243">
    <ele>420.9</ele>
    <name>SP4</name>
    <cmt>Molí Nou</cmt>
    <desc>Molí Nou</desc>
    <sym>Flag, Green</sym>
</wpt>
<wpt lat="42.15039270633216" lon="2.593692060430404">
    <ele>406.9</ele>
    <name>Pàquing Salt de Can Batlle</name>
    <sym>Parking Area</sym>
</wpt>
<wpt lat="42.150212722899674" lon="2.5928082410171482">
    <ele>413.3</ele>
    <name>Aparcament Espai Natural de la riera de Sant Martí</name>
    <sym>Parking Area</sym>
</wpt>
<wpt lat="42.142723356850375" lon="2.585906982421875">
    <ele>436.6</ele>
    <name>SP14</name>
    <cmt>Pratdavall</cmt>
    <desc>Pratdavall</desc>
    <sym>Flag, Green</sym>
</wpt>
<wpt lat="42.14214262667013" lon="2.5859338045120244">
    <ele>436.6</ele>
    <name>SP15</name>
    <cmt>Camí dels Arcs</cmt>
    <desc>Camí dels Arcs</desc>
    <sym>Flag, Green</sym>
</wpt>
<wpt lat="42.14479610704343" lon="2.5778648651433578">
    <ele>450.6</ele>
    <name>SP1</name>
    <cmt>El Pujol</cmt>
    <desc>El Pujol</desc>
    <sym>Flag, Green</sym>
</wpt>
<trk>
    <name>Parc Zona Volcànica Garrotxa. Santa Pau - El Sallent - Santa...</name>
    <type>Running</type>
    <extensions>
        <gpx_style:line>
        <color>000000</color>
        <opacity>0.7</opacity>
        <weight>3</weight>
        </gpx_style:line>
    </extensions>
    <trkseg>
    <trkpt lat="42.14564" lon="2.570201">
        <ele>544.7</ele>
        <time>2016-02-08T10:18:12.997Z</time>
    </trkpt>
    <trkpt lat="42.145783" lon="2.570135">
        <ele>546.3</ele>
        <time>2016-02-08T10:19:52.997Z</time>
    </trkpt>
    <trkpt lat="42.145865" lon="2.570138">
        <ele>545.3</ele>
        <time>2016-02-08T10:20:02.997Z</time>
    </trkpt>
    <trkpt lat="42.14595" lon="2.570138">
        <ele>546.3</ele>
        <time>2016-02-08T10:20:09.997Z</time>
    </trkpt>
    <trkpt lat="42.146038" lon="2.570128">
        <ele>546.2</ele>
        <time>2016-02-08T10:20:16.997Z</time>
    </trkpt>
    <trkpt lat="42.146125" lon="2.570096">
        <ele>545.9</ele>
        <time>2016-02-08T10:20:24.997Z</time>
    </trkpt>
    <trkpt lat="42.146203" lon="2.570088">
        <ele>545.8</ele>
        <time>2016-02-08T10:20:35.997Z</time>
    </trkpt>
    <trkpt lat="42.146216" lon="2.570086">
        <ele>545.6</ele>
        <time>2016-02-08T10:20:36.997Z</time>
    </trkpt>
    <trkpt lat="42.14637" lon="2.570033">
        <ele>545.9</ele>
        <time>2016-02-08T10:20:52.997Z</time>
    </trkpt>
    <trkpt lat="42.146443" lon="2.569963">
        <ele>545.4</ele>
        <time>2016-02-08T10:21:00.997Z</time>
    </trkpt>
    <trkpt lat="42.146501" lon="2.569893">
        <ele>546.4</ele>
        <time>2016-02-08T10:21:07.997Z</time>
    </trkpt>
    <trkpt lat="42.146576" lon="2.56983">
        <ele>546.2</ele>
        <time>2016-02-08T10:21:27.997Z</time>
    </trkpt>
    <trkpt lat="42.146631" lon="2.56974">
        <ele>544.2</ele>
        <time>2016-02-08T10:22:19.997Z</time>
    </trkpt>
    <trkpt lat="42.14664" lon="2.569736">
        <ele>543.9</ele>
        <time>2016-02-08T10:22:20.997Z</time>
    </trkpt>
    <trkpt lat="42.146801" lon="2.569695">
        <ele>544.0</ele>
        <time>2016-02-08T10:22:33.997Z</time>
    </trkpt>
    <trkpt lat="42.146878" lon="2.569681">
        <ele>544.4</ele>
        <time>2016-02-08T10:22:40.997Z</time>
    </trkpt>
    <trkpt lat="42.146958" lon="2.569678">
        <ele>545.1</ele>
        <time>2016-02-08T10:22:46.997Z</time>
    </trkpt>
    <trkpt lat="42.14704" lon="2.569708">
        <ele>544.4</ele>
        <time>2016-02-08T10:22:53.997Z</time>
    </trkpt>
    <trkpt lat="42.147125" lon="2.569741">
        <ele>543.9</ele>
        <time>2016-02-08T10:23:03.997Z</time>
    </trkpt>
    <trkpt lat="42.147208" lon="2.569781">
        <ele>543.8</ele>
        <time>2016-02-08T10:23:12.997Z</time>
    </trkpt>
    <trkpt lat="42.147295" lon="2.569796">
        <ele>544.5</ele>
        <time>2016-02-08T10:23:19.997Z</time>
    </trkpt>
    <trkpt lat="42.147371" lon="2.569806">
        <ele>544.4</ele>
        <time>2016-02-08T10:23:25.997Z</time>
    </trkpt>
    <trkpt lat="42.147386" lon="2.569806">
        <ele>544.0</ele>
        <time>2016-02-08T10:23:26.997Z</time>
    </trkpt>
    <trkpt lat="42.147531" lon="2.569816">
        <ele>542.9</ele>
        <time>2016-02-08T10:23:38.997Z</time>
    </trkpt>
    <trkpt lat="42.14761" lon="2.569825">
        <ele>542.8</ele>
        <time>2016-02-08T10:23:45.997Z</time>
    </trkpt>
    <trkpt lat="42.147695" lon="2.569826">
        <ele>541.7</ele>
        <time>2016-02-08T10:23:51.997Z</time>
    </trkpt>
    <trkpt lat="42.147775" lon="2.56983">
        <ele>541.6</ele>
        <time>2016-02-08T10:23:57.997Z</time>
    </trkpt>
    <trkpt lat="42.147856" lon="2.569833">
        <ele>542.4</ele>
        <time>2016-02-08T10:24:03.997Z</time>
    </trkpt>
    <trkpt lat="42.147935" lon="2.569828">
        <ele>541.4</ele>
        <time>2016-02-08T10:24:09.997Z</time>
    </trkpt>
    <trkpt lat="42.148015" lon="2.569825">
        <ele>541.3</ele>
        <time>2016-02-08T10:24:15.997Z</time>
    </trkpt>
    <trkpt lat="42.148098" lon="2.569816">
        <ele>540.3</ele>
        <time>2016-02-08T10:24:23.997Z</time>
    </trkpt>
    <trkpt lat="42.14818" lon="2.569813">
        <ele>539.9</ele>
        <time>2016-02-08T10:24:29.997Z</time>
    </trkpt>
    <trkpt lat="42.148193" lon="2.569813">
        <ele>540.0</ele>
        <time>2016-02-08T10:24:30.997Z</time>
    </trkpt>
    <trkpt lat="42.14834" lon="2.569811">
        <ele>539.6</ele>
        <time>2016-02-08T10:24:39.997Z</time>
    </trkpt>
    <trkpt lat="42.148415" lon="2.569815">
        <ele>538.7</ele>
        <time>2016-02-08T10:24:44.997Z</time>
    </trkpt>
    <trkpt lat="42.148491" lon="2.569806">
        <ele>538.2</ele>
        <time>2016-02-08T10:24:49.997Z</time>
    </trkpt>
    <trkpt lat="42.148565" lon="2.569786">
        <ele>537.4</ele>
        <time>2016-02-08T10:24:54.997Z</time>
    </trkpt>
    <trkpt lat="42.148641" lon="2.569765">
        <ele>536.7</ele>
        <time>2016-02-08T10:24:59.997Z</time>
    </trkpt>
    <trkpt lat="42.148721" lon="2.569758">
        <ele>535.0</ele>
        <time>2016-02-08T10:25:05.997Z</time>
    </trkpt>
    <trkpt lat="42.14881" lon="2.569738">
        <ele>534.3</ele>
        <time>2016-02-08T10:25:13.997Z</time>
    </trkpt>
    <trkpt lat="42.148896" lon="2.569715">
        <ele>533.5</ele>
        <time>2016-02-08T10:25:21.997Z</time>
    </trkpt>
    <trkpt lat="42.148983" lon="2.569708">
        <ele>533.3</ele>
        <time>2016-02-08T10:25:29.997Z</time>
    </trkpt>
    <trkpt lat="42.149061" lon="2.569711">
        <ele>531.8</ele>
        <time>2016-02-08T10:25:50.997Z</time>
    </trkpt>
    <trkpt lat="42.149075" lon="2.569713">
        <ele>531.2</ele>
        <time>2016-02-08T10:25:51.997Z</time>
    </trkpt>
    <trkpt lat="42.14922" lon="2.569735">
        <ele>531.0</ele>
        <time>2016-02-08T10:26:02.997Z</time>
    </trkpt>
    <trkpt lat="42.149296" lon="2.569766">
        <ele>528.9</ele>
        <time>2016-02-08T10:26:08.997Z</time>
    </trkpt>
    <trkpt lat="42.149376" lon="2.569796">
        <ele>528.4</ele>
        <time>2016-02-08T10:26:15.997Z</time>
    </trkpt>
    <trkpt lat="42.149456" lon="2.569826">
        <ele>527.5</ele>
        <time>2016-02-08T10:26:22.997Z</time>
    </trkpt>
    <trkpt lat="42.14953" lon="2.569876">
        <ele>526.1</ele>
        <time>2016-02-08T10:26:38.997Z</time>
    </trkpt>
    <trkpt lat="42.149605" lon="2.569915">
        <ele>527.0</ele>
        <time>2016-02-08T10:26:44.997Z</time>
    </trkpt>
    <trkpt lat="42.149683" lon="2.569953">
        <ele>523.8</ele>
        <time>2016-02-08T10:27:09.997Z</time>
    </trkpt>
    <trkpt lat="42.14969" lon="2.569956">
        <ele>523.4</ele>
        <time>2016-02-08T10:27:10.997Z</time>
    </trkpt>
    <trkpt lat="42.14982" lon="2.570076">
        <ele>523.4</ele>
        <time>2016-02-08T10:27:22.997Z</time>
    </trkpt>
    <trkpt lat="42.149881" lon="2.570155">
        <ele>522.7</ele>
        <time>2016-02-08T10:27:28.997Z</time>
    </trkpt>
    <trkpt lat="42.149946" lon="2.570221">
        <ele>522.5</ele>
        <time>2016-02-08T10:27:34.997Z</time>
    </trkpt>
    <trkpt lat="42.150018" lon="2.570291">
        <ele>520.5</ele>
        <time>2016-02-08T10:27:51.997Z</time>
    </trkpt>
    <trkpt lat="42.150083" lon="2.57036">
        <ele>520.8</ele>
        <time>2016-02-08T10:27:58.997Z</time>
    </trkpt>
    <trkpt lat="42.15015" lon="2.570435">
        <ele>519.1</ele>
        <time>2016-02-08T10:28:05.997Z</time>
    </trkpt>
    <trkpt lat="42.150208" lon="2.570505">
        <ele>518.8</ele>
        <time>2016-02-08T10:28:11.997Z</time>
    </trkpt>
    <trkpt lat="42.150216" lon="2.570516">
        <ele>518.8</ele>
        <time>2016-02-08T10:28:12.997Z</time>
    </trkpt>
    <trkpt lat="42.150335" lon="2.57065">
        <ele>517.4</ele>
        <time>2016-02-08T10:28:24.997Z</time>
    </trkpt>
    <trkpt lat="42.150396" lon="2.570718">
        <ele>516.7</ele>
        <time>2016-02-08T10:28:30.997Z</time>
    </trkpt>
    <trkpt lat="42.150461" lon="2.570801">
        <ele>516.2</ele>
        <time>2016-02-08T10:28:37.997Z</time>
    </trkpt>
    <trkpt lat="42.150518" lon="2.570885">
        <ele>515.6</ele>
        <time>2016-02-08T10:28:44.997Z</time>
    </trkpt>
    <trkpt lat="42.150573" lon="2.570975">
        <ele>515.8</ele>
        <time>2016-02-08T10:28:51.997Z</time>
    </trkpt>
    <trkpt lat="42.150628" lon="2.571053">
        <ele>515.4</ele>
        <time>2016-02-08T10:28:58.997Z</time>
    </trkpt>
    <trkpt lat="42.150688" lon="2.571128">
        <ele>515.0</ele>
        <time>2016-02-08T10:29:05.997Z</time>
    </trkpt>
    <trkpt lat="42.150753" lon="2.5712">
        <ele>514.8</ele>
        <time>2016-02-08T10:29:12.997Z</time>
    </trkpt>
    <trkpt lat="42.150761" lon="2.571208">
        <ele>514.6</ele>
        <time>2016-02-08T10:29:13.997Z</time>
    </trkpt>
    <trkpt lat="42.150886" lon="2.571351">
        <ele>512.2</ele>
        <time>2016-02-08T10:29:27.997Z</time>
    </trkpt>
    <trkpt lat="42.15096" lon="2.571418">
        <ele>512.3</ele>
        <time>2016-02-08T10:29:34.997Z</time>
    </trkpt>
    <trkpt lat="42.151043" lon="2.57145">
        <ele>511.2</ele>
        <time>2016-02-08T10:29:41.997Z</time>
    </trkpt>
    <trkpt lat="42.151131" lon="2.571446">
        <ele>510.4</ele>
        <time>2016-02-08T10:29:48.997Z</time>
    </trkpt>
    <trkpt lat="42.151206" lon="2.571403">
        <ele>509.2</ele>
        <time>2016-02-08T10:30:01.997Z</time>
    </trkpt>
    <trkpt lat="42.151271" lon="2.571333">
        <ele>508.8</ele>
        <time>2016-02-08T10:30:08.997Z</time>
    </trkpt>
    <trkpt lat="42.151338" lon="2.571265">
        <ele>508.5</ele>
        <time>2016-02-08T10:30:15.997Z</time>
    </trkpt>
    <trkpt lat="42.151346" lon="2.571255">
        <ele>508.5</ele>
        <time>2016-02-08T10:30:16.997Z</time>
    </trkpt>
    <trkpt lat="42.151481" lon="2.571155">
        <ele>506.4</ele>
        <time>2016-02-08T10:30:29.997Z</time>
    </trkpt>
    <trkpt lat="42.151565" lon="2.571143">
        <ele>507.3</ele>
        <time>2016-02-08T10:30:36.997Z</time>
    </trkpt>
    <trkpt lat="42.151653" lon="2.571155">
        <ele>506.1</ele>
        <time>2016-02-08T10:30:43.997Z</time>
    </trkpt>
    <trkpt lat="42.15174" lon="2.571131">
        <ele>504.1</ele>
        <time>2016-02-08T10:30:52.997Z</time>
    </trkpt>
    <trkpt lat="42.151803" lon="2.571063">
        <ele>503.0</ele>
        <time>2016-02-08T10:30:58.997Z</time>
    </trkpt>
    <trkpt lat="42.15186" lon="2.57099">
        <ele>502.3</ele>
        <time>2016-02-08T10:31:04.997Z</time>
    </trkpt>
    <trkpt lat="42.151916" lon="2.570915">
        <ele>501.2</ele>
        <time>2016-02-08T10:31:10.997Z</time>
    </trkpt>
    <trkpt lat="42.151975" lon="2.570835">
        <ele>500.0</ele>
        <time>2016-02-08T10:31:16.997Z</time>
    </trkpt>
    <trkpt lat="42.151983" lon="2.570823">
        <ele>499.7</ele>
        <time>2016-02-08T10:31:17.997Z</time>
    </trkpt>
    <trkpt lat="42.152086" lon="2.570666">
        <ele>497.9</ele>
        <time>2016-02-08T10:31:31.997Z</time>
    </trkpt>
    <trkpt lat="42.152161" lon="2.5706">
        <ele>496.6</ele>
        <time>2016-02-08T10:31:39.997Z</time>
    </trkpt>
    <trkpt lat="42.152231" lon="2.57055">
        <ele>495.7</ele>
        <time>2016-02-08T10:31:45.997Z</time>
    </trkpt>
    <trkpt lat="42.15231" lon="2.570533">
        <ele>495.9</ele>
        <time>2016-02-08T10:31:52.997Z</time>
    </trkpt>
    <trkpt lat="42.15239" lon="2.570555">
        <ele>494.7</ele>
        <time>2016-02-08T10:31:59.997Z</time>
    </trkpt>
    <trkpt lat="42.152473" lon="2.57057">
        <ele>493.8</ele>
        <time>2016-02-08T10:32:06.997Z</time>
    </trkpt>
    <trkpt lat="42.152556" lon="2.570558">
        <ele>493.6</ele>
        <time>2016-02-08T10:32:14.997Z</time>
    </trkpt>
    <trkpt lat="42.152635" lon="2.570546">
        <ele>492.8</ele>
        <time>2016-02-08T10:32:20.997Z</time>
    </trkpt>
    <trkpt lat="42.152648" lon="2.570543">
        <ele>492.6</ele>
        <time>2016-02-08T10:32:21.997Z</time>
    </trkpt>
    <trkpt lat="42.152791" lon="2.57049">
        <ele>493.2</ele>
        <time>2016-02-08T10:32:33.997Z</time>
    </trkpt>
    <trkpt lat="42.15287" lon="2.570446">
        <ele>492.4</ele>
        <time>2016-02-08T10:32:39.997Z</time>
    </trkpt>
    <trkpt lat="42.15294" lon="2.570393">
        <ele>492.6</ele>
        <time>2016-02-08T10:32:45.997Z</time>
    </trkpt>
    <trkpt lat="42.153008" lon="2.570326">
        <ele>491.2</ele>
        <time>2016-02-08T10:32:51.997Z</time>
    </trkpt>
    <trkpt lat="42.153068" lon="2.570261">
        <ele>493.1</ele>
        <time>2016-02-08T10:32:57.997Z</time>
    </trkpt>
    <trkpt lat="42.153118" lon="2.570175">
        <ele>492.4</ele>
        <time>2016-02-08T10:33:03.997Z</time>
    </trkpt>
    <trkpt lat="42.153181" lon="2.570098">
        <ele>492.5</ele>
        <time>2016-02-08T10:33:09.997Z</time>
    </trkpt>
    <trkpt lat="42.15325" lon="2.57003">
        <ele>490.8</ele>
        <time>2016-02-08T10:33:15.997Z</time>
    </trkpt>
    <trkpt lat="42.153321" lon="2.56998">
        <ele>491.0</ele>
        <time>2016-02-08T10:33:21.997Z</time>
    </trkpt>
    <trkpt lat="42.153483" lon="2.56987">
        <ele>465.4</ele>
        <time>2016-02-08T10:48:44.997Z</time>
    </trkpt>
    <trkpt lat="42.15357" lon="2.569875">
        <ele>465.1</ele>
        <time>2016-02-08T10:49:03.997Z</time>
    </trkpt>
    <trkpt lat="42.15364" lon="2.569938">
        <ele>463.4</ele>
        <time>2016-02-08T10:49:09.997Z</time>
    </trkpt>
    <trkpt lat="42.153708" lon="2.570003">
        <ele>464.0</ele>
        <time>2016-02-08T10:49:16.997Z</time>
    </trkpt>
    <trkpt lat="42.15378" lon="2.570055">
        <ele>464.5</ele>
        <time>2016-02-08T10:49:23.997Z</time>
    </trkpt>
    <trkpt lat="42.153868" lon="2.570058">
        <ele>466.5</ele>
        <time>2016-02-08T10:49:30.997Z</time>
    </trkpt>
    <trkpt lat="42.153878" lon="2.570056">
        <ele>467.1</ele>
        <time>2016-02-08T10:49:31.997Z</time>
    </trkpt>
    <trkpt lat="42.154036" lon="2.569995">
        <ele>466.4</ele>
        <time>2016-02-08T10:49:44.997Z</time>
    </trkpt>
    <trkpt lat="42.154116" lon="2.569965">
        <ele>465.8</ele>
        <time>2016-02-08T10:49:50.997Z</time>
    </trkpt>
    <trkpt lat="42.154198" lon="2.569955">
        <ele>466.2</ele>
        <time>2016-02-08T10:50:15.997Z</time>
    </trkpt>
    <trkpt lat="42.154286" lon="2.569958">
        <ele>466.0</ele>
        <time>2016-02-08T10:50:22.997Z</time>
    </trkpt>
    <trkpt lat="42.15437" lon="2.56998">
        <ele>464.0</ele>
        <time>2016-02-08T10:50:29.997Z</time>
    </trkpt>
    <trkpt lat="42.154445" lon="2.569995">
        <ele>465.9</ele>
        <time>2016-02-08T10:50:35.997Z</time>
    </trkpt>
    <trkpt lat="42.15446" lon="2.569996">
        <ele>465.8</ele>
        <time>2016-02-08T10:50:36.997Z</time>
    </trkpt>
    <trkpt lat="42.154606" lon="2.570076">
        <ele>469.0</ele>
        <time>2016-02-08T10:50:49.997Z</time>
    </trkpt>
    <trkpt lat="42.154663" lon="2.570158">
        <ele>469.1</ele>
        <time>2016-02-08T10:50:56.997Z</time>
    </trkpt>
    <trkpt lat="42.154728" lon="2.570226">
        <ele>470.1</ele>
        <time>2016-02-08T10:51:02.997Z</time>
    </trkpt>
    <trkpt lat="42.154791" lon="2.570301">
        <ele>470.2</ele>
        <time>2016-02-08T10:51:08.997Z</time>
    </trkpt>
    <trkpt lat="42.154858" lon="2.570366">
        <ele>471.4</ele>
        <time>2016-02-08T10:51:14.997Z</time>
    </trkpt>
    <trkpt lat="42.154928" lon="2.570421">
        <ele>470.6</ele>
        <time>2016-02-08T10:51:20.997Z</time>
    </trkpt>
    <trkpt lat="42.155001" lon="2.570473">
        <ele>471.8</ele>
        <time>2016-02-08T10:51:26.997Z</time>
    </trkpt>
    <trkpt lat="42.155076" lon="2.570528">
        <ele>473.2</ele>
        <time>2016-02-08T10:51:33.997Z</time>
    </trkpt>
    <trkpt lat="42.155141" lon="2.57059">
        <ele>473.2</ele>
        <time>2016-02-08T10:51:40.997Z</time>
    </trkpt>
    <trkpt lat="42.155151" lon="2.570601">
        <ele>472.9</ele>
        <time>2016-02-08T10:51:41.997Z</time>
    </trkpt>
    <trkpt lat="42.155273" lon="2.57071">
        <ele>473.5</ele>
        <time>2016-02-08T10:51:52.997Z</time>
    </trkpt>
    <trkpt lat="42.155348" lon="2.570765">
        <ele>473.2</ele>
        <time>2016-02-08T10:51:58.997Z</time>
    </trkpt>
    <trkpt lat="42.155421" lon="2.570811">
        <ele>473.7</ele>
        <time>2016-02-08T10:52:04.997Z</time>
    </trkpt>
    <trkpt lat="42.155493" lon="2.570855">
        <ele>474.0</ele>
        <time>2016-02-08T10:52:10.997Z</time>
    </trkpt>
    <trkpt lat="42.155566" lon="2.570886">
        <ele>474.5</ele>
        <time>2016-02-08T10:52:16.997Z</time>
    </trkpt>
    <trkpt lat="42.155645" lon="2.570906">
        <ele>474.6</ele>
        <time>2016-02-08T10:52:22.997Z</time>
    </trkpt>
    <trkpt lat="42.15573" lon="2.570915">
        <ele>474.8</ele>
        <time>2016-02-08T10:52:29.997Z</time>
    </trkpt>
    <trkpt lat="42.155816" lon="2.570901">
        <ele>475.4</ele>
        <time>2016-02-08T10:52:36.997Z</time>
    </trkpt>
    <trkpt lat="42.155896" lon="2.570883">
        <ele>475.4</ele>
        <time>2016-02-08T10:52:43.997Z</time>
    </trkpt>
    <trkpt lat="42.15591" lon="2.570881">
        <ele>475.6</ele>
        <time>2016-02-08T10:52:44.997Z</time>
    </trkpt>
    <trkpt lat="42.15606" lon="2.57086">
        <ele>475.7</ele>
        <time>2016-02-08T10:52:57.997Z</time>
    </trkpt>
    <trkpt lat="42.156143" lon="2.570863">
        <ele>477.5</ele>
        <time>2016-02-08T10:53:12.997Z</time>
    </trkpt>
    <trkpt lat="42.15623" lon="2.57088">
        <ele>476.4</ele>
        <time>2016-02-08T10:53:19.997Z</time>
    </trkpt>
    <trkpt lat="42.15631" lon="2.570891">
        <ele>476.3</ele>
        <time>2016-02-08T10:53:25.997Z</time>
    </trkpt>
    <trkpt lat="42.15639" lon="2.570903">
        <ele>476.5</ele>
        <time>2016-02-08T10:53:31.997Z</time>
    </trkpt>
    <trkpt lat="42.156473" lon="2.570915">
        <ele>476.6</ele>
        <time>2016-02-08T10:53:37.997Z</time>
    </trkpt>
    <trkpt lat="42.156561" lon="2.570933">
        <ele>477.3</ele>
        <time>2016-02-08T10:53:43.997Z</time>
    </trkpt>
    <trkpt lat="42.156638" lon="2.570951">
        <ele>477.2</ele>
        <time>2016-02-08T10:53:48.997Z</time>
    </trkpt>
    <trkpt lat="42.156651" lon="2.570956">
        <ele>477.4</ele>
        <time>2016-02-08T10:53:49.997Z</time>
    </trkpt>
    <trkpt lat="42.156796" lon="2.571028">
        <ele>478.5</ele>
        <time>2016-02-08T10:54:00.997Z</time>
    </trkpt>
    <trkpt lat="42.156878" lon="2.571076">
        <ele>478.0</ele>
        <time>2016-02-08T10:54:06.997Z</time>
    </trkpt>
    <trkpt lat="42.156953" lon="2.571125">
        <ele>478.9</ele>
        <time>2016-02-08T10:54:12.997Z</time>
    </trkpt>
    <trkpt lat="42.157028" lon="2.571175">
        <ele>478.9</ele>
        <time>2016-02-08T10:54:18.997Z</time>
    </trkpt>
    <trkpt lat="42.157096" lon="2.571225">
        <ele>479.6</ele>
        <time>2016-02-08T10:54:23.997Z</time>
    </trkpt>
    <trkpt lat="42.157166" lon="2.571271">
        <ele>479.6</ele>
        <time>2016-02-08T10:54:28.997Z</time>
    </trkpt>
    <trkpt lat="42.15724" lon="2.57134">
        <ele>480.5</ele>
        <time>2016-02-08T10:54:34.997Z</time>
    </trkpt>
    <trkpt lat="42.157306" lon="2.571418">
        <ele>480.7</ele>
        <time>2016-02-08T10:54:40.997Z</time>
    </trkpt>
    <trkpt lat="42.157378" lon="2.57149">
        <ele>480.6</ele>
        <time>2016-02-08T10:54:54.997Z</time>
    </trkpt>
    <trkpt lat="42.157378" lon="2.571491">
        <ele>480.4</ele>
        <time>2016-02-08T10:54:55.997Z</time>
    </trkpt>
    <trkpt lat="42.157458" lon="2.571688">
        <ele>481.4</ele>
        <time>2016-02-08T10:55:14.997Z</time>
    </trkpt>
    <trkpt lat="42.157485" lon="2.57179">
        <ele>479.5</ele>
        <time>2016-02-08T10:55:22.997Z</time>
    </trkpt>
    <trkpt lat="42.157511" lon="2.571901">
        <ele>480.2</ele>
        <time>2016-02-08T10:55:31.997Z</time>
    </trkpt>
    <trkpt lat="42.157536" lon="2.572001">
        <ele>480.9</ele>
        <time>2016-02-08T10:55:37.997Z</time>
    </trkpt>
    <trkpt lat="42.157548" lon="2.57211">
        <ele>480.8</ele>
        <time>2016-02-08T10:55:43.997Z</time>
    </trkpt>
    <trkpt lat="42.15755" lon="2.572226">
        <ele>480.4</ele>
        <time>2016-02-08T10:55:51.997Z</time>
    </trkpt>
    <trkpt lat="42.157555" lon="2.572333">
        <ele>480.9</ele>
        <time>2016-02-08T10:55:57.997Z</time>
    </trkpt>
    <trkpt lat="42.157556" lon="2.572351">
        <ele>480.8</ele>
        <time>2016-02-08T10:55:58.997Z</time>
    </trkpt>
    <trkpt lat="42.157596" lon="2.572543">
        <ele>480.2</ele>
        <time>2016-02-08T10:56:09.997Z</time>
    </trkpt>
    <trkpt lat="42.157616" lon="2.57264">
        <ele>480.3</ele>
        <time>2016-02-08T10:56:14.997Z</time>
    </trkpt>
    <trkpt lat="42.15763" lon="2.572743">
        <ele>480.9</ele>
        <time>2016-02-08T10:56:19.997Z</time>
    </trkpt>
    <trkpt lat="42.157646" lon="2.572853">
        <ele>480.7</ele>
        <time>2016-02-08T10:56:26.997Z</time>
    </trkpt>
    <trkpt lat="42.157656" lon="2.572968">
        <ele>481.4</ele>
        <time>2016-02-08T10:56:34.997Z</time>
    </trkpt>
    <trkpt lat="42.157635" lon="2.573085">
        <ele>482.2</ele>
        <time>2016-02-08T10:56:41.997Z</time>
    </trkpt>
    <trkpt lat="42.157613" lon="2.573191">
        <ele>482.6</ele>
        <time>2016-02-08T10:56:49.997Z</time>
    </trkpt>
    <trkpt lat="42.157628" lon="2.573308">
        <ele>482.1</ele>
        <time>2016-02-08T10:56:57.997Z</time>
    </trkpt>
    <trkpt lat="42.157645" lon="2.573423">
        <ele>482.6</ele>
        <time>2016-02-08T10:57:08.997Z</time>
    </trkpt>
    <trkpt lat="42.157648" lon="2.573446">
        <ele>482.8</ele>
        <time>2016-02-08T10:57:09.997Z</time>
    </trkpt>
    <trkpt lat="42.157675" lon="2.573623">
        <ele>481.9</ele>
        <time>2016-02-08T10:57:18.997Z</time>
    </trkpt>
    <trkpt lat="42.157691" lon="2.57374">
        <ele>481.8</ele>
        <time>2016-02-08T10:57:25.997Z</time>
    </trkpt>
    <trkpt lat="42.157701" lon="2.573856">
        <ele>480.8</ele>
        <time>2016-02-08T10:57:31.997Z</time>
    </trkpt>
    <trkpt lat="42.157715" lon="2.573971">
        <ele>482.0</ele>
        <time>2016-02-08T10:57:37.997Z</time>
    </trkpt>
    <trkpt lat="42.157728" lon="2.574091">
        <ele>481.9</ele>
        <time>2016-02-08T10:57:44.997Z</time>
    </trkpt>
    <trkpt lat="42.157728" lon="2.574198">
        <ele>480.7</ele>
        <time>2016-02-08T10:57:50.997Z</time>
    </trkpt>
    <trkpt lat="42.157726" lon="2.574313">
        <ele>481.2</ele>
        <time>2016-02-08T10:57:56.997Z</time>
    </trkpt>
    <trkpt lat="42.15773" lon="2.57442">
        <ele>480.7</ele>
        <time>2016-02-08T10:58:02.997Z</time>
    </trkpt>
    <trkpt lat="42.157735" lon="2.574533">
        <ele>480.2</ele>
        <time>2016-02-08T10:58:08.997Z</time>
    </trkpt>
    <trkpt lat="42.157743" lon="2.574653">
        <ele>481.4</ele>
        <time>2016-02-08T10:58:14.997Z</time>
    </trkpt>
    <trkpt lat="42.157743" lon="2.574676">
        <ele>481.3</ele>
        <time>2016-02-08T10:58:15.997Z</time>
    </trkpt>
    <trkpt lat="42.15777" lon="2.574858">
        <ele>480.4</ele>
        <time>2016-02-08T10:58:24.997Z</time>
    </trkpt>
    <trkpt lat="42.157801" lon="2.574971">
        <ele>479.7</ele>
        <time>2016-02-08T10:58:30.997Z</time>
    </trkpt>
    <trkpt lat="42.157828" lon="2.575075">
        <ele>479.0</ele>
        <time>2016-02-08T10:58:36.997Z</time>
    </trkpt>
    <trkpt lat="42.15788" lon="2.575173">
        <ele>479.0</ele>
        <time>2016-02-08T10:58:43.997Z</time>
    </trkpt>
    <trkpt lat="42.157936" lon="2.575246">
        <ele>478.2</ele>
        <time>2016-02-08T10:58:49.997Z</time>
    </trkpt>
    <trkpt lat="42.15801" lon="2.575291">
        <ele>477.7</ele>
        <time>2016-02-08T10:58:55.997Z</time>
    </trkpt>
    <trkpt lat="42.158086" lon="2.575351">
        <ele>476.4</ele>
        <time>2016-02-08T10:59:05.997Z</time>
    </trkpt>
    <trkpt lat="42.158073" lon="2.575466">
        <ele>474.6</ele>
        <time>2016-02-08T10:59:17.997Z</time>
    </trkpt>
    <trkpt lat="42.158065" lon="2.575473">
        <ele>473.9</ele>
        <time>2016-02-08T10:59:18.997Z</time>
    </trkpt>
    <trkpt lat="42.157928" lon="2.575571">
        <ele>472.4</ele>
        <time>2016-02-08T10:59:31.997Z</time>
    </trkpt>
    <trkpt lat="42.157856" lon="2.575635">
        <ele>471.3</ele>
        <time>2016-02-08T10:59:37.997Z</time>
    </trkpt>
    <trkpt lat="42.157793" lon="2.575695">
        <ele>470.5</ele>
        <time>2016-02-08T10:59:42.997Z</time>
    </trkpt>
    <trkpt lat="42.157721" lon="2.575763">
        <ele>469.2</ele>
        <time>2016-02-08T10:59:50.997Z</time>
    </trkpt>
    <trkpt lat="42.157645" lon="2.575825">
        <ele>467.9</ele>
        <time>2016-02-08T10:59:59.997Z</time>
    </trkpt>
    <trkpt lat="42.157585" lon="2.575906">
        <ele>469.0</ele>
        <time>2016-02-08T11:00:12.997Z</time>
    </trkpt>
    <trkpt lat="42.157535" lon="2.576005">
        <ele>468.3</ele>
        <time>2016-02-08T11:00:19.997Z</time>
    </trkpt>
    <trkpt lat="42.157528" lon="2.57602">
        <ele>468.2</ele>
        <time>2016-02-08T11:00:20.997Z</time>
    </trkpt>
    <trkpt lat="42.157438" lon="2.576196">
        <ele>468.4</ele>
        <time>2016-02-08T11:00:51.997Z</time>
    </trkpt>
    <trkpt lat="42.157378" lon="2.576286">
        <ele>470.2</ele>
        <time>2016-02-08T11:01:05.997Z</time>
    </trkpt>
    <trkpt lat="42.157306" lon="2.576358">
        <ele>473.9</ele>
        <time>2016-02-08T11:01:24.997Z</time>
    </trkpt>
    <trkpt lat="42.157306" lon="2.57636">
        <ele>474.4</ele>
        <time>2016-02-08T11:01:25.997Z</time>
    </trkpt>
    <trkpt lat="42.157266" lon="2.576586">
        <ele>475.1</ele>
        <time>2016-02-08T11:02:36.997Z</time>
    </trkpt>
    <trkpt lat="42.157263" lon="2.576591">
        <ele>475.4</ele>
        <time>2016-02-08T11:02:37.997Z</time>
    </trkpt>
    <trkpt lat="42.157105" lon="2.576671">
        <ele>482.1</ele>
        <time>2016-02-08T11:03:00.997Z</time>
    </trkpt>
    <trkpt lat="42.157021" lon="2.576696">
        <ele>482.0</ele>
        <time>2016-02-08T11:03:11.997Z</time>
    </trkpt>
    <trkpt lat="42.156936" lon="2.57672">
        <ele>483.0</ele>
        <time>2016-02-08T11:03:34.997Z</time>
    </trkpt>
    <trkpt lat="42.156855" lon="2.576693">
        <ele>481.0</ele>
        <time>2016-02-08T11:03:43.997Z</time>
    </trkpt>
    <trkpt lat="42.156845" lon="2.576688">
        <ele>480.7</ele>
        <time>2016-02-08T11:03:44.997Z</time>
    </trkpt>
    <trkpt lat="42.156691" lon="2.576708">
        <ele>479.8</ele>
        <time>2016-02-08T11:03:59.997Z</time>
    </trkpt>
    <trkpt lat="42.156606" lon="2.576716">
        <ele>477.7</ele>
        <time>2016-02-08T11:04:07.997Z</time>
    </trkpt>
    <trkpt lat="42.156518" lon="2.576696">
        <ele>476.9</ele>
        <time>2016-02-08T11:04:18.997Z</time>
    </trkpt>
    <trkpt lat="42.156431" lon="2.576676">
        <ele>475.3</ele>
        <time>2016-02-08T11:04:27.997Z</time>
    </trkpt>
    <trkpt lat="42.15637" lon="2.576603">
        <ele>475.1</ele>
        <time>2016-02-08T11:04:37.997Z</time>
    </trkpt>
    <trkpt lat="42.156296" lon="2.576538">
        <ele>474.3</ele>
        <time>2016-02-08T11:04:46.997Z</time>
    </trkpt>
    <trkpt lat="42.156288" lon="2.576528">
        <ele>474.0</ele>
        <time>2016-02-08T11:04:47.997Z</time>
    </trkpt>
    <trkpt lat="42.156135" lon="2.576468">
        <ele>473.4</ele>
        <time>2016-02-08T11:05:02.997Z</time>
    </trkpt>
    <trkpt lat="42.156046" lon="2.57646">
        <ele>472.1</ele>
        <time>2016-02-08T11:05:10.997Z</time>
    </trkpt>
    <trkpt lat="42.155966" lon="2.57644">
        <ele>472.5</ele>
        <time>2016-02-08T11:05:18.997Z</time>
    </trkpt>
    <trkpt lat="42.155885" lon="2.576416">
        <ele>473.1</ele>
        <time>2016-02-08T11:05:27.997Z</time>
    </trkpt>
    <trkpt lat="42.155801" lon="2.57646">
        <ele>472.0</ele>
        <time>2016-02-08T11:05:38.997Z</time>
    </trkpt>
    <trkpt lat="42.155716" lon="2.576426">
        <ele>470.6</ele>
        <time>2016-02-08T11:05:52.997Z</time>
    </trkpt>
    <trkpt lat="42.155713" lon="2.576426">
        <ele>470.3</ele>
        <time>2016-02-08T11:05:53.997Z</time>
    </trkpt>
    <trkpt lat="42.155578" lon="2.576536">
        <ele>470.1</ele>
        <time>2016-02-08T11:06:14.997Z</time>
    </trkpt>
    <trkpt lat="42.155543" lon="2.576638">
        <ele>471.1</ele>
        <time>2016-02-08T11:06:22.997Z</time>
    </trkpt>
    <trkpt lat="42.155521" lon="2.576743">
        <ele>472.6</ele>
        <time>2016-02-08T11:06:30.997Z</time>
    </trkpt>
    <trkpt lat="42.15549" lon="2.57684">
        <ele>474.4</ele>
        <time>2016-02-08T11:06:38.997Z</time>
    </trkpt>
    <trkpt lat="42.155465" lon="2.576946">
        <ele>474.8</ele>
        <time>2016-02-08T11:06:45.997Z</time>
    </trkpt>
    <trkpt lat="42.155445" lon="2.577061">
        <ele>476.1</ele>
        <time>2016-02-08T11:06:52.997Z</time>
    </trkpt>
    <trkpt lat="42.15542" lon="2.577175">
        <ele>477.3</ele>
        <time>2016-02-08T11:07:01.997Z</time>
    </trkpt>
    <trkpt lat="42.15542" lon="2.577186">
        <ele>477.7</ele>
        <time>2016-02-08T11:07:02.997Z</time>
    </trkpt>
    <trkpt lat="42.155363" lon="2.577381">
        <ele>480.4</ele>
        <time>2016-02-08T11:07:18.997Z</time>
    </trkpt>
    <trkpt lat="42.155331" lon="2.57749">
        <ele>481.5</ele>
        <time>2016-02-08T11:07:26.997Z</time>
    </trkpt>
    <trkpt lat="42.155296" lon="2.577595">
        <ele>481.8</ele>
        <time>2016-02-08T11:07:39.997Z</time>
    </trkpt>
    <trkpt lat="42.155256" lon="2.577703">
        <ele>483.5</ele>
        <time>2016-02-08T11:07:52.997Z</time>
    </trkpt>
    <trkpt lat="42.155235" lon="2.57781">
        <ele>484.4</ele>
        <time>2016-02-08T11:08:01.997Z</time>
    </trkpt>
    <trkpt lat="42.155216" lon="2.57792">
        <ele>485.2</ele>
        <time>2016-02-08T11:08:09.997Z</time>
    </trkpt>
    <trkpt lat="42.15521" lon="2.57793">
        <ele>485.4</ele>
        <time>2016-02-08T11:08:10.997Z</time>
    </trkpt>
    <trkpt lat="42.155155" lon="2.578143">
        <ele>485.1</ele>
        <time>2016-02-08T11:08:33.997Z</time>
    </trkpt>
    <trkpt lat="42.155143" lon="2.578258">
        <ele>485.2</ele>
        <time>2016-02-08T11:08:42.997Z</time>
    </trkpt>
    <trkpt lat="42.155136" lon="2.578375">
        <ele>487.0</ele>
        <time>2016-02-08T11:08:50.997Z</time>
    </trkpt>
    <trkpt lat="42.155125" lon="2.578481">
        <ele>488.7</ele>
        <time>2016-02-08T11:08:57.997Z</time>
    </trkpt>
    <trkpt lat="42.155095" lon="2.578576">
        <ele>489.4</ele>
        <time>2016-02-08T11:09:02.997Z</time>
    </trkpt>
    <trkpt lat="42.155046" lon="2.578666">
        <ele>490.1</ele>
        <time>2016-02-08T11:09:08.997Z</time>
    </trkpt>
    <trkpt lat="42.15502" lon="2.578778">
        <ele>491.7</ele>
        <time>2016-02-08T11:09:23.997Z</time>
    </trkpt>
    <trkpt lat="42.155016" lon="2.578781">
        <ele>491.9</ele>
        <time>2016-02-08T11:09:24.997Z</time>
    </trkpt>
    <trkpt lat="42.154861" lon="2.578825">
        <ele>489.5</ele>
        <time>2016-02-08T11:09:41.997Z</time>
    </trkpt>
    <trkpt lat="42.154775" lon="2.578826">
        <ele>487.8</ele>
        <time>2016-02-08T11:09:50.997Z</time>
    </trkpt>
    <trkpt lat="42.154695" lon="2.578778">
        <ele>487.7</ele>
        <time>2016-02-08T11:10:04.997Z</time>
    </trkpt>
    <trkpt lat="42.154643" lon="2.578696">
        <ele>486.5</ele>
        <time>2016-02-08T11:10:12.997Z</time>
    </trkpt>
    <trkpt lat="42.154568" lon="2.578633">
        <ele>484.1</ele>
        <time>2016-02-08T11:10:26.997Z</time>
    </trkpt>
    <trkpt lat="42.154556" lon="2.578636">
        <ele>483.8</ele>
        <time>2016-02-08T11:10:27.997Z</time>
    </trkpt>
    <trkpt lat="42.154453" lon="2.578798">
        <ele>488.0</ele>
        <time>2016-02-08T11:12:43.997Z</time>
    </trkpt>
    <trkpt lat="42.154451" lon="2.578801">
        <ele>488.0</ele>
        <time>2016-02-08T11:12:44.997Z</time>
    </trkpt>
    <trkpt lat="42.154335" lon="2.57896">
        <ele>484.7</ele>
        <time>2016-02-08T11:13:07.997Z</time>
    </trkpt>
    <trkpt lat="42.154305" lon="2.579071">
        <ele>484.2</ele>
        <time>2016-02-08T11:13:20.997Z</time>
    </trkpt>
    <trkpt lat="42.154316" lon="2.57919">
        <ele>480.2</ele>
        <time>2016-02-08T11:13:37.997Z</time>
    </trkpt>
    <trkpt lat="42.154256" lon="2.579273">
        <ele>483.4</ele>
        <time>2016-02-08T11:13:52.997Z</time>
    </trkpt>
    <trkpt lat="42.15425" lon="2.579271">
        <ele>482.9</ele>
        <time>2016-02-08T11:13:53.997Z</time>
    </trkpt>
    <trkpt lat="42.15409" lon="2.579251">
        <ele>477.9</ele>
        <time>2016-02-08T11:14:12.997Z</time>
    </trkpt>
    <trkpt lat="42.15401" lon="2.579205">
        <ele>477.3</ele>
        <time>2016-02-08T11:14:28.997Z</time>
    </trkpt>
    <trkpt lat="42.15396" lon="2.579106">
        <ele>477.5</ele>
        <time>2016-02-08T11:14:37.997Z</time>
    </trkpt>
    <trkpt lat="42.153948" lon="2.578991">
        <ele>477.4</ele>
        <time>2016-02-08T11:14:45.997Z</time>
    </trkpt>
    <trkpt lat="42.153958" lon="2.578871">
        <ele>474.6</ele>
        <time>2016-02-08T11:14:54.997Z</time>
    </trkpt>
    <trkpt lat="42.15396" lon="2.578856">
        <ele>474.6</ele>
        <time>2016-02-08T11:14:55.997Z</time>
    </trkpt>
    <trkpt lat="42.154001" lon="2.578653">
        <ele>472.3</ele>
        <time>2016-02-08T11:15:15.997Z</time>
    </trkpt>
    <trkpt lat="42.153993" lon="2.578555">
        <ele>471.3</ele>
        <time>2016-02-08T11:15:21.997Z</time>
    </trkpt>
    <trkpt lat="42.15396" lon="2.578453">
        <ele>471.0</ele>
        <time>2016-02-08T11:15:26.997Z</time>
    </trkpt>
    <trkpt lat="42.153928" lon="2.578351">
        <ele>469.0</ele>
        <time>2016-02-08T11:15:32.997Z</time>
    </trkpt>
    <trkpt lat="42.153905" lon="2.578243">
        <ele>468.1</ele>
        <time>2016-02-08T11:15:38.997Z</time>
    </trkpt>
    <trkpt lat="42.153886" lon="2.578135">
        <ele>467.4</ele>
        <time>2016-02-08T11:15:45.997Z</time>
    </trkpt>
    <trkpt lat="42.153836" lon="2.578046">
        <ele>468.3</ele>
        <time>2016-02-08T11:16:14.997Z</time>
    </trkpt>
    <trkpt lat="42.153831" lon="2.578033">
        <ele>468.1</ele>
        <time>2016-02-08T11:16:15.997Z</time>
    </trkpt>
    <trkpt lat="42.153766" lon="2.577838">
        <ele>467.0</ele>
        <time>2016-02-08T11:16:46.997Z</time>
    </trkpt>
    <trkpt lat="42.153696" lon="2.577775">
        <ele>466.0</ele>
        <time>2016-02-08T11:16:58.997Z</time>
    </trkpt>
    <trkpt lat="42.153638" lon="2.577685">
        <ele>466.1</ele>
        <time>2016-02-08T11:17:08.997Z</time>
    </trkpt>
    <trkpt lat="42.153658" lon="2.577568">
        <ele>463.3</ele>
        <time>2016-02-08T11:17:15.997Z</time>
    </trkpt>
    <trkpt lat="42.153663" lon="2.577556">
        <ele>462.4</ele>
        <time>2016-02-08T11:17:16.997Z</time>
    </trkpt>
    <trkpt lat="42.153753" lon="2.577366">
        <ele>464.5</ele>
        <time>2016-02-08T11:17:30.997Z</time>
    </trkpt>
    <trkpt lat="42.153795" lon="2.57726">
        <ele>464.5</ele>
        <time>2016-02-08T11:17:37.997Z</time>
    </trkpt>
    <trkpt lat="42.153828" lon="2.577153">
        <ele>463.5</ele>
        <time>2016-02-08T11:17:44.997Z</time>
    </trkpt>
    <trkpt lat="42.15383" lon="2.577038">
        <ele>462.1</ele>
        <time>2016-02-08T11:17:51.997Z</time>
    </trkpt>
    <trkpt lat="42.153848" lon="2.576928">
        <ele>461.7</ele>
        <time>2016-02-08T11:18:28.997Z</time>
    </trkpt>
    <trkpt lat="42.153843" lon="2.576913">
        <ele>461.6</ele>
        <time>2016-02-08T11:18:29.997Z</time>
    </trkpt>
    <trkpt lat="42.153723" lon="2.576798">
        <ele>462.0</ele>
        <time>2016-02-08T11:18:40.997Z</time>
    </trkpt>
    <trkpt lat="42.153645" lon="2.576758">
        <ele>463.6</ele>
        <time>2016-02-08T11:18:46.997Z</time>
    </trkpt>
    <trkpt lat="42.153563" lon="2.576716">
        <ele>462.1</ele>
        <time>2016-02-08T11:18:52.997Z</time>
    </trkpt>
    <trkpt lat="42.153481" lon="2.576691">
        <ele>461.3</ele>
        <time>2016-02-08T11:18:58.997Z</time>
    </trkpt>
    <trkpt lat="42.1534" lon="2.576643">
        <ele>462.1</ele>
        <time>2016-02-08T11:19:04.997Z</time>
    </trkpt>
    <trkpt lat="42.153345" lon="2.576571">
        <ele>463.8</ele>
        <time>2016-02-08T11:19:10.997Z</time>
    </trkpt>
    <trkpt lat="42.153311" lon="2.57647">
        <ele>464.4</ele>
        <time>2016-02-08T11:19:16.997Z</time>
    </trkpt>
    <trkpt lat="42.153278" lon="2.576363">
        <ele>465.6</ele>
        <time>2016-02-08T11:19:22.997Z</time>
    </trkpt>
    <trkpt lat="42.153251" lon="2.576263">
        <ele>465.2</ele>
        <time>2016-02-08T11:19:28.997Z</time>
    </trkpt>
    <trkpt lat="42.153218" lon="2.576161">
        <ele>466.4</ele>
        <time>2016-02-08T11:19:34.997Z</time>
    </trkpt>
    <trkpt lat="42.153211" lon="2.576141">
        <ele>466.3</ele>
        <time>2016-02-08T11:19:35.997Z</time>
    </trkpt>
    <trkpt lat="42.153165" lon="2.575965">
        <ele>467.1</ele>
        <time>2016-02-08T11:19:44.997Z</time>
    </trkpt>
    <trkpt lat="42.153105" lon="2.575875">
        <ele>468.1</ele>
        <time>2016-02-08T11:19:51.997Z</time>
    </trkpt>
    <trkpt lat="42.153033" lon="2.575923">
        <ele>468.6</ele>
        <time>2016-02-08T11:19:58.997Z</time>
    </trkpt>
    <trkpt lat="42.153016" lon="2.576033">
        <ele>468.8</ele>
        <time>2016-02-08T11:20:04.997Z</time>
    </trkpt>
    <trkpt lat="42.153006" lon="2.576143">
        <ele>468.6</ele>
        <time>2016-02-08T11:20:10.997Z</time>
    </trkpt>
    <trkpt lat="42.152996" lon="2.576256">
        <ele>466.9</ele>
        <time>2016-02-08T11:20:16.997Z</time>
    </trkpt>
    <trkpt lat="42.152985" lon="2.576375">
        <ele>466.8</ele>
        <time>2016-02-08T11:20:22.997Z</time>
    </trkpt>
    <trkpt lat="42.152981" lon="2.576481">
        <ele>466.5</ele>
        <time>2016-02-08T11:20:28.997Z</time>
    </trkpt>
    <trkpt lat="42.152981" lon="2.576588">
        <ele>466.5</ele>
        <time>2016-02-08T11:20:34.997Z</time>
    </trkpt>
    <trkpt lat="42.152975" lon="2.576703">
        <ele>466.3</ele>
        <time>2016-02-08T11:20:40.997Z</time>
    </trkpt>
    <trkpt lat="42.152975" lon="2.576721">
        <ele>466.4</ele>
        <time>2016-02-08T11:20:41.997Z</time>
    </trkpt>
    <trkpt lat="42.152965" lon="2.576935">
        <ele>465.7</ele>
        <time>2016-02-08T11:20:53.997Z</time>
    </trkpt>
    <trkpt lat="42.152951" lon="2.57705">
        <ele>465.1</ele>
        <time>2016-02-08T11:20:59.997Z</time>
    </trkpt>
    <trkpt lat="42.152943" lon="2.57716">
        <ele>465.4</ele>
        <time>2016-02-08T11:21:05.997Z</time>
    </trkpt>
    <trkpt lat="42.152928" lon="2.577273">
        <ele>464.6</ele>
        <time>2016-02-08T11:21:11.997Z</time>
    </trkpt>
    <trkpt lat="42.152915" lon="2.577381">
        <ele>464.6</ele>
        <time>2016-02-08T11:21:17.997Z</time>
    </trkpt>
    <trkpt lat="42.152895" lon="2.577495">
        <ele>463.9</ele>
        <time>2016-02-08T11:21:23.997Z</time>
    </trkpt>
    <trkpt lat="42.152875" lon="2.577611">
        <ele>463.1</ele>
        <time>2016-02-08T11:21:30.997Z</time>
    </trkpt>
    <trkpt lat="42.152846" lon="2.577716">
        <ele>462.7</ele>
        <time>2016-02-08T11:21:36.997Z</time>
    </trkpt>
    <trkpt lat="42.152813" lon="2.577821">
        <ele>462.7</ele>
        <time>2016-02-08T11:21:42.997Z</time>
    </trkpt>
    <trkpt lat="42.152808" lon="2.577836">
        <ele>462.9</ele>
        <time>2016-02-08T11:21:43.997Z</time>
    </trkpt>
    <trkpt lat="42.152745" lon="2.578016">
        <ele>460.1</ele>
        <time>2016-02-08T11:21:56.997Z</time>
    </trkpt>
    <trkpt lat="42.152708" lon="2.578121">
        <ele>460.0</ele>
        <time>2016-02-08T11:22:02.997Z</time>
    </trkpt>
    <trkpt lat="42.152661" lon="2.578225">
        <ele>460.0</ele>
        <time>2016-02-08T11:22:08.997Z</time>
    </trkpt>
    <trkpt lat="42.15263" lon="2.578335">
        <ele>459.2</ele>
        <time>2016-02-08T11:22:15.997Z</time>
    </trkpt>
    <trkpt lat="42.15261" lon="2.57844">
        <ele>456.9</ele>
        <time>2016-02-08T11:22:22.997Z</time>
    </trkpt>
    <trkpt lat="42.152578" lon="2.578545">
        <ele>455.5</ele>
        <time>2016-02-08T11:22:28.997Z</time>
    </trkpt>
    <trkpt lat="42.15255" lon="2.578643">
        <ele>454.7</ele>
        <time>2016-02-08T11:22:33.997Z</time>
    </trkpt>
    <trkpt lat="42.15252" lon="2.57874">
        <ele>452.7</ele>
        <time>2016-02-08T11:22:38.997Z</time>
    </trkpt>
    <trkpt lat="42.152488" lon="2.57884">
        <ele>453.8</ele>
        <time>2016-02-08T11:22:43.997Z</time>
    </trkpt>
    <trkpt lat="42.152461" lon="2.578951">
        <ele>452.9</ele>
        <time>2016-02-08T11:22:49.997Z</time>
    </trkpt>
    <trkpt lat="42.152458" lon="2.57897">
        <ele>453.1</ele>
        <time>2016-02-08T11:22:50.997Z</time>
    </trkpt>
    <trkpt lat="42.152406" lon="2.579173">
        <ele>452.5</ele>
        <time>2016-02-08T11:23:01.997Z</time>
    </trkpt>
    <trkpt lat="42.152383" lon="2.579276">
        <ele>452.5</ele>
        <time>2016-02-08T11:23:06.997Z</time>
    </trkpt>
    <trkpt lat="42.152351" lon="2.579388">
        <ele>451.2</ele>
        <time>2016-02-08T11:23:14.997Z</time>
    </trkpt>
    <trkpt lat="42.152313" lon="2.579493">
        <ele>451.4</ele>
        <time>2016-02-08T11:23:22.997Z</time>
    </trkpt>
    <trkpt lat="42.15228" lon="2.579601">
        <ele>450.8</ele>
        <time>2016-02-08T11:23:30.997Z</time>
    </trkpt>
    <trkpt lat="42.152241" lon="2.579701">
        <ele>450.5</ele>
        <time>2016-02-08T11:23:36.997Z</time>
    </trkpt>
    <trkpt lat="42.152215" lon="2.579798">
        <ele>450.4</ele>
        <time>2016-02-08T11:23:42.997Z</time>
    </trkpt>
    <trkpt lat="42.15218" lon="2.579908">
        <ele>449.4</ele>
        <time>2016-02-08T11:23:48.997Z</time>
    </trkpt>
    <trkpt lat="42.15216" lon="2.580013">
        <ele>448.7</ele>
        <time>2016-02-08T11:23:54.997Z</time>
    </trkpt>
    <trkpt lat="42.152156" lon="2.580031">
        <ele>449.1</ele>
        <time>2016-02-08T11:23:55.997Z</time>
    </trkpt>
    <trkpt lat="42.152096" lon="2.580215">
        <ele>448.0</ele>
        <time>2016-02-08T11:24:05.997Z</time>
    </trkpt>
    <trkpt lat="42.152076" lon="2.580328">
        <ele>449.1</ele>
        <time>2016-02-08T11:24:13.997Z</time>
    </trkpt>
    <trkpt lat="42.152051" lon="2.580431">
        <ele>447.9</ele>
        <time>2016-02-08T11:24:21.997Z</time>
    </trkpt>
    <trkpt lat="42.152025" lon="2.580535">
        <ele>448.1</ele>
        <time>2016-02-08T11:24:27.997Z</time>
    </trkpt>
    <trkpt lat="42.152005" lon="2.580645">
        <ele>448.0</ele>
        <time>2016-02-08T11:24:33.997Z</time>
    </trkpt>
    <trkpt lat="42.151998" lon="2.580751">
        <ele>447.3</ele>
        <time>2016-02-08T11:24:38.997Z</time>
    </trkpt>
    <trkpt lat="42.151998" lon="2.580855">
        <ele>447.3</ele>
        <time>2016-02-08T11:24:43.997Z</time>
    </trkpt>
    <trkpt lat="42.15201" lon="2.580963">
        <ele>446.7</ele>
        <time>2016-02-08T11:24:49.997Z</time>
    </trkpt>
    <trkpt lat="42.152038" lon="2.581073">
        <ele>446.6</ele>
        <time>2016-02-08T11:24:56.997Z</time>
    </trkpt>
    <trkpt lat="42.15204" lon="2.581088">
        <ele>446.0</ele>
        <time>2016-02-08T11:24:57.997Z</time>
    </trkpt>
    <trkpt lat="42.152051" lon="2.58128">
        <ele>445.9</ele>
        <time>2016-02-08T11:25:08.997Z</time>
    </trkpt>
    <trkpt lat="42.152055" lon="2.581393">
        <ele>446.1</ele>
        <time>2016-02-08T11:25:14.997Z</time>
    </trkpt>
    <trkpt lat="42.152071" lon="2.581506">
        <ele>444.8</ele>
        <time>2016-02-08T11:25:21.997Z</time>
    </trkpt>
    <trkpt lat="42.152111" lon="2.581603">
        <ele>444.8</ele>
        <time>2016-02-08T11:25:28.997Z</time>
    </trkpt>
    <trkpt lat="42.152128" lon="2.581718">
        <ele>444.4</ele>
        <time>2016-02-08T11:25:37.997Z</time>
    </trkpt>
    <trkpt lat="42.152106" lon="2.581835">
        <ele>443.6</ele>
        <time>2016-02-08T11:25:55.997Z</time>
    </trkpt>
    <trkpt lat="42.152143" lon="2.581941">
        <ele>442.5</ele>
        <time>2016-02-08T11:26:07.997Z</time>
    </trkpt>
    <trkpt lat="42.152148" lon="2.58195">
        <ele>442.4</ele>
        <time>2016-02-08T11:26:08.997Z</time>
    </trkpt>
    <trkpt lat="42.152173" lon="2.582165">
        <ele>441.7</ele>
        <time>2016-02-08T11:26:26.997Z</time>
    </trkpt>
    <trkpt lat="42.152168" lon="2.582271">
        <ele>441.6</ele>
        <time>2016-02-08T11:26:34.997Z</time>
    </trkpt>
    <trkpt lat="42.152173" lon="2.58238">
        <ele>439.4</ele>
        <time>2016-02-08T11:26:42.997Z</time>
    </trkpt>
    <trkpt lat="42.152155" lon="2.582496">
        <ele>439.2</ele>
        <time>2016-02-08T11:26:49.997Z</time>
    </trkpt>
    <trkpt lat="42.152133" lon="2.58261">
        <ele>438.4</ele>
        <time>2016-02-08T11:26:56.997Z</time>
    </trkpt>
    <trkpt lat="42.152116" lon="2.582718">
        <ele>437.6</ele>
        <time>2016-02-08T11:27:03.997Z</time>
    </trkpt>
    <trkpt lat="42.152101" lon="2.582835">
        <ele>436.7</ele>
        <time>2016-02-08T11:27:11.997Z</time>
    </trkpt>
    <trkpt lat="42.152098" lon="2.58285">
        <ele>436.6</ele>
        <time>2016-02-08T11:27:12.997Z</time>
    </trkpt>
    <trkpt lat="42.152066" lon="2.583058">
        <ele>432.6</ele>
        <time>2016-02-08T11:27:24.997Z</time>
    </trkpt>
    <trkpt lat="42.152038" lon="2.583166">
        <ele>436.8</ele>
        <time>2016-02-08T11:27:32.997Z</time>
    </trkpt>
    <trkpt lat="42.152003" lon="2.583275">
        <ele>433.8</ele>
        <time>2016-02-08T11:27:40.997Z</time>
    </trkpt>
    <trkpt lat="42.15199" lon="2.583388">
        <ele>434.3</ele>
        <time>2016-02-08T11:27:48.997Z</time>
    </trkpt>
    <trkpt lat="42.151988" lon="2.583493">
        <ele>434.5</ele>
        <time>2016-02-08T11:27:54.997Z</time>
    </trkpt>
    <trkpt lat="42.151991" lon="2.583601">
        <ele>434.5</ele>
        <time>2016-02-08T11:28:00.997Z</time>
    </trkpt>
    <trkpt lat="42.152011" lon="2.583708">
        <ele>435.2</ele>
        <time>2016-02-08T11:28:06.997Z</time>
    </trkpt>
    <trkpt lat="42.152028" lon="2.583826">
        <ele>435.4</ele>
        <time>2016-02-08T11:28:12.997Z</time>
    </trkpt>
    <trkpt lat="42.15203" lon="2.583846">
        <ele>435.3</ele>
        <time>2016-02-08T11:28:13.997Z</time>
    </trkpt>
    <trkpt lat="42.152031" lon="2.584036">
        <ele>435.6</ele>
        <time>2016-02-08T11:28:23.997Z</time>
    </trkpt>
    <trkpt lat="42.15203" lon="2.584155">
        <ele>435.9</ele>
        <time>2016-02-08T11:28:30.997Z</time>
    </trkpt>
    <trkpt lat="42.15201" lon="2.584266">
        <ele>435.9</ele>
        <time>2016-02-08T11:28:37.997Z</time>
    </trkpt>
    <trkpt lat="42.152" lon="2.584381">
        <ele>436.8</ele>
        <time>2016-02-08T11:28:44.997Z</time>
    </trkpt>
    <trkpt lat="42.151986" lon="2.584495">
        <ele>436.9</ele>
        <time>2016-02-08T11:28:52.997Z</time>
    </trkpt>
    <trkpt lat="42.15193" lon="2.584586">
        <ele>437.6</ele>
        <time>2016-02-08T11:29:05.997Z</time>
    </trkpt>
    <trkpt lat="42.151848" lon="2.58462">
        <ele>436.9</ele>
        <time>2016-02-08T11:29:13.997Z</time>
    </trkpt>
    <trkpt lat="42.151838" lon="2.58462">
        <ele>437.0</ele>
        <time>2016-02-08T11:29:14.997Z</time>
    </trkpt>
    <trkpt lat="42.151676" lon="2.58462">
        <ele>434.6</ele>
        <time>2016-02-08T11:29:29.997Z</time>
    </trkpt>
    <trkpt lat="42.151596" lon="2.58462">
        <ele>433.9</ele>
        <time>2016-02-08T11:29:36.997Z</time>
    </trkpt>
    <trkpt lat="42.151515" lon="2.584616">
        <ele>434.2</ele>
        <time>2016-02-08T11:29:44.997Z</time>
    </trkpt>
    <trkpt lat="42.151428" lon="2.584635">
        <ele>431.2</ele>
        <time>2016-02-08T11:29:54.997Z</time>
    </trkpt>
    <trkpt lat="42.151343" lon="2.58464">
        <ele>430.6</ele>
        <time>2016-02-08T11:30:02.997Z</time>
    </trkpt>
    <trkpt lat="42.151258" lon="2.584633">
        <ele>429.4</ele>
        <time>2016-02-08T11:30:10.997Z</time>
    </trkpt>
    <trkpt lat="42.151171" lon="2.584621">
        <ele>428.9</ele>
        <time>2016-02-08T11:30:23.997Z</time>
    </trkpt>
    <trkpt lat="42.151166" lon="2.584621">
        <ele>428.9</ele>
        <time>2016-02-08T11:30:24.997Z</time>
    </trkpt>
    <trkpt lat="42.151223" lon="2.584833">
        <ele>428.0</ele>
        <time>2016-02-08T11:31:06.997Z</time>
    </trkpt>
    <trkpt lat="42.151248" lon="2.584946">
        <ele>426.2</ele>
        <time>2016-02-08T11:31:25.997Z</time>
    </trkpt>
    <trkpt lat="42.151246" lon="2.584953">
        <ele>426.3</ele>
        <time>2016-02-08T11:31:26.997Z</time>
    </trkpt>
    <trkpt lat="42.151248" lon="2.585033">
        <ele>426.5</ele>
        <time>2016-02-08T11:33:40.997Z</time>
    </trkpt>
    <trkpt lat="42.151255" lon="2.58503">
        <ele>426.3</ele>
        <time>2016-02-08T11:33:41.997Z</time>
    </trkpt>
    <trkpt lat="42.151196" lon="2.585005">
        <ele>427.4</ele>
        <time>2016-02-08T11:34:42.997Z</time>
    </trkpt>
    <trkpt lat="42.151198" lon="2.58499">
        <ele>426.8</ele>
        <time>2016-02-08T11:34:43.997Z</time>
    </trkpt>
    <trkpt lat="42.151231" lon="2.584781">
        <ele>427.6</ele>
        <time>2016-02-08T11:34:57.997Z</time>
    </trkpt>
    <trkpt lat="42.151296" lon="2.584701">
        <ele>428.6</ele>
        <time>2016-02-08T11:35:06.997Z</time>
    </trkpt>
    <trkpt lat="42.151375" lon="2.584671">
        <ele>430.6</ele>
        <time>2016-02-08T11:35:14.997Z</time>
    </trkpt>
    <trkpt lat="42.151456" lon="2.584625">
        <ele>433.4</ele>
        <time>2016-02-08T11:35:24.997Z</time>
    </trkpt>
    <trkpt lat="42.151536" lon="2.584623">
        <ele>433.7</ele>
        <time>2016-02-08T11:35:33.997Z</time>
    </trkpt>
    <trkpt lat="42.151623" lon="2.584636">
        <ele>435.5</ele>
        <time>2016-02-08T11:35:41.997Z</time>
    </trkpt>
    <trkpt lat="42.151706" lon="2.584636">
        <ele>436.2</ele>
        <time>2016-02-08T11:35:49.997Z</time>
    </trkpt>
    <trkpt lat="42.151715" lon="2.584635">
        <ele>436.3</ele>
        <time>2016-02-08T11:35:50.997Z</time>
    </trkpt>
    <trkpt lat="42.151876" lon="2.584653">
        <ele>436.2</ele>
        <time>2016-02-08T11:36:16.997Z</time>
    </trkpt>
    <trkpt lat="42.151933" lon="2.584741">
        <ele>436.2</ele>
        <time>2016-02-08T11:36:33.997Z</time>
    </trkpt>
    <trkpt lat="42.151935" lon="2.584856">
        <ele>437.1</ele>
        <time>2016-02-08T11:36:45.997Z</time>
    </trkpt>
    <trkpt lat="42.151916" lon="2.58496">
        <ele>436.9</ele>
        <time>2016-02-08T11:36:52.997Z</time>
    </trkpt>
    <trkpt lat="42.151913" lon="2.584976">
        <ele>437.0</ele>
        <time>2016-02-08T11:36:53.997Z</time>
    </trkpt>
    <trkpt lat="42.151895" lon="2.585183">
        <ele>435.4</ele>
        <time>2016-02-08T11:37:06.997Z</time>
    </trkpt>
    <trkpt lat="42.151885" lon="2.585296">
        <ele>436.1</ele>
        <time>2016-02-08T11:37:13.997Z</time>
    </trkpt>
    <trkpt lat="42.151881" lon="2.585405">
        <ele>434.8</ele>
        <time>2016-02-08T11:37:19.997Z</time>
    </trkpt>
    <trkpt lat="42.15187" lon="2.58551">
        <ele>434.6</ele>
        <time>2016-02-08T11:37:25.997Z</time>
    </trkpt>
    <trkpt lat="42.151878" lon="2.585621">
        <ele>434.5</ele>
        <time>2016-02-08T11:37:32.997Z</time>
    </trkpt>
    <trkpt lat="42.15188" lon="2.585731">
        <ele>433.4</ele>
        <time>2016-02-08T11:37:40.997Z</time>
    </trkpt>
    <trkpt lat="42.151861" lon="2.585835">
        <ele>433.9</ele>
        <time>2016-02-08T11:37:47.997Z</time>
    </trkpt>
    <trkpt lat="42.15184" lon="2.585951">
        <ele>433.3</ele>
        <time>2016-02-08T11:37:54.997Z</time>
    </trkpt>
    <trkpt lat="42.151835" lon="2.585968">
        <ele>433.4</ele>
        <time>2016-02-08T11:37:55.997Z</time>
    </trkpt>
    <trkpt lat="42.1518" lon="2.58616">
        <ele>434.1</ele>
        <time>2016-02-08T11:38:06.997Z</time>
    </trkpt>
    <trkpt lat="42.15178" lon="2.586263">
        <ele>433.5</ele>
        <time>2016-02-08T11:38:12.997Z</time>
    </trkpt>
    <trkpt lat="42.151776" lon="2.586373">
        <ele>432.7</ele>
        <time>2016-02-08T11:38:18.997Z</time>
    </trkpt>
    <trkpt lat="42.151766" lon="2.586486">
        <ele>432.0</ele>
        <time>2016-02-08T11:38:24.997Z</time>
    </trkpt>
    <trkpt lat="42.151746" lon="2.586601">
        <ele>430.9</ele>
        <time>2016-02-08T11:38:30.997Z</time>
    </trkpt>
    <trkpt lat="42.15173" lon="2.58672">
        <ele>430.5</ele>
        <time>2016-02-08T11:38:36.997Z</time>
    </trkpt>
    <trkpt lat="42.151721" lon="2.586826">
        <ele>429.8</ele>
        <time>2016-02-08T11:38:41.997Z</time>
    </trkpt>
    <trkpt lat="42.151715" lon="2.586931">
        <ele>429.1</ele>
        <time>2016-02-08T11:38:46.997Z</time>
    </trkpt>
    <trkpt lat="42.151698" lon="2.587046">
        <ele>429.0</ele>
        <time>2016-02-08T11:38:52.997Z</time>
    </trkpt>
    <trkpt lat="42.15169" lon="2.587166">
        <ele>428.3</ele>
        <time>2016-02-08T11:38:59.997Z</time>
    </trkpt>
    <trkpt lat="42.151688" lon="2.587183">
        <ele>428.0</ele>
        <time>2016-02-08T11:39:00.997Z</time>
    </trkpt>
    <trkpt lat="42.151671" lon="2.587381">
        <ele>428.6</ele>
        <time>2016-02-08T11:39:11.997Z</time>
    </trkpt>
    <trkpt lat="42.151648" lon="2.587481">
        <ele>427.4</ele>
        <time>2016-02-08T11:39:16.997Z</time>
    </trkpt>
    <trkpt lat="42.151628" lon="2.587595">
        <ele>426.1</ele>
        <time>2016-02-08T11:39:23.997Z</time>
    </trkpt>
    <trkpt lat="42.15163" lon="2.587708">
        <ele>424.7</ele>
        <time>2016-02-08T11:39:31.997Z</time>
    </trkpt>
    <trkpt lat="42.15162" lon="2.587813">
        <ele>424.8</ele>
        <time>2016-02-08T11:39:38.997Z</time>
    </trkpt>
    <trkpt lat="42.15158" lon="2.58792">
        <ele>422.0</ele>
        <time>2016-02-08T11:39:44.997Z</time>
    </trkpt>
    <trkpt lat="42.151543" lon="2.588023">
        <ele>419.9</ele>
        <time>2016-02-08T11:39:51.997Z</time>
    </trkpt>
    <trkpt lat="42.151483" lon="2.588111">
        <ele>419.7</ele>
        <time>2016-02-08T11:40:02.997Z</time>
    </trkpt>
    <trkpt lat="42.151476" lon="2.58811">
        <ele>419.7</ele>
        <time>2016-02-08T11:40:03.997Z</time>
    </trkpt>
    <trkpt lat="42.151456" lon="2.588108">
        <ele>418.9</ele>
        <time>2016-02-08T11:41:01.997Z</time>
    </trkpt>
    <trkpt lat="42.151465" lon="2.588215">
        <ele>417.5</ele>
        <time>2016-02-08T11:41:09.997Z</time>
    </trkpt>
    <trkpt lat="42.151465" lon="2.58823">
        <ele>417.3</ele>
        <time>2016-02-08T11:41:10.997Z</time>
    </trkpt>
    <trkpt lat="42.151451" lon="2.588435">
        <ele>416.5</ele>
        <time>2016-02-08T11:41:21.997Z</time>
    </trkpt>
    <trkpt lat="42.151431" lon="2.588545">
        <ele>417.6</ele>
        <time>2016-02-08T11:41:27.997Z</time>
    </trkpt>
    <trkpt lat="42.151391" lon="2.588653">
        <ele>417.1</ele>
        <time>2016-02-08T11:41:50.997Z</time>
    </trkpt>
    <trkpt lat="42.151475" lon="2.588608">
        <ele>417.1</ele>
        <time>2016-02-08T11:42:20.997Z</time>
    </trkpt>
    <trkpt lat="42.151478" lon="2.588605">
        <ele>417.2</ele>
        <time>2016-02-08T11:42:21.997Z</time>
    </trkpt>
    <trkpt lat="42.151343" lon="2.588731">
        <ele>417.0</ele>
        <time>2016-02-08T11:42:43.997Z</time>
    </trkpt>
    <trkpt lat="42.1513" lon="2.588828">
        <ele>416.6</ele>
        <time>2016-02-08T11:42:51.997Z</time>
    </trkpt>
    <trkpt lat="42.151263" lon="2.588926">
        <ele>418.2</ele>
        <time>2016-02-08T11:42:58.997Z</time>
    </trkpt>
    <trkpt lat="42.151226" lon="2.589031">
        <ele>418.9</ele>
        <time>2016-02-08T11:43:08.997Z</time>
    </trkpt>
    <trkpt lat="42.151195" lon="2.589136">
        <ele>418.4</ele>
        <time>2016-02-08T11:43:17.997Z</time>
    </trkpt>
    <trkpt lat="42.15119" lon="2.589251">
        <ele>420.0</ele>
        <time>2016-02-08T11:43:27.997Z</time>
    </trkpt>
    <trkpt lat="42.151191" lon="2.589263">
        <ele>419.9</ele>
        <time>2016-02-08T11:43:28.997Z</time>
    </trkpt>
    <trkpt lat="42.15119" lon="2.589475">
        <ele>421.6</ele>
        <time>2016-02-08T11:43:41.997Z</time>
    </trkpt>
    <trkpt lat="42.151216" lon="2.589578">
        <ele>422.3</ele>
        <time>2016-02-08T11:43:49.997Z</time>
    </trkpt>
    <trkpt lat="42.151205" lon="2.58969">
        <ele>423.0</ele>
        <time>2016-02-08T11:43:56.997Z</time>
    </trkpt>
    <trkpt lat="42.151195" lon="2.589805">
        <ele>425.1</ele>
        <time>2016-02-08T11:44:03.997Z</time>
    </trkpt>
    <trkpt lat="42.151176" lon="2.589911">
        <ele>425.9</ele>
        <time>2016-02-08T11:44:09.997Z</time>
    </trkpt>
    <trkpt lat="42.151153" lon="2.590015">
        <ele>425.1</ele>
        <time>2016-02-08T11:44:15.997Z</time>
    </trkpt>
    <trkpt lat="42.151108" lon="2.590096">
        <ele>425.6</ele>
        <time>2016-02-08T11:44:20.997Z</time>
    </trkpt>
    <trkpt lat="42.151078" lon="2.5902">
        <ele>426.5</ele>
        <time>2016-02-08T11:44:26.997Z</time>
    </trkpt>
    <trkpt lat="42.151043" lon="2.590311">
        <ele>425.9</ele>
        <time>2016-02-08T11:44:37.997Z</time>
    </trkpt>
    <trkpt lat="42.151041" lon="2.590316">
        <ele>425.8</ele>
        <time>2016-02-08T11:44:38.997Z</time>
    </trkpt>
    <trkpt lat="42.151006" lon="2.590498">
        <ele>426.2</ele>
        <time>2016-02-08T11:45:47.997Z</time>
    </trkpt>
    <trkpt lat="42.151006" lon="2.590511">
        <ele>425.8</ele>
        <time>2016-02-08T11:45:48.997Z</time>
    </trkpt>
    <trkpt lat="42.150935" lon="2.590711">
        <ele>425.2</ele>
        <time>2016-02-08T11:46:01.997Z</time>
    </trkpt>
    <trkpt lat="42.15089" lon="2.590816">
        <ele>425.6</ele>
        <time>2016-02-08T11:46:08.997Z</time>
    </trkpt>
    <trkpt lat="42.15086" lon="2.590911">
        <ele>425.0</ele>
        <time>2016-02-08T11:46:15.997Z</time>
    </trkpt>
    <trkpt lat="42.150835" lon="2.591025">
        <ele>425.6</ele>
        <time>2016-02-08T11:46:22.997Z</time>
    </trkpt>
    <trkpt lat="42.150811" lon="2.591138">
        <ele>425.6</ele>
        <time>2016-02-08T11:46:29.997Z</time>
    </trkpt>
    <trkpt lat="42.150778" lon="2.59125">
        <ele>425.9</ele>
        <time>2016-02-08T11:46:37.997Z</time>
    </trkpt>
    <trkpt lat="42.150751" lon="2.591361">
        <ele>425.7</ele>
        <time>2016-02-08T11:46:45.997Z</time>
    </trkpt>
    <trkpt lat="42.150721" lon="2.591471">
        <ele>425.6</ele>
        <time>2016-02-08T11:46:53.997Z</time>
    </trkpt>
    <trkpt lat="42.150718" lon="2.591488">
        <ele>426.1</ele>
        <time>2016-02-08T11:46:54.997Z</time>
    </trkpt>
    <trkpt lat="42.150665" lon="2.591666">
        <ele>425.3</ele>
        <time>2016-02-08T11:47:04.997Z</time>
    </trkpt>
    <trkpt lat="42.150626" lon="2.591765">
        <ele>425.8</ele>
        <time>2016-02-08T11:47:09.997Z</time>
    </trkpt>
    <trkpt lat="42.150586" lon="2.591851">
        <ele>426.0</ele>
        <time>2016-02-08T11:47:13.997Z</time>
    </trkpt>
    <trkpt lat="42.150536" lon="2.591945">
        <ele>424.7</ele>
        <time>2016-02-08T11:47:18.997Z</time>
    </trkpt>
    <trkpt lat="42.150503" lon="2.592038">
        <ele>424.2</ele>
        <time>2016-02-08T11:47:23.997Z</time>
    </trkpt>
    <trkpt lat="42.150481" lon="2.592151">
        <ele>424.9</ele>
        <time>2016-02-08T11:47:29.997Z</time>
    </trkpt>
    <trkpt lat="42.150475" lon="2.59226">
        <ele>424.2</ele>
        <time>2016-02-08T11:47:35.997Z</time>
    </trkpt>
    <trkpt lat="42.150465" lon="2.592375">
        <ele>424.1</ele>
        <time>2016-02-08T11:47:42.997Z</time>
    </trkpt>
    <trkpt lat="42.150451" lon="2.592491">
        <ele>421.8</ele>
        <time>2016-02-08T11:47:49.997Z</time>
    </trkpt>
    <trkpt lat="42.150428" lon="2.592596">
        <ele>424.6</ele>
        <time>2016-02-08T11:47:56.997Z</time>
    </trkpt>
    <trkpt lat="42.150426" lon="2.59261">
        <ele>424.3</ele>
        <time>2016-02-08T11:47:57.997Z</time>
    </trkpt>
    <trkpt lat="42.15036" lon="2.592805">
        <ele>421.8</ele>
        <time>2016-02-08T11:48:08.997Z</time>
    </trkpt>
    <trkpt lat="42.150331" lon="2.592918">
        <ele>422.1</ele>
        <time>2016-02-08T11:48:14.997Z</time>
    </trkpt>
    <trkpt lat="42.150318" lon="2.593031">
        <ele>421.9</ele>
        <time>2016-02-08T11:48:20.997Z</time>
    </trkpt>
    <trkpt lat="42.150306" lon="2.593148">
        <ele>422.1</ele>
        <time>2016-02-08T11:48:26.997Z</time>
    </trkpt>
    <trkpt lat="42.1503" lon="2.593261">
        <ele>423.1</ele>
        <time>2016-02-08T11:48:32.997Z</time>
    </trkpt>
    <trkpt lat="42.150306" lon="2.593381">
        <ele>422.1</ele>
        <time>2016-02-08T11:48:39.997Z</time>
    </trkpt>
    <trkpt lat="42.150298" lon="2.593496">
        <ele>422.0</ele>
        <time>2016-02-08T11:48:54.997Z</time>
    </trkpt>
    <trkpt lat="42.150306" lon="2.593611">
        <ele>422.2</ele>
        <time>2016-02-08T11:49:02.997Z</time>
    </trkpt>
    <trkpt lat="42.150306" lon="2.593623">
        <ele>422.4</ele>
        <time>2016-02-08T11:49:03.997Z</time>
    </trkpt>
    <trkpt lat="42.150291" lon="2.593838">
        <ele>422.2</ele>
        <time>2016-02-08T11:49:17.997Z</time>
    </trkpt>
    <trkpt lat="42.150286" lon="2.593953">
        <ele>421.8</ele>
        <time>2016-02-08T11:49:25.997Z</time>
    </trkpt>
    <trkpt lat="42.150281" lon="2.59406">
        <ele>421.7</ele>
        <time>2016-02-08T11:49:31.997Z</time>
    </trkpt>
    <trkpt lat="42.150276" lon="2.594168">
        <ele>421.6</ele>
        <time>2016-02-08T11:49:37.997Z</time>
    </trkpt>
    <trkpt lat="42.150285" lon="2.59428">
        <ele>421.9</ele>
        <time>2016-02-08T11:49:43.997Z</time>
    </trkpt>
    <trkpt lat="42.150293" lon="2.594388">
        <ele>420.7</ele>
        <time>2016-02-08T11:49:48.997Z</time>
    </trkpt>
    <trkpt lat="42.150315" lon="2.594503">
        <ele>421.1</ele>
        <time>2016-02-08T11:49:54.997Z</time>
    </trkpt>
    <trkpt lat="42.150348" lon="2.594611">
        <ele>420.5</ele>
        <time>2016-02-08T11:50:00.997Z</time>
    </trkpt>
    <trkpt lat="42.150385" lon="2.594721">
        <ele>421.0</ele>
        <time>2016-02-08T11:50:06.997Z</time>
    </trkpt>
    <trkpt lat="42.150391" lon="2.594738">
        <ele>421.1</ele>
        <time>2016-02-08T11:50:07.997Z</time>
    </trkpt>
    <trkpt lat="42.150453" lon="2.59493">
        <ele>420.4</ele>
        <time>2016-02-08T11:50:18.997Z</time>
    </trkpt>
    <trkpt lat="42.150485" lon="2.595038">
        <ele>419.9</ele>
        <time>2016-02-08T11:50:24.997Z</time>
    </trkpt>
    <trkpt lat="42.150516" lon="2.595145">
        <ele>419.9</ele>
        <time>2016-02-08T11:50:30.997Z</time>
    </trkpt>
    <trkpt lat="42.15055" lon="2.595241">
        <ele>419.0</ele>
        <time>2016-02-08T11:50:36.997Z</time>
    </trkpt>
    <trkpt lat="42.150571" lon="2.595353">
        <ele>419.3</ele>
        <time>2016-02-08T11:50:43.997Z</time>
    </trkpt>
    <trkpt lat="42.150585" lon="2.595461">
        <ele>419.0</ele>
        <time>2016-02-08T11:50:49.997Z</time>
    </trkpt>
    <trkpt lat="42.150596" lon="2.59557">
        <ele>418.7</ele>
        <time>2016-02-08T11:50:55.997Z</time>
    </trkpt>
    <trkpt lat="42.150613" lon="2.595681">
        <ele>419.0</ele>
        <time>2016-02-08T11:51:01.997Z</time>
    </trkpt>
    <trkpt lat="42.150638" lon="2.59579">
        <ele>419.8</ele>
        <time>2016-02-08T11:51:07.997Z</time>
    </trkpt>
    <trkpt lat="42.150641" lon="2.595896">
        <ele>418.8</ele>
        <time>2016-02-08T11:51:13.997Z</time>
    </trkpt>
    <trkpt lat="42.150641" lon="2.595918">
        <ele>418.6</ele>
        <time>2016-02-08T11:51:14.997Z</time>
    </trkpt>
    <trkpt lat="42.150663" lon="2.596123">
        <ele>418.9</ele>
        <time>2016-02-08T11:51:26.997Z</time>
    </trkpt>
    <trkpt lat="42.150675" lon="2.596241">
        <ele>419.3</ele>
        <time>2016-02-08T11:51:34.997Z</time>
    </trkpt>
    <trkpt lat="42.15069" lon="2.596351">
        <ele>420.3</ele>
        <time>2016-02-08T11:51:41.997Z</time>
    </trkpt>
    <trkpt lat="42.150706" lon="2.596466">
        <ele>419.0</ele>
        <time>2016-02-08T11:51:48.997Z</time>
    </trkpt>
    <trkpt lat="42.15071" lon="2.596581">
        <ele>418.6</ele>
        <time>2016-02-08T11:51:54.997Z</time>
    </trkpt>
    <trkpt lat="42.150725" lon="2.596693">
        <ele>417.7</ele>
        <time>2016-02-08T11:52:00.997Z</time>
    </trkpt>
    <trkpt lat="42.150748" lon="2.596806">
        <ele>416.3</ele>
        <time>2016-02-08T11:52:07.997Z</time>
    </trkpt>
    <trkpt lat="42.150786" lon="2.596908">
        <ele>417.3</ele>
        <time>2016-02-08T11:52:14.997Z</time>
    </trkpt>
    <trkpt lat="42.150795" lon="2.596918">
        <ele>417.1</ele>
        <time>2016-02-08T11:52:15.997Z</time>
    </trkpt>
    <trkpt lat="42.150855" lon="2.597115">
        <ele>413.8</ele>
        <time>2016-02-08T11:52:36.997Z</time>
    </trkpt>
    <trkpt lat="42.150885" lon="2.597218">
        <ele>413.9</ele>
        <time>2016-02-08T11:52:42.997Z</time>
    </trkpt>
    <trkpt lat="42.15093" lon="2.597306">
        <ele>414.2</ele>
        <time>2016-02-08T11:52:49.997Z</time>
    </trkpt>
    <trkpt lat="42.150985" lon="2.597378">
        <ele>412.7</ele>
        <time>2016-02-08T11:52:55.997Z</time>
    </trkpt>
    <trkpt lat="42.15104" lon="2.59747">
        <ele>412.4</ele>
        <time>2016-02-08T11:53:02.997Z</time>
    </trkpt>
    <trkpt lat="42.151098" lon="2.597548">
        <ele>411.9</ele>
        <time>2016-02-08T11:53:09.997Z</time>
    </trkpt>
    <trkpt lat="42.151161" lon="2.597631">
        <ele>410.9</ele>
        <time>2016-02-08T11:53:16.997Z</time>
    </trkpt>
    <trkpt lat="42.151171" lon="2.597643">
        <ele>411.0</ele>
        <time>2016-02-08T11:53:17.997Z</time>
    </trkpt>
    <trkpt lat="42.151281" lon="2.597776">
        <ele>411.4</ele>
        <time>2016-02-08T11:53:28.997Z</time>
    </trkpt>
    <trkpt lat="42.151361" lon="2.59783">
        <ele>411.0</ele>
        <time>2016-02-08T11:53:35.997Z</time>
    </trkpt>
    <trkpt lat="42.151433" lon="2.597881">
        <ele>410.9</ele>
        <time>2016-02-08T11:53:42.997Z</time>
    </trkpt>
    <trkpt lat="42.15151" lon="2.597943">
        <ele>408.3</ele>
        <time>2016-02-08T11:54:08.997Z</time>
    </trkpt>
    <trkpt lat="42.15157" lon="2.598021">
        <ele>409.1</ele>
        <time>2016-02-08T11:54:25.997Z</time>
    </trkpt>
    <trkpt lat="42.151576" lon="2.598031">
        <ele>409.3</ele>
        <time>2016-02-08T11:54:26.997Z</time>
    </trkpt>
    <trkpt lat="42.151675" lon="2.598201">
        <ele>408.6</ele>
        <time>2016-02-08T11:54:39.997Z</time>
    </trkpt>
    <trkpt lat="42.151718" lon="2.598296">
        <ele>408.9</ele>
        <time>2016-02-08T11:54:46.997Z</time>
    </trkpt>
    <trkpt lat="42.151745" lon="2.598408">
        <ele>409.1</ele>
        <time>2016-02-08T11:54:53.997Z</time>
    </trkpt>
    <trkpt lat="42.15177" lon="2.598521">
        <ele>408.3</ele>
        <time>2016-02-08T11:54:59.997Z</time>
    </trkpt>
    <trkpt lat="42.15179" lon="2.598628">
        <ele>409.2</ele>
        <time>2016-02-08T11:55:05.997Z</time>
    </trkpt>
    <trkpt lat="42.15182" lon="2.598728">
        <ele>407.5</ele>
        <time>2016-02-08T11:55:11.997Z</time>
    </trkpt>
    <trkpt lat="42.151853" lon="2.598828">
        <ele>406.1</ele>
        <time>2016-02-08T11:55:17.997Z</time>
    </trkpt>
    <trkpt lat="42.151886" lon="2.59893">
        <ele>407.1</ele>
        <time>2016-02-08T11:55:23.997Z</time>
    </trkpt>
    <trkpt lat="42.151918" lon="2.599038">
        <ele>405.9</ele>
        <time>2016-02-08T11:55:29.997Z</time>
    </trkpt>
    <trkpt lat="42.151923" lon="2.599056">
        <ele>405.5</ele>
        <time>2016-02-08T11:55:30.997Z</time>
    </trkpt>
    <trkpt lat="42.151985" lon="2.59924">
        <ele>405.5</ele>
        <time>2016-02-08T11:55:41.997Z</time>
    </trkpt>
    <trkpt lat="42.152015" lon="2.599345">
        <ele>405.4</ele>
        <time>2016-02-08T11:55:47.997Z</time>
    </trkpt>
    <trkpt lat="42.15204" lon="2.59946">
        <ele>403.6</ele>
        <time>2016-02-08T11:55:53.997Z</time>
    </trkpt>
    <trkpt lat="42.152051" lon="2.599571">
        <ele>403.0</ele>
        <time>2016-02-08T11:55:59.997Z</time>
    </trkpt>
    <trkpt lat="42.152071" lon="2.599683">
        <ele>402.8</ele>
        <time>2016-02-08T11:56:05.997Z</time>
    </trkpt>
    <trkpt lat="42.152096" lon="2.599783">
        <ele>403.1</ele>
        <time>2016-02-08T11:56:11.997Z</time>
    </trkpt>
    <trkpt lat="42.152125" lon="2.59989">
        <ele>402.0</ele>
        <time>2016-02-08T11:56:17.997Z</time>
    </trkpt>
    <trkpt lat="42.152158" lon="2.599993">
        <ele>402.2</ele>
        <time>2016-02-08T11:56:29.997Z</time>
    </trkpt>
    <trkpt lat="42.152193" lon="2.600096">
        <ele>401.0</ele>
        <time>2016-02-08T11:56:36.997Z</time>
    </trkpt>
    <trkpt lat="42.152196" lon="2.600108">
        <ele>401.1</ele>
        <time>2016-02-08T11:56:37.997Z</time>
    </trkpt>
    <trkpt lat="42.152298" lon="2.600265">
        <ele>400.7</ele>
        <time>2016-02-08T11:56:52.997Z</time>
    </trkpt>
    <trkpt lat="42.152355" lon="2.600341">
        <ele>400.2</ele>
        <time>2016-02-08T11:56:58.997Z</time>
    </trkpt>
    <trkpt lat="42.152411" lon="2.600423">
        <ele>399.8</ele>
        <time>2016-02-08T11:57:04.997Z</time>
    </trkpt>
    <trkpt lat="42.152465" lon="2.6005">
        <ele>400.1</ele>
        <time>2016-02-08T11:57:10.997Z</time>
    </trkpt>
    <trkpt lat="42.152531" lon="2.600561">
        <ele>399.5</ele>
        <time>2016-02-08T11:57:16.997Z</time>
    </trkpt>
    <trkpt lat="42.152598" lon="2.600621">
        <ele>399.6</ele>
        <time>2016-02-08T11:57:22.997Z</time>
    </trkpt>
    <trkpt lat="42.152665" lon="2.600693">
        <ele>400.3</ele>
        <time>2016-02-08T11:57:28.997Z</time>
    </trkpt>
    <trkpt lat="42.15273" lon="2.600768">
        <ele>400.6</ele>
        <time>2016-02-08T11:57:34.997Z</time>
    </trkpt>
    <trkpt lat="42.152781" lon="2.600841">
        <ele>400.0</ele>
        <time>2016-02-08T11:57:39.997Z</time>
    </trkpt>
    <trkpt lat="42.152791" lon="2.600856">
        <ele>400.1</ele>
        <time>2016-02-08T11:57:40.997Z</time>
    </trkpt>
    <trkpt lat="42.152866" lon="2.601028">
        <ele>399.4</ele>
        <time>2016-02-08T11:57:51.997Z</time>
    </trkpt>
    <trkpt lat="42.1529" lon="2.601123">
        <ele>399.8</ele>
        <time>2016-02-08T11:57:57.997Z</time>
    </trkpt>
    <trkpt lat="42.152918" lon="2.60124">
        <ele>399.5</ele>
        <time>2016-02-08T11:58:04.997Z</time>
    </trkpt>
    <trkpt lat="42.152935" lon="2.601348">
        <ele>398.7</ele>
        <time>2016-02-08T11:58:11.997Z</time>
    </trkpt>
    <trkpt lat="42.15297" lon="2.601455">
        <ele>398.7</ele>
        <time>2016-02-08T11:58:18.997Z</time>
    </trkpt>
    <trkpt lat="42.153011" lon="2.601551">
        <ele>397.6</ele>
        <time>2016-02-08T11:58:24.997Z</time>
    </trkpt>
    <trkpt lat="42.153058" lon="2.601653">
        <ele>397.4</ele>
        <time>2016-02-08T11:58:31.997Z</time>
    </trkpt>
    <trkpt lat="42.153108" lon="2.601753">
        <ele>398.2</ele>
        <time>2016-02-08T11:58:38.997Z</time>
    </trkpt>
    <trkpt lat="42.153155" lon="2.601846">
        <ele>398.3</ele>
        <time>2016-02-08T11:58:44.997Z</time>
    </trkpt>
    <trkpt lat="42.153163" lon="2.601863">
        <ele>398.1</ele>
        <time>2016-02-08T11:58:45.997Z</time>
    </trkpt>
    <trkpt lat="42.153251" lon="2.60202">
        <ele>397.7</ele>
        <time>2016-02-08T11:58:57.997Z</time>
    </trkpt>
    <trkpt lat="42.153281" lon="2.60213">
        <ele>396.6</ele>
        <time>2016-02-08T11:59:05.997Z</time>
    </trkpt>
    <trkpt lat="42.153308" lon="2.602233">
        <ele>396.1</ele>
        <time>2016-02-08T11:59:12.997Z</time>
    </trkpt>
    <trkpt lat="42.153325" lon="2.602348">
        <ele>394.8</ele>
        <time>2016-02-08T11:59:19.997Z</time>
    </trkpt>
    <trkpt lat="42.153321" lon="2.602465">
        <ele>394.2</ele>
        <time>2016-02-08T11:59:25.997Z</time>
    </trkpt>
    <trkpt lat="42.153331" lon="2.602585">
        <ele>395.2</ele>
        <time>2016-02-08T11:59:32.997Z</time>
    </trkpt>
    <trkpt lat="42.15332" lon="2.602691">
        <ele>393.9</ele>
        <time>2016-02-08T11:59:37.997Z</time>
    </trkpt>
    <trkpt lat="42.153343" lon="2.602803">
        <ele>393.6</ele>
        <time>2016-02-08T11:59:43.997Z</time>
    </trkpt>
    <trkpt lat="42.153368" lon="2.602916">
        <ele>393.9</ele>
        <time>2016-02-08T11:59:49.997Z</time>
    </trkpt>
    <trkpt lat="42.15337" lon="2.602941">
        <ele>393.9</ele>
        <time>2016-02-08T11:59:50.997Z</time>
    </trkpt>
    <trkpt lat="42.153385" lon="2.603133">
        <ele>392.6</ele>
        <time>2016-02-08T11:59:59.997Z</time>
    </trkpt>
    <trkpt lat="42.153375" lon="2.603246">
        <ele>391.9</ele>
        <time>2016-02-08T12:00:07.997Z</time>
    </trkpt>
    <trkpt lat="42.153368" lon="2.603361">
        <ele>391.6</ele>
        <time>2016-02-08T12:00:22.997Z</time>
    </trkpt>
    <trkpt lat="42.153381" lon="2.603476">
        <ele>390.5</ele>
        <time>2016-02-08T12:00:32.997Z</time>
    </trkpt>
    <trkpt lat="42.153398" lon="2.60359">
        <ele>389.6</ele>
        <time>2016-02-08T12:00:43.997Z</time>
    </trkpt>
    <trkpt lat="42.15347" lon="2.603643">
        <ele>388.7</ele>
        <time>2016-02-08T12:00:50.997Z</time>
    </trkpt>
    <trkpt lat="42.153483" lon="2.603643">
        <ele>388.7</ele>
        <time>2016-02-08T12:00:51.997Z</time>
    </trkpt>
    <trkpt lat="42.153633" lon="2.603693">
        <ele>386.8</ele>
        <time>2016-02-08T12:01:06.997Z</time>
    </trkpt>
    <trkpt lat="42.153706" lon="2.603738">
        <ele>386.1</ele>
        <time>2016-02-08T12:01:13.997Z</time>
    </trkpt>
    <trkpt lat="42.15378" lon="2.603793">
        <ele>384.8</ele>
        <time>2016-02-08T12:01:20.997Z</time>
    </trkpt>
    <trkpt lat="42.15384" lon="2.603865">
        <ele>384.0</ele>
        <time>2016-02-08T12:01:26.997Z</time>
    </trkpt>
    <trkpt lat="42.1539" lon="2.60395">
        <ele>384.2</ele>
        <time>2016-02-08T12:01:33.997Z</time>
    </trkpt>
    <trkpt lat="42.153961" lon="2.604028">
        <ele>383.2</ele>
        <time>2016-02-08T12:01:40.997Z</time>
    </trkpt>
    <trkpt lat="42.154005" lon="2.604111">
        <ele>383.6</ele>
        <time>2016-02-08T12:01:46.997Z</time>
    </trkpt>
    <trkpt lat="42.154061" lon="2.60418">
        <ele>384.2</ele>
        <time>2016-02-08T12:01:51.997Z</time>
    </trkpt>
    <trkpt lat="42.154071" lon="2.604193">
        <ele>384.5</ele>
        <time>2016-02-08T12:01:52.997Z</time>
    </trkpt>
    <trkpt lat="42.15416" lon="2.604353">
        <ele>384.0</ele>
        <time>2016-02-08T12:02:02.997Z</time>
    </trkpt>
    <trkpt lat="42.15419" lon="2.604461">
        <ele>382.7</ele>
        <time>2016-02-08T12:02:09.997Z</time>
    </trkpt>
    <trkpt lat="42.154221" lon="2.604573">
        <ele>382.3</ele>
        <time>2016-02-08T12:02:17.997Z</time>
    </trkpt>
    <trkpt lat="42.154216" lon="2.604688">
        <ele>381.7</ele>
        <time>2016-02-08T12:02:29.997Z</time>
    </trkpt>
    <trkpt lat="42.15421" lon="2.604798">
        <ele>382.3</ele>
        <time>2016-02-08T12:02:38.997Z</time>
    </trkpt>
    <trkpt lat="42.154221" lon="2.604911">
        <ele>382.1</ele>
        <time>2016-02-08T12:02:46.997Z</time>
    </trkpt>
    <trkpt lat="42.154241" lon="2.605026">
        <ele>381.2</ele>
        <time>2016-02-08T12:02:54.997Z</time>
    </trkpt>
    <trkpt lat="42.154241" lon="2.605041">
        <ele>381.2</ele>
        <time>2016-02-08T12:02:55.997Z</time>
    </trkpt>
    <trkpt lat="42.154276" lon="2.605248">
        <ele>379.3</ele>
        <time>2016-02-08T12:03:08.997Z</time>
    </trkpt>
    <trkpt lat="42.154298" lon="2.605358">
        <ele>378.5</ele>
        <time>2016-02-08T12:03:16.997Z</time>
    </trkpt>
    <trkpt lat="42.154348" lon="2.605453">
        <ele>379.5</ele>
        <time>2016-02-08T12:03:23.997Z</time>
    </trkpt>
    <trkpt lat="42.154396" lon="2.605543">
        <ele>377.4</ele>
        <time>2016-02-08T12:03:30.997Z</time>
    </trkpt>
    <trkpt lat="42.154448" lon="2.605625">
        <ele>376.7</ele>
        <time>2016-02-08T12:03:37.997Z</time>
    </trkpt>
    <trkpt lat="42.15451" lon="2.605693">
        <ele>375.6</ele>
        <time>2016-02-08T12:03:44.997Z</time>
    </trkpt>
    <trkpt lat="42.154575" lon="2.605771">
        <ele>375.4</ele>
        <time>2016-02-08T12:03:51.997Z</time>
    </trkpt>
    <trkpt lat="42.15465" lon="2.605825">
        <ele>374.4</ele>
        <time>2016-02-08T12:03:58.997Z</time>
    </trkpt>
    <trkpt lat="42.154661" lon="2.605826">
        <ele>374.2</ele>
        <time>2016-02-08T12:03:59.997Z</time>
    </trkpt>
    <trkpt lat="42.15481" lon="2.605825">
        <ele>372.2</ele>
        <time>2016-02-08T12:04:12.997Z</time>
    </trkpt>
    <trkpt lat="42.154885" lon="2.605766">
        <ele>370.6</ele>
        <time>2016-02-08T12:04:23.997Z</time>
    </trkpt>
    <trkpt lat="42.154955" lon="2.605701">
        <ele>369.7</ele>
        <time>2016-02-08T12:04:32.997Z</time>
    </trkpt>
    <trkpt lat="42.155038" lon="2.605673">
        <ele>367.5</ele>
        <time>2016-02-08T12:04:43.997Z</time>
    </trkpt>
    <trkpt lat="42.155086" lon="2.605771">
        <ele>364.6</ele>
        <time>2016-02-08T12:05:01.997Z</time>
    </trkpt>
    <trkpt lat="42.155088" lon="2.60578">
        <ele>364.6</ele>
        <time>2016-02-08T12:05:02.997Z</time>
    </trkpt>
    <trkpt lat="42.155086" lon="2.606008">
        <ele>358.9</ele>
        <time>2016-02-08T12:05:32.997Z</time>
    </trkpt>
    <trkpt lat="42.155041" lon="2.606106">
        <ele>358.5</ele>
        <time>2016-02-08T12:05:41.997Z</time>
    </trkpt>
    <trkpt lat="42.155041" lon="2.606215">
        <ele>357.8</ele>
        <time>2016-02-08T12:05:50.997Z</time>
    </trkpt>
    <trkpt lat="42.155125" lon="2.606221">
        <ele>355.4</ele>
        <time>2016-02-08T12:06:12.997Z</time>
    </trkpt>
    <trkpt lat="42.155131" lon="2.606216">
        <ele>355.4</ele>
        <time>2016-02-08T12:06:13.997Z</time>
    </trkpt>
    <trkpt lat="42.155265" lon="2.606103">
        <ele>352.3</ele>
        <time>2016-02-08T12:06:49.997Z</time>
    </trkpt>
    <trkpt lat="42.155318" lon="2.606006">
        <ele>347.6</ele>
        <time>2016-02-08T12:07:39.997Z</time>
    </trkpt>
    <trkpt lat="42.15532" lon="2.606005">
        <ele>347.6</ele>
        <time>2016-02-08T12:07:40.997Z</time>
    </trkpt>
    <trkpt lat="42.155463" lon="2.60604">
        <ele>342.4</ele>
        <time>2016-02-08T12:13:46.997Z</time>
    </trkpt>
    <trkpt lat="42.15553" lon="2.605968">
        <ele>341.7</ele>
        <time>2016-02-08T12:14:31.997Z</time>
    </trkpt>
    <trkpt lat="42.155496" lon="2.605921">
        <ele>351.6</ele>
        <time>2016-02-08T12:17:58.997Z</time>
    </trkpt>
    <trkpt lat="42.155491" lon="2.605918">
        <ele>351.1</ele>
        <time>2016-02-08T12:17:59.997Z</time>
    </trkpt>
    <trkpt lat="42.155488" lon="2.605695">
        <ele>350.8</ele>
        <time>2016-02-08T12:18:24.997Z</time>
    </trkpt>
    <trkpt lat="42.155555" lon="2.605668">
        <ele>338.1</ele>
        <time>2016-02-08T12:18:32.997Z</time>
    </trkpt>
    <trkpt lat="42.155633" lon="2.60567">
        <ele>338.1</ele>
        <time>2016-02-08T12:18:36.997Z</time>
    </trkpt>
    <trkpt lat="42.15569" lon="2.605615">
        <ele>341.5</ele>
        <time>2016-02-08T12:18:39.997Z</time>
    </trkpt>
    <trkpt lat="42.155761" lon="2.605545">
        <ele>349.2</ele>
        <time>2016-02-08T12:18:46.997Z</time>
    </trkpt>
    <trkpt lat="42.155845" lon="2.60553">
        <ele>355.6</ele>
        <time>2016-02-08T12:18:49.997Z</time>
    </trkpt>
    <trkpt lat="42.15591" lon="2.60554">
        <ele>353.8</ele>
        <time>2016-02-08T12:18:51.997Z</time>
    </trkpt>
    <trkpt lat="42.15584" lon="2.6056">
        <ele>359.0</ele>
        <time>2016-02-08T12:19:01.997Z</time>
    </trkpt>
    <trkpt lat="42.155823" lon="2.605613">
        <ele>358.5</ele>
        <time>2016-02-08T12:19:02.997Z</time>
    </trkpt>
    <trkpt lat="42.155675" lon="2.60568">
        <ele>351.6</ele>
        <time>2016-02-08T12:19:14.997Z</time>
    </trkpt>
    <trkpt lat="42.155595" lon="2.60573">
        <ele>351.6</ele>
        <time>2016-02-08T12:19:31.997Z</time>
    </trkpt>
    <trkpt lat="42.155516" lon="2.605778">
        <ele>352.0</ele>
        <time>2016-02-08T12:19:41.997Z</time>
    </trkpt>
    <trkpt lat="42.155468" lon="2.60588">
        <ele>350.5</ele>
        <time>2016-02-08T12:20:02.997Z</time>
    </trkpt>
    <trkpt lat="42.155463" lon="2.605891">
        <ele>349.7</ele>
        <time>2016-02-08T12:20:03.997Z</time>
    </trkpt>
    <trkpt lat="42.155351" lon="2.605986">
        <ele>352.6</ele>
        <time>2016-02-08T12:21:01.997Z</time>
    </trkpt>
    <trkpt lat="42.155285" lon="2.606045">
        <ele>353.0</ele>
        <time>2016-02-08T12:21:09.997Z</time>
    </trkpt>
    <trkpt lat="42.155275" lon="2.606055">
        <ele>352.6</ele>
        <time>2016-02-08T12:21:10.997Z</time>
    </trkpt>
    <trkpt lat="42.15525" lon="2.606251">
        <ele>350.9</ele>
        <time>2016-02-08T12:21:38.997Z</time>
    </trkpt>
    <trkpt lat="42.15529" lon="2.606356">
        <ele>351.0</ele>
        <time>2016-02-08T12:21:49.997Z</time>
    </trkpt>
    <trkpt lat="42.155353" lon="2.606441">
        <ele>351.6</ele>
        <time>2016-02-08T12:22:02.997Z</time>
    </trkpt>
    <trkpt lat="42.155401" lon="2.606536">
        <ele>350.3</ele>
        <time>2016-02-08T12:22:36.997Z</time>
    </trkpt>
    <trkpt lat="42.155406" lon="2.606546">
        <ele>350.5</ele>
        <time>2016-02-08T12:22:37.997Z</time>
    </trkpt>
    <trkpt lat="42.155335" lon="2.606741">
        <ele>351.4</ele>
        <time>2016-02-08T12:23:02.997Z</time>
    </trkpt>
    <trkpt lat="42.155343" lon="2.606855">
        <ele>351.7</ele>
        <time>2016-02-08T12:23:10.997Z</time>
    </trkpt>
    <trkpt lat="42.15535" lon="2.606975">
        <ele>353.0</ele>
        <time>2016-02-08T12:23:20.997Z</time>
    </trkpt>
    <trkpt lat="42.155396" lon="2.607076">
        <ele>352.0</ele>
        <time>2016-02-08T12:23:31.997Z</time>
    </trkpt>
    <trkpt lat="42.15545" lon="2.60716">
        <ele>353.0</ele>
        <time>2016-02-08T12:23:39.997Z</time>
    </trkpt>
    <trkpt lat="42.155456" lon="2.607171">
        <ele>353.1</ele>
        <time>2016-02-08T12:23:40.997Z</time>
    </trkpt>
    <trkpt lat="42.155538" lon="2.607348">
        <ele>352.4</ele>
        <time>2016-02-08T12:23:58.997Z</time>
    </trkpt>
    <trkpt lat="42.15555" lon="2.607455">
        <ele>352.7</ele>
        <time>2016-02-08T12:24:04.997Z</time>
    </trkpt>
    <trkpt lat="42.15558" lon="2.607565">
        <ele>353.0</ele>
        <time>2016-02-08T12:24:12.997Z</time>
    </trkpt>
    <trkpt lat="42.15558" lon="2.607676">
        <ele>352.2</ele>
        <time>2016-02-08T12:24:19.997Z</time>
    </trkpt>
    <trkpt lat="42.155596" lon="2.60779">
        <ele>351.7</ele>
        <time>2016-02-08T12:24:26.997Z</time>
    </trkpt>
    <trkpt lat="42.15562" lon="2.607906">
        <ele>351.6</ele>
        <time>2016-02-08T12:24:33.997Z</time>
    </trkpt>
    <trkpt lat="42.155605" lon="2.608011">
        <ele>351.2</ele>
        <time>2016-02-08T12:24:39.997Z</time>
    </trkpt>
    <trkpt lat="42.155618" lon="2.608128">
        <ele>350.9</ele>
        <time>2016-02-08T12:24:46.997Z</time>
    </trkpt>
    <trkpt lat="42.155623" lon="2.608143">
        <ele>351.2</ele>
        <time>2016-02-08T12:24:47.997Z</time>
    </trkpt>
    <trkpt lat="42.155648" lon="2.608361">
        <ele>350.8</ele>
        <time>2016-02-08T12:25:21.997Z</time>
    </trkpt>
    <trkpt lat="42.155691" lon="2.608455">
        <ele>349.8</ele>
        <time>2016-02-08T12:25:35.997Z</time>
    </trkpt>
    <trkpt lat="42.155735" lon="2.608556">
        <ele>349.9</ele>
        <time>2016-02-08T12:25:44.997Z</time>
    </trkpt>
    <trkpt lat="42.155775" lon="2.608661">
        <ele>350.1</ele>
        <time>2016-02-08T12:25:53.997Z</time>
    </trkpt>
    <trkpt lat="42.155776" lon="2.608675">
        <ele>350.1</ele>
        <time>2016-02-08T12:25:54.997Z</time>
    </trkpt>
    <trkpt lat="42.155816" lon="2.608876">
        <ele>348.9</ele>
        <time>2016-02-08T12:26:08.997Z</time>
    </trkpt>
    <trkpt lat="42.155855" lon="2.60898">
        <ele>349.0</ele>
        <time>2016-02-08T12:26:15.997Z</time>
    </trkpt>
    <trkpt lat="42.155858" lon="2.6091">
        <ele>349.7</ele>
        <time>2016-02-08T12:26:22.997Z</time>
    </trkpt>
    <trkpt lat="42.155846" lon="2.609216">
        <ele>348.3</ele>
        <time>2016-02-08T12:26:31.997Z</time>
    </trkpt>
    <trkpt lat="42.155853" lon="2.609325">
        <ele>346.5</ele>
        <time>2016-02-08T12:26:38.997Z</time>
    </trkpt>
    <trkpt lat="42.15583" lon="2.609425">
        <ele>345.7</ele>
        <time>2016-02-08T12:26:44.997Z</time>
    </trkpt>
    <trkpt lat="42.155833" lon="2.60953">
        <ele>345.1</ele>
        <time>2016-02-08T12:26:50.997Z</time>
    </trkpt>
    <trkpt lat="42.155833" lon="2.609643">
        <ele>345.0</ele>
        <time>2016-02-08T12:26:56.997Z</time>
    </trkpt>
    <trkpt lat="42.155833" lon="2.609665">
        <ele>345.1</ele>
        <time>2016-02-08T12:26:57.997Z</time>
    </trkpt>
    <trkpt lat="42.155871" lon="2.609861">
        <ele>344.8</ele>
        <time>2016-02-08T12:27:09.997Z</time>
    </trkpt>
    <trkpt lat="42.15588" lon="2.609968">
        <ele>345.3</ele>
        <time>2016-02-08T12:27:15.997Z</time>
    </trkpt>
    <trkpt lat="42.155903" lon="2.610073">
        <ele>345.4</ele>
        <time>2016-02-08T12:27:21.997Z</time>
    </trkpt>
    <trkpt lat="42.155901" lon="2.610193">
        <ele>342.5</ele>
        <time>2016-02-08T12:27:28.997Z</time>
    </trkpt>
    <trkpt lat="42.15593" lon="2.610305">
        <ele>341.8</ele>
        <time>2016-02-08T12:27:36.997Z</time>
    </trkpt>
    <trkpt lat="42.15597" lon="2.610411">
        <ele>340.8</ele>
        <time>2016-02-08T12:27:44.997Z</time>
    </trkpt>
    <trkpt lat="42.156033" lon="2.610481">
        <ele>338.0</ele>
        <time>2016-02-08T12:27:52.997Z</time>
    </trkpt>
    <trkpt lat="42.156098" lon="2.610556">
        <ele>337.2</ele>
        <time>2016-02-08T12:28:01.997Z</time>
    </trkpt>
    <trkpt lat="42.1561" lon="2.61057">
        <ele>337.2</ele>
        <time>2016-02-08T12:28:02.997Z</time>
    </trkpt>
    <trkpt lat="42.156061" lon="2.610783">
        <ele>338.8</ele>
        <time>2016-02-08T12:28:16.997Z</time>
    </trkpt>
    <trkpt lat="42.156041" lon="2.610883">
        <ele>338.3</ele>
        <time>2016-02-08T12:28:22.997Z</time>
    </trkpt>
    <trkpt lat="42.15601" lon="2.610981">
        <ele>338.5</ele>
        <time>2016-02-08T12:28:28.997Z</time>
    </trkpt>
    <trkpt lat="42.155951" lon="2.611073">
        <ele>337.4</ele>
        <time>2016-02-08T12:28:35.997Z</time>
    </trkpt>
    <trkpt lat="42.155901" lon="2.61117">
        <ele>336.6</ele>
        <time>2016-02-08T12:28:42.997Z</time>
    </trkpt>
    <trkpt lat="42.155896" lon="2.61129">
        <ele>335.1</ele>
        <time>2016-02-08T12:28:50.997Z</time>
    </trkpt>
    <trkpt lat="42.155905" lon="2.611398">
        <ele>334.8</ele>
        <time>2016-02-08T12:28:57.997Z</time>
    </trkpt>
    <trkpt lat="42.155931" lon="2.611513">
        <ele>334.3</ele>
        <time>2016-02-08T12:29:05.997Z</time>
    </trkpt>
    <trkpt lat="42.155935" lon="2.611528">
        <ele>334.0</ele>
        <time>2016-02-08T12:29:06.997Z</time>
    </trkpt>
    <trkpt lat="42.155998" lon="2.611706">
        <ele>333.9</ele>
        <time>2016-02-08T12:29:19.997Z</time>
    </trkpt>
    <trkpt lat="42.156006" lon="2.611818">
        <ele>333.0</ele>
        <time>2016-02-08T12:29:25.997Z</time>
    </trkpt>
    <trkpt lat="42.156015" lon="2.611931">
        <ele>332.1</ele>
        <time>2016-02-08T12:29:31.997Z</time>
    </trkpt>
    <trkpt lat="42.155996" lon="2.61205">
        <ele>331.9</ele>
        <time>2016-02-08T12:29:39.997Z</time>
    </trkpt>
    <trkpt lat="42.15598" lon="2.612163">
        <ele>331.5</ele>
        <time>2016-02-08T12:29:46.997Z</time>
    </trkpt>
    <trkpt lat="42.15598" lon="2.612283">
        <ele>331.4</ele>
        <time>2016-02-08T12:29:52.997Z</time>
    </trkpt>
    <trkpt lat="42.155996" lon="2.612401">
        <ele>331.4</ele>
        <time>2016-02-08T12:29:59.997Z</time>
    </trkpt>
    <trkpt lat="42.155976" lon="2.61251">
        <ele>332.2</ele>
        <time>2016-02-08T12:30:06.997Z</time>
    </trkpt>
    <trkpt lat="42.15597" lon="2.612526">
        <ele>332.4</ele>
        <time>2016-02-08T12:30:07.997Z</time>
    </trkpt>
    <trkpt lat="42.155931" lon="2.612726">
        <ele>332.4</ele>
        <time>2016-02-08T12:30:18.997Z</time>
    </trkpt>
    <trkpt lat="42.15589" lon="2.612828">
        <ele>334.2</ele>
        <time>2016-02-08T12:30:27.997Z</time>
    </trkpt>
    <trkpt lat="42.155846" lon="2.612933">
        <ele>334.5</ele>
        <time>2016-02-08T12:30:35.997Z</time>
    </trkpt>
    <trkpt lat="42.155806" lon="2.613031">
        <ele>335.9</ele>
        <time>2016-02-08T12:30:42.997Z</time>
    </trkpt>
    <trkpt lat="42.155761" lon="2.613123">
        <ele>337.5</ele>
        <time>2016-02-08T12:30:49.997Z</time>
    </trkpt>
    <trkpt lat="42.155698" lon="2.6132">
        <ele>338.9</ele>
        <time>2016-02-08T12:30:57.997Z</time>
    </trkpt>
    <trkpt lat="42.155618" lon="2.613231">
        <ele>340.6</ele>
        <time>2016-02-08T12:31:14.997Z</time>
    </trkpt>
    <trkpt lat="42.155608" lon="2.613233">
        <ele>340.7</ele>
        <time>2016-02-08T12:31:15.997Z</time>
    </trkpt>
    <trkpt lat="42.155513" lon="2.613078">
        <ele>339.0</ele>
        <time>2016-02-08T12:31:38.997Z</time>
    </trkpt>
    <trkpt lat="42.155463" lon="2.612993">
        <ele>337.4</ele>
        <time>2016-02-08T12:31:46.997Z</time>
    </trkpt>
    <trkpt lat="42.155411" lon="2.612901">
        <ele>339.8</ele>
        <time>2016-02-08T12:31:55.997Z</time>
    </trkpt>
    <trkpt lat="42.155415" lon="2.612781">
        <ele>341.3</ele>
        <time>2016-02-08T12:32:46.997Z</time>
    </trkpt>
    <trkpt lat="42.155416" lon="2.612776">
        <ele>341.2</ele>
        <time>2016-02-08T12:32:47.997Z</time>
    </trkpt>
    <trkpt lat="42.155298" lon="2.61262">
        <ele>344.1</ele>
        <time>2016-02-08T12:33:08.997Z</time>
    </trkpt>
    <trkpt lat="42.155251" lon="2.61253">
        <ele>346.0</ele>
        <time>2016-02-08T12:33:15.997Z</time>
    </trkpt>
    <trkpt lat="42.155183" lon="2.61246">
        <ele>347.2</ele>
        <time>2016-02-08T12:33:23.997Z</time>
    </trkpt>
    <trkpt lat="42.155106" lon="2.612408">
        <ele>348.6</ele>
        <time>2016-02-08T12:33:30.997Z</time>
    </trkpt>
    <trkpt lat="42.15503" lon="2.612371">
        <ele>349.2</ele>
        <time>2016-02-08T12:33:37.997Z</time>
    </trkpt>
    <trkpt lat="42.15495" lon="2.612348">
        <ele>349.1</ele>
        <time>2016-02-08T12:33:44.997Z</time>
    </trkpt>
    <trkpt lat="42.154866" lon="2.61232">
        <ele>351.4</ele>
        <time>2016-02-08T12:33:52.997Z</time>
    </trkpt>
    <trkpt lat="42.154856" lon="2.61232">
        <ele>351.7</ele>
        <time>2016-02-08T12:33:53.997Z</time>
    </trkpt>
    <trkpt lat="42.154711" lon="2.612331">
        <ele>353.6</ele>
        <time>2016-02-08T12:34:04.997Z</time>
    </trkpt>
    <trkpt lat="42.154635" lon="2.612361">
        <ele>353.7</ele>
        <time>2016-02-08T12:34:10.997Z</time>
    </trkpt>
    <trkpt lat="42.154551" lon="2.612406">
        <ele>354.3</ele>
        <time>2016-02-08T12:34:17.997Z</time>
    </trkpt>
    <trkpt lat="42.154478" lon="2.612463">
        <ele>355.6</ele>
        <time>2016-02-08T12:34:24.997Z</time>
    </trkpt>
    <trkpt lat="42.154416" lon="2.612535">
        <ele>356.5</ele>
        <time>2016-02-08T12:34:30.997Z</time>
    </trkpt>
    <trkpt lat="42.154358" lon="2.612613">
        <ele>357.2</ele>
        <time>2016-02-08T12:34:38.997Z</time>
    </trkpt>
    <trkpt lat="42.154305" lon="2.61271">
        <ele>357.9</ele>
        <time>2016-02-08T12:34:47.997Z</time>
    </trkpt>
    <trkpt lat="42.154251" lon="2.612785">
        <ele>359.6</ele>
        <time>2016-02-08T12:34:53.997Z</time>
    </trkpt>
    <trkpt lat="42.154243" lon="2.612798">
        <ele>359.6</ele>
        <time>2016-02-08T12:34:54.997Z</time>
    </trkpt>
    <trkpt lat="42.15415" lon="2.61295">
        <ele>358.6</ele>
        <time>2016-02-08T12:35:06.997Z</time>
    </trkpt>
    <trkpt lat="42.154088" lon="2.613021">
        <ele>357.8</ele>
        <time>2016-02-08T12:35:13.997Z</time>
    </trkpt>
    <trkpt lat="42.154008" lon="2.61307">
        <ele>368.3</ele>
        <time>2016-02-08T12:35:43.997Z</time>
    </trkpt>
    <trkpt lat="42.153938" lon="2.613143">
        <ele>361.8</ele>
        <time>2016-02-08T12:35:55.997Z</time>
    </trkpt>
    <trkpt lat="42.153936" lon="2.613145">
        <ele>361.5</ele>
        <time>2016-02-08T12:35:56.997Z</time>
    </trkpt>
    <trkpt lat="42.153798" lon="2.613253">
        <ele>359.2</ele>
        <time>2016-02-08T12:36:16.997Z</time>
    </trkpt>
    <trkpt lat="42.153758" lon="2.613348">
        <ele>359.5</ele>
        <time>2016-02-08T12:36:23.997Z</time>
    </trkpt>
    <trkpt lat="42.153705" lon="2.613445">
        <ele>359.1</ele>
        <time>2016-02-08T12:36:30.997Z</time>
    </trkpt>
    <trkpt lat="42.15364" lon="2.613521">
        <ele>359.0</ele>
        <time>2016-02-08T12:36:55.997Z</time>
    </trkpt>
    <trkpt lat="42.15357" lon="2.61359">
        <ele>358.1</ele>
        <time>2016-02-08T12:37:08.997Z</time>
    </trkpt>
    <trkpt lat="42.15356" lon="2.613596">
        <ele>358.2</ele>
        <time>2016-02-08T12:37:09.997Z</time>
    </trkpt>
    <trkpt lat="42.15354" lon="2.613731">
        <ele>354.6</ele>
        <time>2016-02-08T12:37:35.997Z</time>
    </trkpt>
    <trkpt lat="42.15362" lon="2.613763">
        <ele>353.9</ele>
        <time>2016-02-08T12:37:49.997Z</time>
    </trkpt>
    <trkpt lat="42.1537" lon="2.613776">
        <ele>353.1</ele>
        <time>2016-02-08T12:37:55.997Z</time>
    </trkpt>
    <trkpt lat="42.153778" lon="2.61379">
        <ele>353.8</ele>
        <time>2016-02-08T12:38:01.997Z</time>
    </trkpt>
    <trkpt lat="42.153853" lon="2.613815">
        <ele>353.4</ele>
        <time>2016-02-08T12:38:06.997Z</time>
    </trkpt>
    <trkpt lat="42.153933" lon="2.61383">
        <ele>353.2</ele>
        <time>2016-02-08T12:38:11.997Z</time>
    </trkpt>
    <trkpt lat="42.15395" lon="2.613833">
        <ele>353.3</ele>
        <time>2016-02-08T12:38:12.997Z</time>
    </trkpt>
    <trkpt lat="42.154101" lon="2.613885">
        <ele>353.5</ele>
        <time>2016-02-08T12:38:21.997Z</time>
    </trkpt>
    <trkpt lat="42.154178" lon="2.613933">
        <ele>353.1</ele>
        <time>2016-02-08T12:38:26.997Z</time>
    </trkpt>
    <trkpt lat="42.154245" lon="2.614001">
        <ele>353.4</ele>
        <time>2016-02-08T12:38:32.997Z</time>
    </trkpt>
    <trkpt lat="42.154316" lon="2.614073">
        <ele>353.2</ele>
        <time>2016-02-08T12:38:39.997Z</time>
    </trkpt>
    <trkpt lat="42.154378" lon="2.614156">
        <ele>353.2</ele>
        <time>2016-02-08T12:38:48.997Z</time>
    </trkpt>
    <trkpt lat="42.154361" lon="2.614266">
        <ele>353.3</ele>
        <time>2016-02-08T12:38:56.997Z</time>
    </trkpt>
    <trkpt lat="42.154398" lon="2.614358">
        <ele>353.5</ele>
        <time>2016-02-08T12:39:09.997Z</time>
    </trkpt>
    <trkpt lat="42.15441" lon="2.614476">
        <ele>354.5</ele>
        <time>2016-02-08T12:39:17.997Z</time>
    </trkpt>
    <trkpt lat="42.154411" lon="2.614481">
        <ele>354.4</ele>
        <time>2016-02-08T12:39:18.997Z</time>
    </trkpt>
    <trkpt lat="42.15434" lon="2.614643">
        <ele>354.7</ele>
        <time>2016-02-08T12:39:57.997Z</time>
    </trkpt>
    <trkpt lat="42.154326" lon="2.614763">
        <ele>354.3</ele>
        <time>2016-02-08T12:42:00.997Z</time>
    </trkpt>
    <trkpt lat="42.154326" lon="2.614773">
        <ele>354.3</ele>
        <time>2016-02-08T12:42:01.997Z</time>
    </trkpt>
    <trkpt lat="42.154385" lon="2.614928">
        <ele>353.4</ele>
        <time>2016-02-08T12:42:40.997Z</time>
    </trkpt>
    <trkpt lat="42.154326" lon="2.615013">
        <ele>354.7</ele>
        <time>2016-02-08T12:42:52.997Z</time>
    </trkpt>
    <trkpt lat="42.154273" lon="2.615096">
        <ele>354.5</ele>
        <time>2016-02-08T12:43:01.997Z</time>
    </trkpt>
    <trkpt lat="42.154271" lon="2.61511">
        <ele>354.7</ele>
        <time>2016-02-08T12:43:02.997Z</time>
    </trkpt>
    <trkpt lat="42.154171" lon="2.615265">
        <ele>351.5</ele>
        <time>2016-02-08T12:43:19.997Z</time>
    </trkpt>
    <trkpt lat="42.154096" lon="2.61532">
        <ele>349.6</ele>
        <time>2016-02-08T12:43:29.997Z</time>
    </trkpt>
    <trkpt lat="42.154015" lon="2.615368">
        <ele>348.0</ele>
        <time>2016-02-08T12:43:37.997Z</time>
    </trkpt>
    <trkpt lat="42.153983" lon="2.615471">
        <ele>347.1</ele>
        <time>2016-02-08T12:43:46.997Z</time>
    </trkpt>
    <trkpt lat="42.153946" lon="2.615573">
        <ele>346.6</ele>
        <time>2016-02-08T12:43:54.997Z</time>
    </trkpt>
    <trkpt lat="42.153891" lon="2.615655">
        <ele>345.8</ele>
        <time>2016-02-08T12:44:03.997Z</time>
    </trkpt>
    <trkpt lat="42.153883" lon="2.615665">
        <ele>345.7</ele>
        <time>2016-02-08T12:44:04.997Z</time>
    </trkpt>
    <trkpt lat="42.153798" lon="2.615845">
        <ele>340.4</ele>
        <time>2016-02-08T12:44:21.997Z</time>
    </trkpt>
    <trkpt lat="42.153828" lon="2.615948">
        <ele>337.2</ele>
        <time>2016-02-08T12:44:34.997Z</time>
    </trkpt>
    <trkpt lat="42.153876" lon="2.616041">
        <ele>335.9</ele>
        <time>2016-02-08T12:44:42.997Z</time>
    </trkpt>
    <trkpt lat="42.153928" lon="2.61614">
        <ele>334.4</ele>
        <time>2016-02-08T12:44:51.997Z</time>
    </trkpt>
    <trkpt lat="42.153921" lon="2.616255">
        <ele>332.0</ele>
        <time>2016-02-08T12:45:02.997Z</time>
    </trkpt>
    <trkpt lat="42.15389" lon="2.61636">
        <ele>329.1</ele>
        <time>2016-02-08T12:45:14.997Z</time>
    </trkpt>
    <trkpt lat="42.153888" lon="2.616368">
        <ele>328.7</ele>
        <time>2016-02-08T12:45:15.997Z</time>
    </trkpt>
    <trkpt lat="42.153878" lon="2.616591">
        <ele>322.1</ele>
        <time>2016-02-08T12:46:00.997Z</time>
    </trkpt>
    <trkpt lat="42.153921" lon="2.616691">
        <ele>322.9</ele>
        <time>2016-02-08T12:46:19.997Z</time>
    </trkpt>
    <trkpt lat="42.153926" lon="2.616696">
        <ele>322.6</ele>
        <time>2016-02-08T12:46:20.997Z</time>
    </trkpt>
    <trkpt lat="42.153995" lon="2.616513">
        <ele>321.9</ele>
        <time>2016-02-08T12:47:06.997Z</time>
    </trkpt>
    <trkpt lat="42.15403" lon="2.616621">
        <ele>322.6</ele>
        <time>2016-02-08T12:47:50.997Z</time>
    </trkpt>
    <trkpt lat="42.154025" lon="2.616628">
        <ele>322.5</ele>
        <time>2016-02-08T12:47:51.997Z</time>
    </trkpt>
    <trkpt lat="42.154033" lon="2.616846">
        <ele>323.3</ele>
        <time>2016-02-08T12:48:19.997Z</time>
    </trkpt>
    <trkpt lat="42.153958" lon="2.616795">
        <ele>322.4</ele>
        <time>2016-02-08T12:49:34.997Z</time>
    </trkpt>
    <trkpt lat="42.153883" lon="2.616755">
        <ele>321.5</ele>
        <time>2016-02-08T12:49:42.997Z</time>
    </trkpt>
    <trkpt lat="42.153803" lon="2.616705">
        <ele>323.3</ele>
        <time>2016-02-08T12:49:51.997Z</time>
    </trkpt>
    <trkpt lat="42.153725" lon="2.616648">
        <ele>324.3</ele>
        <time>2016-02-08T12:50:01.997Z</time>
    </trkpt>
    <trkpt lat="42.15365" lon="2.61662">
        <ele>323.9</ele>
        <time>2016-02-08T12:50:08.997Z</time>
    </trkpt>
    <trkpt lat="42.153578" lon="2.616581">
        <ele>323.7</ele>
        <time>2016-02-08T12:50:14.997Z</time>
    </trkpt>
    <trkpt lat="42.153503" lon="2.616556">
        <ele>324.7</ele>
        <time>2016-02-08T12:50:19.997Z</time>
    </trkpt>
    <trkpt lat="42.153481" lon="2.61655">
        <ele>324.8</ele>
        <time>2016-02-08T12:50:20.997Z</time>
    </trkpt>
    <trkpt lat="42.153355" lon="2.616456">
        <ele>320.1</ele>
        <time>2016-02-08T12:50:28.997Z</time>
    </trkpt>
    <trkpt lat="42.153285" lon="2.616386">
        <ele>326.4</ele>
        <time>2016-02-08T12:50:34.997Z</time>
    </trkpt>
    <trkpt lat="42.153221" lon="2.61631">
        <ele>326.1</ele>
        <time>2016-02-08T12:50:40.997Z</time>
    </trkpt>
    <trkpt lat="42.153156" lon="2.616228">
        <ele>326.8</ele>
        <time>2016-02-08T12:50:46.997Z</time>
    </trkpt>
    <trkpt lat="42.153098" lon="2.616153">
        <ele>327.1</ele>
        <time>2016-02-08T12:50:52.997Z</time>
    </trkpt>
    <trkpt lat="42.153038" lon="2.616086">
        <ele>327.9</ele>
        <time>2016-02-08T12:50:58.997Z</time>
    </trkpt>
    <trkpt lat="42.152968" lon="2.616011">
        <ele>328.0</ele>
        <time>2016-02-08T12:51:05.997Z</time>
    </trkpt>
    <trkpt lat="42.1529" lon="2.615945">
        <ele>325.6</ele>
        <time>2016-02-08T12:51:12.997Z</time>
    </trkpt>
    <trkpt lat="42.152825" lon="2.615885">
        <ele>330.0</ele>
        <time>2016-02-08T12:51:20.997Z</time>
    </trkpt>
    <trkpt lat="42.152815" lon="2.615878">
        <ele>330.8</ele>
        <time>2016-02-08T12:51:21.997Z</time>
    </trkpt>
    <trkpt lat="42.152698" lon="2.61575">
        <ele>331.1</ele>
        <time>2016-02-08T12:51:34.997Z</time>
    </trkpt>
    <trkpt lat="42.152636" lon="2.615666">
        <ele>331.3</ele>
        <time>2016-02-08T12:51:41.997Z</time>
    </trkpt>
    <trkpt lat="42.152585" lon="2.615576">
        <ele>331.8</ele>
        <time>2016-02-08T12:51:47.997Z</time>
    </trkpt>
    <trkpt lat="42.152531" lon="2.6155">
        <ele>332.4</ele>
        <time>2016-02-08T12:51:53.997Z</time>
    </trkpt>
    <trkpt lat="42.15247" lon="2.61542">
        <ele>333.0</ele>
        <time>2016-02-08T12:51:59.997Z</time>
    </trkpt>
    <trkpt lat="42.152396" lon="2.615351">
        <ele>334.0</ele>
        <time>2016-02-08T12:52:05.997Z</time>
    </trkpt>
    <trkpt lat="42.152335" lon="2.615293">
        <ele>333.2</ele>
        <time>2016-02-08T12:52:10.997Z</time>
    </trkpt>
    <trkpt lat="42.15228" lon="2.615221">
        <ele>333.1</ele>
        <time>2016-02-08T12:52:15.997Z</time>
    </trkpt>
    <trkpt lat="42.15223" lon="2.61514">
        <ele>333.9</ele>
        <time>2016-02-08T12:52:20.997Z</time>
    </trkpt>
    <trkpt lat="42.152175" lon="2.61506">
        <ele>333.9</ele>
        <time>2016-02-08T12:52:26.997Z</time>
    </trkpt>
    <trkpt lat="42.152163" lon="2.615046">
        <ele>333.8</ele>
        <time>2016-02-08T12:52:27.997Z</time>
    </trkpt>
    <trkpt lat="42.152051" lon="2.614918">
        <ele>334.4</ele>
        <time>2016-02-08T12:52:38.997Z</time>
    </trkpt>
    <trkpt lat="42.151995" lon="2.614846">
        <ele>334.4</ele>
        <time>2016-02-08T12:52:44.997Z</time>
    </trkpt>
    <trkpt lat="42.151918" lon="2.614798">
        <ele>335.1</ele>
        <time>2016-02-08T12:52:51.997Z</time>
    </trkpt>
    <trkpt lat="42.151851" lon="2.614751">
        <ele>334.4</ele>
        <time>2016-02-08T12:52:57.997Z</time>
    </trkpt>
    <trkpt lat="42.151778" lon="2.614703">
        <ele>333.7</ele>
        <time>2016-02-08T12:53:03.997Z</time>
    </trkpt>
    <trkpt lat="42.151701" lon="2.614668">
        <ele>334.3</ele>
        <time>2016-02-08T12:53:09.997Z</time>
    </trkpt>
    <trkpt lat="42.15163" lon="2.614601">
        <ele>334.7</ele>
        <time>2016-02-08T12:53:18.997Z</time>
    </trkpt>
    <trkpt lat="42.151555" lon="2.614545">
        <ele>333.7</ele>
        <time>2016-02-08T12:53:38.997Z</time>
    </trkpt>
    <trkpt lat="42.151548" lon="2.614545">
        <ele>333.9</ele>
        <time>2016-02-08T12:53:39.997Z</time>
    </trkpt>
    <trkpt lat="42.151403" lon="2.61462">
        <ele>339.4</ele>
        <time>2016-02-08T12:54:31.997Z</time>
    </trkpt>
    <trkpt lat="42.151323" lon="2.61465">
        <ele>338.0</ele>
        <time>2016-02-08T12:54:41.997Z</time>
    </trkpt>
    <trkpt lat="42.151315" lon="2.614651">
        <ele>338.0</ele>
        <time>2016-02-08T12:54:42.997Z</time>
    </trkpt>
    <trkpt lat="42.151165" lon="2.614623">
        <ele>339.5</ele>
        <time>2016-02-08T12:54:55.997Z</time>
    </trkpt>
    <trkpt lat="42.15109" lon="2.614573">
        <ele>340.5</ele>
        <time>2016-02-08T12:55:01.997Z</time>
    </trkpt>
    <trkpt lat="42.151045" lon="2.614475">
        <ele>341.2</ele>
        <time>2016-02-08T12:55:09.997Z</time>
    </trkpt>
    <trkpt lat="42.151033" lon="2.614371">
        <ele>341.1</ele>
        <time>2016-02-08T12:55:15.997Z</time>
    </trkpt>
    <trkpt lat="42.151025" lon="2.614253">
        <ele>340.0</ele>
        <time>2016-02-08T12:55:21.997Z</time>
    </trkpt>
    <trkpt lat="42.151006" lon="2.614148">
        <ele>338.9</ele>
        <time>2016-02-08T12:55:27.997Z</time>
    </trkpt>
    <trkpt lat="42.15096" lon="2.61405">
        <ele>337.7</ele>
        <time>2016-02-08T12:55:34.997Z</time>
    </trkpt>
    <trkpt lat="42.150895" lon="2.613968">
        <ele>339.3</ele>
        <time>2016-02-08T12:55:41.997Z</time>
    </trkpt>
    <trkpt lat="42.150818" lon="2.613916">
        <ele>338.9</ele>
        <time>2016-02-08T12:55:47.997Z</time>
    </trkpt>
    <trkpt lat="42.150806" lon="2.61391">
        <ele>338.8</ele>
        <time>2016-02-08T12:55:48.997Z</time>
    </trkpt>
    <trkpt lat="42.150646" lon="2.613913">
        <ele>339.1</ele>
        <time>2016-02-08T12:56:00.997Z</time>
    </trkpt>
    <trkpt lat="42.150568" lon="2.613931">
        <ele>339.0</ele>
        <time>2016-02-08T12:56:06.997Z</time>
    </trkpt>
    <trkpt lat="42.150485" lon="2.613935">
        <ele>339.3</ele>
        <time>2016-02-08T12:56:12.997Z</time>
    </trkpt>
    <trkpt lat="42.150401" lon="2.613931">
        <ele>339.0</ele>
        <time>2016-02-08T12:56:18.997Z</time>
    </trkpt>
    <trkpt lat="42.150313" lon="2.613928">
        <ele>340.4</ele>
        <time>2016-02-08T12:56:25.997Z</time>
    </trkpt>
    <trkpt lat="42.150225" lon="2.613911">
        <ele>338.8</ele>
        <time>2016-02-08T12:56:33.997Z</time>
    </trkpt>
    <trkpt lat="42.150136" lon="2.613888">
        <ele>339.1</ele>
        <time>2016-02-08T12:56:41.997Z</time>
    </trkpt>
    <trkpt lat="42.150055" lon="2.613855">
        <ele>340.1</ele>
        <time>2016-02-08T12:56:49.997Z</time>
    </trkpt>
    <trkpt lat="42.150041" lon="2.613846">
        <ele>340.2</ele>
        <time>2016-02-08T12:56:50.997Z</time>
    </trkpt>
    <trkpt lat="42.149906" lon="2.613751">
        <ele>341.4</ele>
        <time>2016-02-08T12:57:05.997Z</time>
    </trkpt>
    <trkpt lat="42.149825" lon="2.613748">
        <ele>341.9</ele>
        <time>2016-02-08T12:57:16.997Z</time>
    </trkpt>
    <trkpt lat="42.149745" lon="2.61373">
        <ele>343.2</ele>
        <time>2016-02-08T12:57:23.997Z</time>
    </trkpt>
    <trkpt lat="42.149666" lon="2.61369">
        <ele>344.8</ele>
        <time>2016-02-08T12:57:31.997Z</time>
    </trkpt>
    <trkpt lat="42.149616" lon="2.613606">
        <ele>346.4</ele>
        <time>2016-02-08T12:57:38.997Z</time>
    </trkpt>
    <trkpt lat="42.149553" lon="2.613541">
        <ele>348.1</ele>
        <time>2016-02-08T12:57:45.997Z</time>
    </trkpt>
    <trkpt lat="42.149483" lon="2.613476">
        <ele>349.1</ele>
        <time>2016-02-08T12:57:52.997Z</time>
    </trkpt>
    <trkpt lat="42.149473" lon="2.613465">
        <ele>349.1</ele>
        <time>2016-02-08T12:57:53.997Z</time>
    </trkpt>
    <trkpt lat="42.149351" lon="2.613343">
        <ele>349.7</ele>
        <time>2016-02-08T12:58:05.997Z</time>
    </trkpt>
    <trkpt lat="42.149295" lon="2.613256">
        <ele>350.5</ele>
        <time>2016-02-08T12:58:20.997Z</time>
    </trkpt>
    <trkpt lat="42.149235" lon="2.613166">
        <ele>350.8</ele>
        <time>2016-02-08T12:58:31.997Z</time>
    </trkpt>
    <trkpt lat="42.149163" lon="2.613103">
        <ele>351.1</ele>
        <time>2016-02-08T12:58:40.997Z</time>
    </trkpt>
    <trkpt lat="42.149098" lon="2.613036">
        <ele>352.2</ele>
        <time>2016-02-08T12:58:51.997Z</time>
    </trkpt>
    <trkpt lat="42.149011" lon="2.613015">
        <ele>353.8</ele>
        <time>2016-02-08T12:59:23.997Z</time>
    </trkpt>
    <trkpt lat="42.149008" lon="2.613016">
        <ele>353.6</ele>
        <time>2016-02-08T12:59:24.997Z</time>
    </trkpt>
    <trkpt lat="42.148853" lon="2.612926">
        <ele>354.7</ele>
        <time>2016-02-08T12:59:46.997Z</time>
    </trkpt>
    <trkpt lat="42.148788" lon="2.612851">
        <ele>357.8</ele>
        <time>2016-02-08T12:59:56.997Z</time>
    </trkpt>
    <trkpt lat="42.148718" lon="2.612785">
        <ele>359.1</ele>
        <time>2016-02-08T13:00:04.997Z</time>
    </trkpt>
    <trkpt lat="42.148641" lon="2.612736">
        <ele>359.7</ele>
        <time>2016-02-08T13:00:12.997Z</time>
    </trkpt>
    <trkpt lat="42.148563" lon="2.61272">
        <ele>360.4</ele>
        <time>2016-02-08T13:00:21.997Z</time>
    </trkpt>
    <trkpt lat="42.148475" lon="2.612708">
        <ele>361.5</ele>
        <time>2016-02-08T13:00:28.997Z</time>
    </trkpt>
    <trkpt lat="42.148461" lon="2.61271">
        <ele>361.8</ele>
        <time>2016-02-08T13:00:29.997Z</time>
    </trkpt>
    <trkpt lat="42.148305" lon="2.612685">
        <ele>361.4</ele>
        <time>2016-02-08T13:00:42.997Z</time>
    </trkpt>
    <trkpt lat="42.148228" lon="2.612678">
        <ele>362.0</ele>
        <time>2016-02-08T13:00:48.997Z</time>
    </trkpt>
    <trkpt lat="42.148145" lon="2.61268">
        <ele>361.9</ele>
        <time>2016-02-08T13:00:55.997Z</time>
    </trkpt>
    <trkpt lat="42.148066" lon="2.61269">
        <ele>362.9</ele>
        <time>2016-02-08T13:01:01.997Z</time>
    </trkpt>
    <trkpt lat="42.147983" lon="2.612715">
        <ele>362.7</ele>
        <time>2016-02-08T13:01:08.997Z</time>
    </trkpt>
    <trkpt lat="42.147903" lon="2.61274">
        <ele>363.7</ele>
        <time>2016-02-08T13:01:15.997Z</time>
    </trkpt>
    <trkpt lat="42.147828" lon="2.612775">
        <ele>365.1</ele>
        <time>2016-02-08T13:01:22.997Z</time>
    </trkpt>
    <trkpt lat="42.147753" lon="2.61282">
        <ele>365.2</ele>
        <time>2016-02-08T13:01:29.997Z</time>
    </trkpt>
    <trkpt lat="42.147741" lon="2.612825">
        <ele>365.4</ele>
        <time>2016-02-08T13:01:30.997Z</time>
    </trkpt>
    <trkpt lat="42.147596" lon="2.612915">
        <ele>366.5</ele>
        <time>2016-02-08T13:01:43.997Z</time>
    </trkpt>
    <trkpt lat="42.14751" lon="2.612918">
        <ele>366.7</ele>
        <time>2016-02-08T13:01:52.997Z</time>
    </trkpt>
    <trkpt lat="42.147426" lon="2.612933">
        <ele>366.8</ele>
        <time>2016-02-08T13:02:08.997Z</time>
    </trkpt>
    <trkpt lat="42.147346" lon="2.612983">
        <ele>365.9</ele>
        <time>2016-02-08T13:02:16.997Z</time>
    </trkpt>
    <trkpt lat="42.147268" lon="2.613">
        <ele>366.2</ele>
        <time>2016-02-08T13:02:23.997Z</time>
    </trkpt>
    <trkpt lat="42.14718" lon="2.61301">
        <ele>364.3</ele>
        <time>2016-02-08T13:02:33.997Z</time>
    </trkpt>
    <trkpt lat="42.147173" lon="2.61301">
        <ele>364.4</ele>
        <time>2016-02-08T13:02:34.997Z</time>
    </trkpt>
    <trkpt lat="42.14701" lon="2.612981">
        <ele>363.5</ele>
        <time>2016-02-08T13:02:51.997Z</time>
    </trkpt>
    <trkpt lat="42.146926" lon="2.612953">
        <ele>364.1</ele>
        <time>2016-02-08T13:02:57.997Z</time>
    </trkpt>
    <trkpt lat="42.146846" lon="2.612933">
        <ele>363.7</ele>
        <time>2016-02-08T13:03:06.997Z</time>
    </trkpt>
    <trkpt lat="42.146771" lon="2.612886">
        <ele>362.7</ele>
        <time>2016-02-08T13:03:13.997Z</time>
    </trkpt>
    <trkpt lat="42.1467" lon="2.612833">
        <ele>361.8</ele>
        <time>2016-02-08T13:03:19.997Z</time>
    </trkpt>
    <trkpt lat="42.146623" lon="2.61277">
        <ele>361.5</ele>
        <time>2016-02-08T13:03:27.997Z</time>
    </trkpt>
    <trkpt lat="42.146546" lon="2.612728">
        <ele>361.4</ele>
        <time>2016-02-08T13:03:34.997Z</time>
    </trkpt>
    <trkpt lat="42.146535" lon="2.612725">
        <ele>361.1</ele>
        <time>2016-02-08T13:03:35.997Z</time>
    </trkpt>
    <trkpt lat="42.146426" lon="2.612573">
        <ele>359.7</ele>
        <time>2016-02-08T13:03:57.997Z</time>
    </trkpt>
    <trkpt lat="42.146241" lon="2.612421">
        <ele>355.8</ele>
        <time>2016-02-08T13:07:32.997Z</time>
    </trkpt>
    <trkpt lat="42.146193" lon="2.612326">
        <ele>354.6</ele>
        <time>2016-02-08T13:09:38.997Z</time>
    </trkpt>
    <trkpt lat="42.146191" lon="2.612318">
        <ele>354.7</ele>
        <time>2016-02-08T13:09:39.997Z</time>
    </trkpt>
    <trkpt lat="42.146145" lon="2.612116">
        <ele>357.1</ele>
        <time>2016-02-08T13:10:00.997Z</time>
    </trkpt>
    <trkpt lat="42.146168" lon="2.612001">
        <ele>359.9</ele>
        <time>2016-02-08T13:10:10.997Z</time>
    </trkpt>
    <trkpt lat="42.146183" lon="2.611885">
        <ele>358.6</ele>
        <time>2016-02-08T13:10:17.997Z</time>
    </trkpt>
    <trkpt lat="42.146191" lon="2.611776">
        <ele>358.5</ele>
        <time>2016-02-08T13:10:22.997Z</time>
    </trkpt>
    <trkpt lat="42.146175" lon="2.61166">
        <ele>357.8</ele>
        <time>2016-02-08T13:10:29.997Z</time>
    </trkpt>
    <trkpt lat="42.146123" lon="2.611561">
        <ele>358.3</ele>
        <time>2016-02-08T13:10:39.997Z</time>
    </trkpt>
    <trkpt lat="42.146116" lon="2.611556">
        <ele>358.6</ele>
        <time>2016-02-08T13:10:40.997Z</time>
    </trkpt>
    <trkpt lat="42.145985" lon="2.611416">
        <ele>358.1</ele>
        <time>2016-02-08T13:11:01.997Z</time>
    </trkpt>
    <trkpt lat="42.145918" lon="2.611355">
        <ele>358.5</ele>
        <time>2016-02-08T13:11:08.997Z</time>
    </trkpt>
    <trkpt lat="42.145865" lon="2.611271">
        <ele>358.5</ele>
        <time>2016-02-08T13:11:18.997Z</time>
    </trkpt>
    <trkpt lat="42.145863" lon="2.611156">
        <ele>356.3</ele>
        <time>2016-02-08T13:11:27.997Z</time>
    </trkpt>
    <trkpt lat="42.145861" lon="2.61104">
        <ele>355.4</ele>
        <time>2016-02-08T13:11:36.997Z</time>
    </trkpt>
    <trkpt lat="42.14587" lon="2.61092">
        <ele>353.5</ele>
        <time>2016-02-08T13:11:44.997Z</time>
    </trkpt>
    <trkpt lat="42.14587" lon="2.610903">
        <ele>353.4</ele>
        <time>2016-02-08T13:11:45.997Z</time>
    </trkpt>
    <trkpt lat="42.145878" lon="2.6107">
        <ele>353.7</ele>
        <time>2016-02-08T13:11:58.997Z</time>
    </trkpt>
    <trkpt lat="42.14588" lon="2.610598">
        <ele>352.9</ele>
        <time>2016-02-08T13:12:05.997Z</time>
    </trkpt>
    <trkpt lat="42.145875" lon="2.610483">
        <ele>352.5</ele>
        <time>2016-02-08T13:12:12.997Z</time>
    </trkpt>
    <trkpt lat="42.145856" lon="2.61037">
        <ele>353.0</ele>
        <time>2016-02-08T13:12:19.997Z</time>
    </trkpt>
    <trkpt lat="42.145855" lon="2.610253">
        <ele>353.6</ele>
        <time>2016-02-08T13:12:31.997Z</time>
    </trkpt>
    <trkpt lat="42.14588" lon="2.610141">
        <ele>354.0</ele>
        <time>2016-02-08T13:12:49.997Z</time>
    </trkpt>
    <trkpt lat="42.14588" lon="2.610136">
        <ele>354.0</ele>
        <time>2016-02-08T13:12:50.997Z</time>
    </trkpt>
    <trkpt lat="42.14593" lon="2.61004">
        <ele>350.5</ele>
        <time>2016-02-08T13:14:01.997Z</time>
    </trkpt>
    <trkpt lat="42.145781" lon="2.609931">
        <ele>354.8</ele>
        <time>2016-02-08T13:14:40.997Z</time>
    </trkpt>
    <trkpt lat="42.145746" lon="2.609833">
        <ele>355.5</ele>
        <time>2016-02-08T13:14:46.997Z</time>
    </trkpt>
    <trkpt lat="42.145721" lon="2.609721">
        <ele>356.0</ele>
        <time>2016-02-08T13:14:54.997Z</time>
    </trkpt>
    <trkpt lat="42.145681" lon="2.609618">
        <ele>356.3</ele>
        <time>2016-02-08T13:15:00.997Z</time>
    </trkpt>
    <trkpt lat="42.145648" lon="2.609526">
        <ele>357.5</ele>
        <time>2016-02-08T13:15:05.997Z</time>
    </trkpt>
    <trkpt lat="42.145641" lon="2.609508">
        <ele>357.7</ele>
        <time>2016-02-08T13:15:06.997Z</time>
    </trkpt>
    <trkpt lat="42.145571" lon="2.609338">
        <ele>360.8</ele>
        <time>2016-02-08T13:15:16.997Z</time>
    </trkpt>
    <trkpt lat="42.145546" lon="2.609233">
        <ele>361.2</ele>
        <time>2016-02-08T13:15:22.997Z</time>
    </trkpt>
    <trkpt lat="42.14553" lon="2.609121">
        <ele>360.3</ele>
        <time>2016-02-08T13:15:27.997Z</time>
    </trkpt>
    <trkpt lat="42.145528" lon="2.609008">
        <ele>360.5</ele>
        <time>2016-02-08T13:15:32.997Z</time>
    </trkpt>
    <trkpt lat="42.145545" lon="2.60889">
        <ele>360.0</ele>
        <time>2016-02-08T13:15:38.997Z</time>
    </trkpt>
    <trkpt lat="42.145573" lon="2.608785">
        <ele>360.2</ele>
        <time>2016-02-08T13:15:49.997Z</time>
    </trkpt>
    <trkpt lat="42.145645" lon="2.608715">
        <ele>359.9</ele>
        <time>2016-02-08T13:15:57.997Z</time>
    </trkpt>
    <trkpt lat="42.145723" lon="2.608656">
        <ele>358.3</ele>
        <time>2016-02-08T13:16:04.997Z</time>
    </trkpt>
    <trkpt lat="42.145801" lon="2.608603">
        <ele>359.7</ele>
        <time>2016-02-08T13:16:11.997Z</time>
    </trkpt>
    <trkpt lat="42.145813" lon="2.608596">
        <ele>359.5</ele>
        <time>2016-02-08T13:16:12.997Z</time>
    </trkpt>
    <trkpt lat="42.14596" lon="2.608548">
        <ele>358.8</ele>
        <time>2016-02-08T13:16:23.997Z</time>
    </trkpt>
    <trkpt lat="42.146011" lon="2.608451">
        <ele>359.8</ele>
        <time>2016-02-08T13:17:02.997Z</time>
    </trkpt>
    <trkpt lat="42.14597" lon="2.608356">
        <ele>360.9</ele>
        <time>2016-02-08T13:17:29.997Z</time>
    </trkpt>
    <trkpt lat="42.14596" lon="2.608345">
        <ele>360.8</ele>
        <time>2016-02-08T13:17:30.997Z</time>
    </trkpt>
    <trkpt lat="42.145885" lon="2.608173">
        <ele>361.8</ele>
        <time>2016-02-08T13:17:45.997Z</time>
    </trkpt>
    <trkpt lat="42.145841" lon="2.608076">
        <ele>362.2</ele>
        <time>2016-02-08T13:17:52.997Z</time>
    </trkpt>
    <trkpt lat="42.145795" lon="2.608001">
        <ele>360.3</ele>
        <time>2016-02-08T13:17:56.997Z</time>
    </trkpt>
    <trkpt lat="42.145735" lon="2.607916">
        <ele>357.4</ele>
        <time>2016-02-08T13:18:02.997Z</time>
    </trkpt>
    <trkpt lat="42.145673" lon="2.60784">
        <ele>363.3</ele>
        <time>2016-02-08T13:18:15.997Z</time>
    </trkpt>
    <trkpt lat="42.145618" lon="2.60775">
        <ele>361.7</ele>
        <time>2016-02-08T13:18:24.997Z</time>
    </trkpt>
    <trkpt lat="42.145575" lon="2.607651">
        <ele>364.3</ele>
        <time>2016-02-08T13:18:34.997Z</time>
    </trkpt>
    <trkpt lat="42.14557" lon="2.607641">
        <ele>364.7</ele>
        <time>2016-02-08T13:18:35.997Z</time>
    </trkpt>
    <trkpt lat="42.145523" lon="2.607426">
        <ele>367.2</ele>
        <time>2016-02-08T13:18:57.997Z</time>
    </trkpt>
    <trkpt lat="42.145493" lon="2.607328">
        <ele>366.5</ele>
        <time>2016-02-08T13:19:05.997Z</time>
    </trkpt>
    <trkpt lat="42.145475" lon="2.607223">
        <ele>367.3</ele>
        <time>2016-02-08T13:19:12.997Z</time>
    </trkpt>
    <trkpt lat="42.145443" lon="2.607116">
        <ele>367.6</ele>
        <time>2016-02-08T13:19:20.997Z</time>
    </trkpt>
    <trkpt lat="42.145401" lon="2.607016">
        <ele>368.3</ele>
        <time>2016-02-08T13:19:27.997Z</time>
    </trkpt>
    <trkpt lat="42.14536" lon="2.606915">
        <ele>369.3</ele>
        <time>2016-02-08T13:19:34.997Z</time>
    </trkpt>
    <trkpt lat="42.145343" lon="2.606803">
        <ele>369.6</ele>
        <time>2016-02-08T13:19:43.997Z</time>
    </trkpt>
    <trkpt lat="42.145343" lon="2.60679">
        <ele>369.5</ele>
        <time>2016-02-08T13:19:44.997Z</time>
    </trkpt>
    <trkpt lat="42.145333" lon="2.606586">
        <ele>370.4</ele>
        <time>2016-02-08T13:19:57.997Z</time>
    </trkpt>
    <trkpt lat="42.145303" lon="2.606483">
        <ele>371.1</ele>
        <time>2016-02-08T13:20:04.997Z</time>
    </trkpt>
    <trkpt lat="42.145266" lon="2.606375">
        <ele>371.0</ele>
        <time>2016-02-08T13:20:12.997Z</time>
    </trkpt>
    <trkpt lat="42.145208" lon="2.606293">
        <ele>372.8</ele>
        <time>2016-02-08T13:20:23.997Z</time>
    </trkpt>
    <trkpt lat="42.145163" lon="2.606191">
        <ele>371.3</ele>
        <time>2016-02-08T13:20:32.997Z</time>
    </trkpt>
    <trkpt lat="42.145123" lon="2.606083">
        <ele>373.1</ele>
        <time>2016-02-08T13:20:41.997Z</time>
    </trkpt>
    <trkpt lat="42.14508" lon="2.605978">
        <ele>373.1</ele>
        <time>2016-02-08T13:20:48.997Z</time>
    </trkpt>
    <trkpt lat="42.145075" lon="2.605963">
        <ele>373.3</ele>
        <time>2016-02-08T13:20:49.997Z</time>
    </trkpt>
    <trkpt lat="42.145021" lon="2.605768">
        <ele>373.8</ele>
        <time>2016-02-08T13:21:01.997Z</time>
    </trkpt>
    <trkpt lat="42.144998" lon="2.605656">
        <ele>373.1</ele>
        <time>2016-02-08T13:21:08.997Z</time>
    </trkpt>
    <trkpt lat="42.144975" lon="2.605546">
        <ele>374.0</ele>
        <time>2016-02-08T13:21:15.997Z</time>
    </trkpt>
    <trkpt lat="42.144965" lon="2.605441">
        <ele>374.7</ele>
        <time>2016-02-08T13:21:22.997Z</time>
    </trkpt>
    <trkpt lat="42.14495" lon="2.605325">
        <ele>375.1</ele>
        <time>2016-02-08T13:21:29.997Z</time>
    </trkpt>
    <trkpt lat="42.144928" lon="2.605225">
        <ele>375.1</ele>
        <time>2016-02-08T13:21:35.997Z</time>
    </trkpt>
    <trkpt lat="42.144886" lon="2.605135">
        <ele>376.4</ele>
        <time>2016-02-08T13:21:40.997Z</time>
    </trkpt>
    <trkpt lat="42.144848" lon="2.605048">
        <ele>377.4</ele>
        <time>2016-02-08T13:21:45.997Z</time>
    </trkpt>
    <trkpt lat="42.144815" lon="2.604948">
        <ele>377.9</ele>
        <time>2016-02-08T13:21:50.997Z</time>
    </trkpt>
    <trkpt lat="42.144811" lon="2.604926">
        <ele>377.8</ele>
        <time>2016-02-08T13:21:51.997Z</time>
    </trkpt>
    <trkpt lat="42.144775" lon="2.60472">
        <ele>379.2</ele>
        <time>2016-02-08T13:22:03.997Z</time>
    </trkpt>
    <trkpt lat="42.144756" lon="2.604613">
        <ele>379.8</ele>
        <time>2016-02-08T13:22:10.997Z</time>
    </trkpt>
    <trkpt lat="42.144728" lon="2.604511">
        <ele>381.2</ele>
        <time>2016-02-08T13:22:19.997Z</time>
    </trkpt>
    <trkpt lat="42.144673" lon="2.604418">
        <ele>382.6</ele>
        <time>2016-02-08T13:22:26.997Z</time>
    </trkpt>
    <trkpt lat="42.144626" lon="2.604315">
        <ele>381.8</ele>
        <time>2016-02-08T13:22:32.997Z</time>
    </trkpt>
    <trkpt lat="42.144581" lon="2.604233">
        <ele>383.5</ele>
        <time>2016-02-08T13:22:37.997Z</time>
    </trkpt>
    <trkpt lat="42.144526" lon="2.60416">
        <ele>384.5</ele>
        <time>2016-02-08T13:22:42.997Z</time>
    </trkpt>
    <trkpt lat="42.144471" lon="2.604075">
        <ele>385.0</ele>
        <time>2016-02-08T13:22:48.997Z</time>
    </trkpt>
    <trkpt lat="42.144403" lon="2.604003">
        <ele>385.9</ele>
        <time>2016-02-08T13:22:54.997Z</time>
    </trkpt>
    <trkpt lat="42.144393" lon="2.603995">
        <ele>386.0</ele>
        <time>2016-02-08T13:22:55.997Z</time>
    </trkpt>
    <trkpt lat="42.144278" lon="2.603871">
        <ele>380.8</ele>
        <time>2016-02-08T13:23:04.997Z</time>
    </trkpt>
    <trkpt lat="42.144225" lon="2.603796">
        <ele>387.2</ele>
        <time>2016-02-08T13:23:09.997Z</time>
    </trkpt>
    <trkpt lat="42.14417" lon="2.603725">
        <ele>388.0</ele>
        <time>2016-02-08T13:23:15.997Z</time>
    </trkpt>
    <trkpt lat="42.144105" lon="2.603645">
        <ele>387.7</ele>
        <time>2016-02-08T13:23:21.997Z</time>
    </trkpt>
    <trkpt lat="42.144055" lon="2.603558">
        <ele>388.0</ele>
        <time>2016-02-08T13:23:28.997Z</time>
    </trkpt>
    <trkpt lat="42.144011" lon="2.60347">
        <ele>388.9</ele>
        <time>2016-02-08T13:23:34.997Z</time>
    </trkpt>
    <trkpt lat="42.143963" lon="2.603378">
        <ele>389.6</ele>
        <time>2016-02-08T13:23:40.997Z</time>
    </trkpt>
    <trkpt lat="42.14392" lon="2.603276">
        <ele>391.2</ele>
        <time>2016-02-08T13:23:47.997Z</time>
    </trkpt>
    <trkpt lat="42.143906" lon="2.603158">
        <ele>393.6</ele>
        <time>2016-02-08T13:23:55.997Z</time>
    </trkpt>
    <trkpt lat="42.143903" lon="2.603143">
        <ele>393.8</ele>
        <time>2016-02-08T13:23:56.997Z</time>
    </trkpt>
    <trkpt lat="42.143861" lon="2.602931">
        <ele>395.7</ele>
        <time>2016-02-08T13:24:10.997Z</time>
    </trkpt>
    <trkpt lat="42.143845" lon="2.60282">
        <ele>396.4</ele>
        <time>2016-02-08T13:24:17.997Z</time>
    </trkpt>
    <trkpt lat="42.143846" lon="2.602706">
        <ele>396.7</ele>
        <time>2016-02-08T13:24:24.997Z</time>
    </trkpt>
    <trkpt lat="42.143828" lon="2.602598">
        <ele>397.5</ele>
        <time>2016-02-08T13:24:31.997Z</time>
    </trkpt>
    <trkpt lat="42.143791" lon="2.602491">
        <ele>397.9</ele>
        <time>2016-02-08T13:24:37.997Z</time>
    </trkpt>
    <trkpt lat="42.143746" lon="2.602401">
        <ele>397.9</ele>
        <time>2016-02-08T13:24:42.997Z</time>
    </trkpt>
    <trkpt lat="42.143695" lon="2.60232">
        <ele>399.1</ele>
        <time>2016-02-08T13:24:47.997Z</time>
    </trkpt>
    <trkpt lat="42.14363" lon="2.602243">
        <ele>399.2</ele>
        <time>2016-02-08T13:24:53.997Z</time>
    </trkpt>
    <trkpt lat="42.143568" lon="2.60217">
        <ele>399.0</ele>
        <time>2016-02-08T13:24:59.997Z</time>
    </trkpt>
    <trkpt lat="42.143558" lon="2.602161">
        <ele>399.1</ele>
        <time>2016-02-08T13:25:00.997Z</time>
    </trkpt>
    <trkpt lat="42.143475" lon="2.60197">
        <ele>400.6</ele>
        <time>2016-02-08T13:25:16.997Z</time>
    </trkpt>
    <trkpt lat="42.143433" lon="2.601863">
        <ele>401.6</ele>
        <time>2016-02-08T13:25:28.997Z</time>
    </trkpt>
    <trkpt lat="42.14339" lon="2.60176">
        <ele>401.2</ele>
        <time>2016-02-08T13:25:38.997Z</time>
    </trkpt>
    <trkpt lat="42.143418" lon="2.601646">
        <ele>401.7</ele>
        <time>2016-02-08T13:26:06.997Z</time>
    </trkpt>
    <trkpt lat="42.143416" lon="2.60164">
        <ele>401.8</ele>
        <time>2016-02-08T13:26:07.997Z</time>
    </trkpt>
    <trkpt lat="42.143381" lon="2.601421">
        <ele>402.4</ele>
        <time>2016-02-08T13:26:26.997Z</time>
    </trkpt>
    <trkpt lat="42.14337" lon="2.601306">
        <ele>403.7</ele>
        <time>2016-02-08T13:26:39.997Z</time>
    </trkpt>
    <trkpt lat="42.143395" lon="2.601195">
        <ele>404.2</ele>
        <time>2016-02-08T13:26:51.997Z</time>
    </trkpt>
    <trkpt lat="42.143395" lon="2.601076">
        <ele>404.2</ele>
        <time>2016-02-08T13:27:05.997Z</time>
    </trkpt>
    <trkpt lat="42.143363" lon="2.600963">
        <ele>407.0</ele>
        <time>2016-02-08T13:27:18.997Z</time>
    </trkpt>
    <trkpt lat="42.143361" lon="2.600958">
        <ele>407.1</ele>
        <time>2016-02-08T13:27:19.997Z</time>
    </trkpt>
    <trkpt lat="42.143298" lon="2.600763">
        <ele>410.4</ele>
        <time>2016-02-08T13:27:40.997Z</time>
    </trkpt>
    <trkpt lat="42.143278" lon="2.600651">
        <ele>412.1</ele>
        <time>2016-02-08T13:27:49.997Z</time>
    </trkpt>
    <trkpt lat="42.143248" lon="2.600545">
        <ele>412.3</ele>
        <time>2016-02-08T13:27:59.997Z</time>
    </trkpt>
    <trkpt lat="42.143198" lon="2.600445">
        <ele>413.7</ele>
        <time>2016-02-08T13:28:11.997Z</time>
    </trkpt>
    <trkpt lat="42.143135" lon="2.600361">
        <ele>414.8</ele>
        <time>2016-02-08T13:28:29.997Z</time>
    </trkpt>
    <trkpt lat="42.143131" lon="2.600355">
        <ele>415.0</ele>
        <time>2016-02-08T13:28:30.997Z</time>
    </trkpt>
    <trkpt lat="42.14309" lon="2.600131">
        <ele>417.6</ele>
        <time>2016-02-08T13:29:39.997Z</time>
    </trkpt>
    <trkpt lat="42.143086" lon="2.600125">
        <ele>417.5</ele>
        <time>2016-02-08T13:29:40.997Z</time>
    </trkpt>
    <trkpt lat="42.142955" lon="2.599978">
        <ele>418.0</ele>
        <time>2016-02-08T13:29:59.997Z</time>
    </trkpt>
    <trkpt lat="42.142871" lon="2.599936">
        <ele>419.6</ele>
        <time>2016-02-08T13:30:11.997Z</time>
    </trkpt>
    <trkpt lat="42.142793" lon="2.599881">
        <ele>418.6</ele>
        <time>2016-02-08T13:30:24.997Z</time>
    </trkpt>
    <trkpt lat="42.142726" lon="2.599811">
        <ele>418.8</ele>
        <time>2016-02-08T13:30:33.997Z</time>
    </trkpt>
    <trkpt lat="42.142673" lon="2.599728">
        <ele>418.3</ele>
        <time>2016-02-08T13:30:40.997Z</time>
    </trkpt>
    <trkpt lat="42.142666" lon="2.599716">
        <ele>418.5</ele>
        <time>2016-02-08T13:30:41.997Z</time>
    </trkpt>
    <trkpt lat="42.14255" lon="2.59957">
        <ele>419.6</ele>
        <time>2016-02-08T13:30:58.997Z</time>
    </trkpt>
    <trkpt lat="42.142483" lon="2.599518">
        <ele>419.8</ele>
        <time>2016-02-08T13:31:04.997Z</time>
    </trkpt>
    <trkpt lat="42.142413" lon="2.599465">
        <ele>419.9</ele>
        <time>2016-02-08T13:31:12.997Z</time>
    </trkpt>
    <trkpt lat="42.14234" lon="2.599411">
        <ele>420.3</ele>
        <time>2016-02-08T13:31:18.997Z</time>
    </trkpt>
    <trkpt lat="42.142263" lon="2.599355">
        <ele>419.9</ele>
        <time>2016-02-08T13:31:23.997Z</time>
    </trkpt>
    <trkpt lat="42.142193" lon="2.599303">
        <ele>420.3</ele>
        <time>2016-02-08T13:31:28.997Z</time>
    </trkpt>
    <trkpt lat="42.142111" lon="2.599263">
        <ele>418.9</ele>
        <time>2016-02-08T13:31:34.997Z</time>
    </trkpt>
    <trkpt lat="42.142031" lon="2.599223">
        <ele>419.6</ele>
        <time>2016-02-08T13:31:40.997Z</time>
    </trkpt>
    <trkpt lat="42.141946" lon="2.599188">
        <ele>419.1</ele>
        <time>2016-02-08T13:31:46.997Z</time>
    </trkpt>
    <trkpt lat="42.141933" lon="2.599185">
        <ele>419.1</ele>
        <time>2016-02-08T13:31:47.997Z</time>
    </trkpt>
    <trkpt lat="42.141785" lon="2.599091">
        <ele>417.2</ele>
        <time>2016-02-08T13:32:01.997Z</time>
    </trkpt>
    <trkpt lat="42.14171" lon="2.59904">
        <ele>416.2</ele>
        <time>2016-02-08T13:32:07.997Z</time>
    </trkpt>
    <trkpt lat="42.141633" lon="2.598988">
        <ele>415.2</ele>
        <time>2016-02-08T13:32:16.997Z</time>
    </trkpt>
    <trkpt lat="42.141565" lon="2.59894">
        <ele>415.2</ele>
        <time>2016-02-08T13:32:20.997Z</time>
    </trkpt>
    <trkpt lat="42.141481" lon="2.598895">
        <ele>414.3</ele>
        <time>2016-02-08T13:32:26.997Z</time>
    </trkpt>
    <trkpt lat="42.141411" lon="2.598851">
        <ele>413.8</ele>
        <time>2016-02-08T13:32:30.997Z</time>
    </trkpt>
    <trkpt lat="42.141343" lon="2.598796">
        <ele>412.6</ele>
        <time>2016-02-08T13:32:34.997Z</time>
    </trkpt>
    <trkpt lat="42.141278" lon="2.598748">
        <ele>413.2</ele>
        <time>2016-02-08T13:32:38.997Z</time>
    </trkpt>
    <trkpt lat="42.141205" lon="2.598683">
        <ele>414.0</ele>
        <time>2016-02-08T13:32:48.997Z</time>
    </trkpt>
    <trkpt lat="42.141201" lon="2.598681">
        <ele>413.9</ele>
        <time>2016-02-08T13:32:49.997Z</time>
    </trkpt>
    <trkpt lat="42.14109" lon="2.598518">
        <ele>413.4</ele>
        <time>2016-02-08T13:33:11.997Z</time>
    </trkpt>
    <trkpt lat="42.141068" lon="2.59841">
        <ele>416.3</ele>
        <time>2016-02-08T13:33:22.997Z</time>
    </trkpt>
    <trkpt lat="42.14102" lon="2.598325">
        <ele>417.1</ele>
        <time>2016-02-08T13:33:28.997Z</time>
    </trkpt>
    <trkpt lat="42.140963" lon="2.598238">
        <ele>417.3</ele>
        <time>2016-02-08T13:33:37.997Z</time>
    </trkpt>
    <trkpt lat="42.140911" lon="2.598173">
        <ele>421.3</ele>
        <time>2016-02-08T13:36:47.997Z</time>
    </trkpt>
    <trkpt lat="42.140826" lon="2.59815">
        <ele>423.5</ele>
        <time>2016-02-08T13:37:19.997Z</time>
    </trkpt>
    <trkpt lat="42.140816" lon="2.598143">
        <ele>423.8</ele>
        <time>2016-02-08T13:37:20.997Z</time>
    </trkpt>
    <trkpt lat="42.140826" lon="2.598168">
        <ele>422.7</ele>
        <time>2016-02-08T13:37:59.997Z</time>
    </trkpt>
    <trkpt lat="42.14075" lon="2.598178">
        <ele>423.2</ele>
        <time>2016-02-08T13:38:05.997Z</time>
    </trkpt>
    <trkpt lat="42.140663" lon="2.598181">
        <ele>422.4</ele>
        <time>2016-02-08T13:38:13.997Z</time>
    </trkpt>
    <trkpt lat="42.14058" lon="2.598195">
        <ele>424.3</ele>
        <time>2016-02-08T13:38:19.997Z</time>
    </trkpt>
    <trkpt lat="42.140503" lon="2.598178">
        <ele>424.5</ele>
        <time>2016-02-08T13:38:24.997Z</time>
    </trkpt>
    <trkpt lat="42.140488" lon="2.598176">
        <ele>424.5</ele>
        <time>2016-02-08T13:38:25.997Z</time>
    </trkpt>
    <trkpt lat="42.140338" lon="2.598145">
        <ele>427.8</ele>
        <time>2016-02-08T13:38:41.997Z</time>
    </trkpt>
    <trkpt lat="42.140263" lon="2.598083">
        <ele>427.9</ele>
        <time>2016-02-08T13:39:00.997Z</time>
    </trkpt>
    <trkpt lat="42.140321" lon="2.597998">
        <ele>429.4</ele>
        <time>2016-02-08T13:39:17.997Z</time>
    </trkpt>
    <trkpt lat="42.14039" lon="2.597925">
        <ele>431.3</ele>
        <time>2016-02-08T13:39:31.997Z</time>
    </trkpt>
    <trkpt lat="42.140391" lon="2.597916">
        <ele>432.1</ele>
        <time>2016-02-08T13:39:32.997Z</time>
    </trkpt>
    <trkpt lat="42.14032" lon="2.597708">
        <ele>438.7</ele>
        <time>2016-02-08T13:40:06.997Z</time>
    </trkpt>
    <trkpt lat="42.140255" lon="2.597625">
        <ele>442.8</ele>
        <time>2016-02-08T13:40:24.997Z</time>
    </trkpt>
    <trkpt lat="42.140225" lon="2.597515">
        <ele>446.8</ele>
        <time>2016-02-08T13:40:42.997Z</time>
    </trkpt>
    <trkpt lat="42.140231" lon="2.597503">
        <ele>446.8</ele>
        <time>2016-02-08T13:40:43.997Z</time>
    </trkpt>
    <trkpt lat="42.140275" lon="2.5973">
        <ele>455.5</ele>
        <time>2016-02-08T13:41:26.997Z</time>
    </trkpt>
    <trkpt lat="42.140203" lon="2.597226">
        <ele>459.0</ele>
        <time>2016-02-08T13:43:32.997Z</time>
    </trkpt>
    <trkpt lat="42.140198" lon="2.597225">
        <ele>459.3</ele>
        <time>2016-02-08T13:43:33.997Z</time>
    </trkpt>
    <trkpt lat="42.140111" lon="2.597043">
        <ele>467.1</ele>
        <time>2016-02-08T13:44:27.997Z</time>
    </trkpt>
    <trkpt lat="42.140126" lon="2.596925">
        <ele>470.9</ele>
        <time>2016-02-08T13:44:47.997Z</time>
    </trkpt>
    <trkpt lat="42.14013" lon="2.59692">
        <ele>471.2</ele>
        <time>2016-02-08T13:44:48.997Z</time>
    </trkpt>
    <trkpt lat="42.14019" lon="2.596705">
        <ele>477.3</ele>
        <time>2016-02-08T13:45:22.997Z</time>
    </trkpt>
    <trkpt lat="42.14015" lon="2.596601">
        <ele>480.3</ele>
        <time>2016-02-08T13:45:40.997Z</time>
    </trkpt>
    <trkpt lat="42.140075" lon="2.596548">
        <ele>484.9</ele>
        <time>2016-02-08T13:46:03.997Z</time>
    </trkpt>
    <trkpt lat="42.14007" lon="2.596545">
        <ele>485.0</ele>
        <time>2016-02-08T13:46:04.997Z</time>
    </trkpt>
    <trkpt lat="42.13991" lon="2.59651">
        <ele>490.1</ele>
        <time>2016-02-08T13:47:00.997Z</time>
    </trkpt>
    <trkpt lat="42.139845" lon="2.596426">
        <ele>494.3</ele>
        <time>2016-02-08T13:47:29.997Z</time>
    </trkpt>
    <trkpt lat="42.139843" lon="2.596418">
        <ele>494.6</ele>
        <time>2016-02-08T13:47:30.997Z</time>
    </trkpt>
    <trkpt lat="42.139896" lon="2.596205">
        <ele>499.0</ele>
        <time>2016-02-08T13:48:00.997Z</time>
    </trkpt>
    <trkpt lat="42.139903" lon="2.596093">
        <ele>499.9</ele>
        <time>2016-02-08T13:48:15.997Z</time>
    </trkpt>
    <trkpt lat="42.13986" lon="2.596071">
        <ele>500.0</ele>
        <time>2016-02-08T13:52:13.997Z</time>
    </trkpt>
    <trkpt lat="42.139876" lon="2.59604">
        <ele>501.5</ele>
        <time>2016-02-08T13:52:33.997Z</time>
    </trkpt>
    <trkpt lat="42.139891" lon="2.595933">
        <ele>500.2</ele>
        <time>2016-02-08T13:54:02.997Z</time>
    </trkpt>
    <trkpt lat="42.139883" lon="2.595931">
        <ele>500.5</ele>
        <time>2016-02-08T13:54:03.997Z</time>
    </trkpt>
    <trkpt lat="42.139886" lon="2.595725">
        <ele>509.2</ele>
        <time>2016-02-08T13:54:51.997Z</time>
    </trkpt>
    <trkpt lat="42.139926" lon="2.595621">
        <ele>510.2</ele>
        <time>2016-02-08T13:55:01.997Z</time>
    </trkpt>
    <trkpt lat="42.139983" lon="2.595533">
        <ele>511.1</ele>
        <time>2016-02-08T13:55:12.997Z</time>
    </trkpt>
    <trkpt lat="42.13999" lon="2.595525">
        <ele>511.2</ele>
        <time>2016-02-08T13:55:13.997Z</time>
    </trkpt>
    <trkpt lat="42.140091" lon="2.59536">
        <ele>510.9</ele>
        <time>2016-02-08T13:55:55.997Z</time>
    </trkpt>
    <trkpt lat="42.140175" lon="2.595321">
        <ele>508.1</ele>
        <time>2016-02-08T13:56:04.997Z</time>
    </trkpt>
    <trkpt lat="42.14025" lon="2.595271">
        <ele>507.7</ele>
        <time>2016-02-08T13:56:13.997Z</time>
    </trkpt>
    <trkpt lat="42.140255" lon="2.595261">
        <ele>507.4</ele>
        <time>2016-02-08T13:56:14.997Z</time>
    </trkpt>
    <trkpt lat="42.140356" lon="2.595091">
        <ele>505.9</ele>
        <time>2016-02-08T13:56:30.997Z</time>
    </trkpt>
    <trkpt lat="42.140418" lon="2.595008">
        <ele>506.3</ele>
        <time>2016-02-08T13:56:38.997Z</time>
    </trkpt>
    <trkpt lat="42.140481" lon="2.594923">
        <ele>508.1</ele>
        <time>2016-02-08T13:56:47.997Z</time>
    </trkpt>
    <trkpt lat="42.140538" lon="2.594831">
        <ele>509.3</ele>
        <time>2016-02-08T13:56:55.997Z</time>
    </trkpt>
    <trkpt lat="42.14059" lon="2.594736">
        <ele>512.5</ele>
        <time>2016-02-08T13:57:03.997Z</time>
    </trkpt>
    <trkpt lat="42.14064" lon="2.594643">
        <ele>512.8</ele>
        <time>2016-02-08T13:57:11.997Z</time>
    </trkpt>
    <trkpt lat="42.1407" lon="2.594553">
        <ele>515.4</ele>
        <time>2016-02-08T13:57:20.997Z</time>
    </trkpt>
    <trkpt lat="42.140706" lon="2.594545">
        <ele>515.3</ele>
        <time>2016-02-08T13:57:21.997Z</time>
    </trkpt>
    <trkpt lat="42.14084" lon="2.594413">
        <ele>517.8</ele>
        <time>2016-02-08T13:57:37.997Z</time>
    </trkpt>
    <trkpt lat="42.140865" lon="2.5943">
        <ele>518.2</ele>
        <time>2016-02-08T13:58:31.997Z</time>
    </trkpt>
    <trkpt lat="42.140863" lon="2.59429">
        <ele>518.7</ele>
        <time>2016-02-08T13:58:32.997Z</time>
    </trkpt>
    <trkpt lat="42.140935" lon="2.594095">
        <ele>516.0</ele>
        <time>2016-02-08T13:59:01.997Z</time>
    </trkpt>
    <trkpt lat="42.140981" lon="2.593991">
        <ele>514.2</ele>
        <time>2016-02-08T13:59:18.997Z</time>
    </trkpt>
    <trkpt lat="42.141053" lon="2.593926">
        <ele>512.9</ele>
        <time>2016-02-08T13:59:30.997Z</time>
    </trkpt>
    <trkpt lat="42.141121" lon="2.59386">
        <ele>511.9</ele>
        <time>2016-02-08T13:59:39.997Z</time>
    </trkpt>
    <trkpt lat="42.141133" lon="2.593851">
        <ele>511.6</ele>
        <time>2016-02-08T13:59:40.997Z</time>
    </trkpt>
    <trkpt lat="42.141281" lon="2.593766">
        <ele>510.7</ele>
        <time>2016-02-08T13:59:57.997Z</time>
    </trkpt>
    <trkpt lat="42.141355" lon="2.593696">
        <ele>509.4</ele>
        <time>2016-02-08T14:00:08.997Z</time>
    </trkpt>
    <trkpt lat="42.1414" lon="2.593593">
        <ele>508.6</ele>
        <time>2016-02-08T14:00:23.997Z</time>
    </trkpt>
    <trkpt lat="42.141488" lon="2.59358">
        <ele>507.0</ele>
        <time>2016-02-08T14:21:20.997Z</time>
    </trkpt>
    <trkpt lat="42.1416" lon="2.593435">
        <ele>503.3</ele>
        <time>2016-02-08T14:21:38.997Z</time>
    </trkpt>
    <trkpt lat="42.141685" lon="2.593405">
        <ele>502.6</ele>
        <time>2016-02-08T14:21:45.997Z</time>
    </trkpt>
    <trkpt lat="42.14176" lon="2.593356">
        <ele>502.4</ele>
        <time>2016-02-08T14:21:52.997Z</time>
    </trkpt>
    <trkpt lat="42.141831" lon="2.593286">
        <ele>501.5</ele>
        <time>2016-02-08T14:22:00.997Z</time>
    </trkpt>
    <trkpt lat="42.141898" lon="2.593206">
        <ele>500.3</ele>
        <time>2016-02-08T14:22:10.997Z</time>
    </trkpt>
    <trkpt lat="42.141938" lon="2.593101">
        <ele>499.2</ele>
        <time>2016-02-08T14:22:21.997Z</time>
    </trkpt>
    <trkpt lat="42.141945" lon="2.593091">
        <ele>499.1</ele>
        <time>2016-02-08T14:22:22.997Z</time>
    </trkpt>
    <trkpt lat="42.14203" lon="2.592898">
        <ele>494.0</ele>
        <time>2016-02-08T14:22:42.997Z</time>
    </trkpt>
    <trkpt lat="42.142066" lon="2.592788">
        <ele>491.3</ele>
        <time>2016-02-08T14:22:54.997Z</time>
    </trkpt>
    <trkpt lat="42.142091" lon="2.592678">
        <ele>488.8</ele>
        <time>2016-02-08T14:23:05.997Z</time>
    </trkpt>
    <trkpt lat="42.142118" lon="2.592566">
        <ele>485.9</ele>
        <time>2016-02-08T14:23:16.997Z</time>
    </trkpt>
    <trkpt lat="42.14213" lon="2.592448">
        <ele>485.4</ele>
        <time>2016-02-08T14:23:27.997Z</time>
    </trkpt>
    <trkpt lat="42.142131" lon="2.592435">
        <ele>485.5</ele>
        <time>2016-02-08T14:23:28.997Z</time>
    </trkpt>
    <trkpt lat="42.142148" lon="2.59222">
        <ele>480.2</ele>
        <time>2016-02-08T14:23:48.997Z</time>
    </trkpt>
    <trkpt lat="42.142185" lon="2.592113">
        <ele>480.0</ele>
        <time>2016-02-08T14:23:58.997Z</time>
    </trkpt>
    <trkpt lat="42.142216" lon="2.592006">
        <ele>477.8</ele>
        <time>2016-02-08T14:24:07.997Z</time>
    </trkpt>
    <trkpt lat="42.142261" lon="2.591916">
        <ele>477.2</ele>
        <time>2016-02-08T14:24:15.997Z</time>
    </trkpt>
    <trkpt lat="42.142286" lon="2.591803">
        <ele>475.3</ele>
        <time>2016-02-08T14:24:23.997Z</time>
    </trkpt>
    <trkpt lat="42.142323" lon="2.591695">
        <ele>474.4</ele>
        <time>2016-02-08T14:24:31.997Z</time>
    </trkpt>
    <trkpt lat="42.142331" lon="2.591683">
        <ele>474.3</ele>
        <time>2016-02-08T14:24:32.997Z</time>
    </trkpt>
    <trkpt lat="42.142455" lon="2.591543">
        <ele>470.5</ele>
        <time>2016-02-08T14:25:00.997Z</time>
    </trkpt>
    <trkpt lat="42.142533" lon="2.5916">
        <ele>470.8</ele>
        <time>2016-02-08T14:25:28.997Z</time>
    </trkpt>
    <trkpt lat="42.142608" lon="2.591661">
        <ele>470.1</ele>
        <time>2016-02-08T14:25:41.997Z</time>
    </trkpt>
    <trkpt lat="42.142615" lon="2.59166">
        <ele>470.7</ele>
        <time>2016-02-08T14:25:42.997Z</time>
    </trkpt>
    <trkpt lat="42.142771" lon="2.591695">
        <ele>472.6</ele>
        <time>2016-02-08T14:26:02.997Z</time>
    </trkpt>
    <trkpt lat="42.142851" lon="2.591666">
        <ele>472.3</ele>
        <time>2016-02-08T14:26:10.997Z</time>
    </trkpt>
    <trkpt lat="42.142931" lon="2.591635">
        <ele>471.1</ele>
        <time>2016-02-08T14:26:27.997Z</time>
    </trkpt>
    <trkpt lat="42.143003" lon="2.591581">
        <ele>470.9</ele>
        <time>2016-02-08T14:26:36.997Z</time>
    </trkpt>
    <trkpt lat="42.143063" lon="2.591503">
        <ele>469.3</ele>
        <time>2016-02-08T14:26:45.997Z</time>
    </trkpt>
    <trkpt lat="42.143073" lon="2.591501">
        <ele>469.1</ele>
        <time>2016-02-08T14:26:46.997Z</time>
    </trkpt>
    <trkpt lat="42.143173" lon="2.591338">
        <ele>466.2</ele>
        <time>2016-02-08T14:27:04.997Z</time>
    </trkpt>
    <trkpt lat="42.143196" lon="2.591228">
        <ele>464.8</ele>
        <time>2016-02-08T14:27:13.997Z</time>
    </trkpt>
    <trkpt lat="42.143241" lon="2.591126">
        <ele>464.4</ele>
        <time>2016-02-08T14:27:22.997Z</time>
    </trkpt>
    <trkpt lat="42.143318" lon="2.591141">
        <ele>462.0</ele>
        <time>2016-02-08T14:27:33.997Z</time>
    </trkpt>
    <trkpt lat="42.143405" lon="2.591155">
        <ele>460.7</ele>
        <time>2016-02-08T14:27:41.997Z</time>
    </trkpt>
    <trkpt lat="42.14348" lon="2.591103">
        <ele>458.8</ele>
        <time>2016-02-08T14:27:49.997Z</time>
    </trkpt>
    <trkpt lat="42.143486" lon="2.591093">
        <ele>458.7</ele>
        <time>2016-02-08T14:27:50.997Z</time>
    </trkpt>
    <trkpt lat="42.143593" lon="2.590956">
        <ele>456.3</ele>
        <time>2016-02-08T14:28:03.997Z</time>
    </trkpt>
    <trkpt lat="42.143675" lon="2.590975">
        <ele>456.0</ele>
        <time>2016-02-08T14:28:13.997Z</time>
    </trkpt>
    <trkpt lat="42.143755" lon="2.591013">
        <ele>455.5</ele>
        <time>2016-02-08T14:28:20.997Z</time>
    </trkpt>
    <trkpt lat="42.143838" lon="2.591021">
        <ele>455.3</ele>
        <time>2016-02-08T14:28:26.997Z</time>
    </trkpt>
    <trkpt lat="42.143923" lon="2.591028">
        <ele>455.0</ele>
        <time>2016-02-08T14:28:33.997Z</time>
    </trkpt>
    <trkpt lat="42.143998" lon="2.590981">
        <ele>454.2</ele>
        <time>2016-02-08T14:28:47.997Z</time>
    </trkpt>
    <trkpt lat="42.144031" lon="2.590873">
        <ele>453.5</ele>
        <time>2016-02-08T14:28:57.997Z</time>
    </trkpt>
    <trkpt lat="42.144028" lon="2.590861">
        <ele>453.3</ele>
        <time>2016-02-08T14:28:58.997Z</time>
    </trkpt>
    <trkpt lat="42.1439" lon="2.59073">
        <ele>450.3</ele>
        <time>2016-02-08T14:29:15.997Z</time>
    </trkpt>
    <trkpt lat="42.143831" lon="2.590656">
        <ele>449.4</ele>
        <time>2016-02-08T14:29:24.997Z</time>
    </trkpt>
    <trkpt lat="42.143793" lon="2.590551">
        <ele>447.7</ele>
        <time>2016-02-08T14:29:33.997Z</time>
    </trkpt>
    <trkpt lat="42.143821" lon="2.59044">
        <ele>444.3</ele>
        <time>2016-02-08T14:29:41.997Z</time>
    </trkpt>
    <trkpt lat="42.143876" lon="2.590365">
        <ele>443.6</ele>
        <time>2016-02-08T14:29:48.997Z</time>
    </trkpt>
    <trkpt lat="42.143945" lon="2.590311">
        <ele>443.2</ele>
        <time>2016-02-08T14:29:54.997Z</time>
    </trkpt>
    <trkpt lat="42.144011" lon="2.59024">
        <ele>442.9</ele>
        <time>2016-02-08T14:30:00.997Z</time>
    </trkpt>
    <trkpt lat="42.14402" lon="2.590225">
        <ele>442.6</ele>
        <time>2016-02-08T14:30:01.997Z</time>
    </trkpt>
    <trkpt lat="42.144075" lon="2.59003">
        <ele>443.0</ele>
        <time>2016-02-08T14:30:13.997Z</time>
    </trkpt>
    <trkpt lat="42.144106" lon="2.58992">
        <ele>442.1</ele>
        <time>2016-02-08T14:30:23.997Z</time>
    </trkpt>
    <trkpt lat="42.144136" lon="2.589811">
        <ele>442.0</ele>
        <time>2016-02-08T14:30:35.997Z</time>
    </trkpt>
    <trkpt lat="42.144218" lon="2.589861">
        <ele>441.7</ele>
        <time>2016-02-08T14:30:49.997Z</time>
    </trkpt>
    <trkpt lat="42.144246" lon="2.589973">
        <ele>439.8</ele>
        <time>2016-02-08T14:31:52.997Z</time>
    </trkpt>
    <trkpt lat="42.14425" lon="2.589976">
        <ele>439.4</ele>
        <time>2016-02-08T14:31:53.997Z</time>
    </trkpt>
    <trkpt lat="42.144183" lon="2.589763">
        <ele>441.7</ele>
        <time>2016-02-08T14:32:20.997Z</time>
    </trkpt>
    <trkpt lat="42.144135" lon="2.589665">
        <ele>443.3</ele>
        <time>2016-02-08T14:32:31.997Z</time>
    </trkpt>
    <trkpt lat="42.144066" lon="2.589595">
        <ele>441.9</ele>
        <time>2016-02-08T14:32:39.997Z</time>
    </trkpt>
    <trkpt lat="42.143995" lon="2.589535">
        <ele>442.3</ele>
        <time>2016-02-08T14:32:47.997Z</time>
    </trkpt>
    <trkpt lat="42.14394" lon="2.589463">
        <ele>441.3</ele>
        <time>2016-02-08T14:32:54.997Z</time>
    </trkpt>
    <trkpt lat="42.14393" lon="2.58945">
        <ele>441.0</ele>
        <time>2016-02-08T14:32:55.997Z</time>
    </trkpt>
    <trkpt lat="42.143791" lon="2.589343">
        <ele>440.3</ele>
        <time>2016-02-08T14:33:08.997Z</time>
    </trkpt>
    <trkpt lat="42.14374" lon="2.589253">
        <ele>440.5</ele>
        <time>2016-02-08T14:33:16.997Z</time>
    </trkpt>
    <trkpt lat="42.143738" lon="2.589138">
        <ele>440.4</ele>
        <time>2016-02-08T14:33:23.997Z</time>
    </trkpt>
    <trkpt lat="42.143743" lon="2.589021">
        <ele>441.4</ele>
        <time>2016-02-08T14:33:31.997Z</time>
    </trkpt>
    <trkpt lat="42.143746" lon="2.588913">
        <ele>442.3</ele>
        <time>2016-02-08T14:33:37.997Z</time>
    </trkpt>
    <trkpt lat="42.143756" lon="2.588803">
        <ele>442.9</ele>
        <time>2016-02-08T14:33:43.997Z</time>
    </trkpt>
    <trkpt lat="42.143783" lon="2.588691">
        <ele>444.0</ele>
        <time>2016-02-08T14:33:50.997Z</time>
    </trkpt>
    <trkpt lat="42.143818" lon="2.588583">
        <ele>445.2</ele>
        <time>2016-02-08T14:33:57.997Z</time>
    </trkpt>
    <trkpt lat="42.143823" lon="2.58857">
        <ele>445.7</ele>
        <time>2016-02-08T14:33:58.997Z</time>
    </trkpt>
    <trkpt lat="42.143898" lon="2.58839">
        <ele>446.9</ele>
        <time>2016-02-08T14:34:11.997Z</time>
    </trkpt>
    <trkpt lat="42.143955" lon="2.588303">
        <ele>447.3</ele>
        <time>2016-02-08T14:34:22.997Z</time>
    </trkpt>
    <trkpt lat="42.144003" lon="2.588208">
        <ele>447.6</ele>
        <time>2016-02-08T14:34:31.997Z</time>
    </trkpt>
    <trkpt lat="42.144066" lon="2.588123">
        <ele>447.7</ele>
        <time>2016-02-08T14:34:40.997Z</time>
    </trkpt>
    <trkpt lat="42.144126" lon="2.58804">
        <ele>448.9</ele>
        <time>2016-02-08T14:34:48.997Z</time>
    </trkpt>
    <trkpt lat="42.144086" lon="2.587941">
        <ele>448.9</ele>
        <time>2016-02-08T14:35:24.997Z</time>
    </trkpt>
    <trkpt lat="42.14408" lon="2.587933">
        <ele>449.0</ele>
        <time>2016-02-08T14:35:25.997Z</time>
    </trkpt>
    <trkpt lat="42.143938" lon="2.587866">
        <ele>450.8</ele>
        <time>2016-02-08T14:35:37.997Z</time>
    </trkpt>
    <trkpt lat="42.143853" lon="2.58786">
        <ele>450.0</ele>
        <time>2016-02-08T14:35:44.997Z</time>
    </trkpt>
    <trkpt lat="42.143773" lon="2.58787">
        <ele>450.6</ele>
        <time>2016-02-08T14:35:51.997Z</time>
    </trkpt>
    <trkpt lat="42.143685" lon="2.587881">
        <ele>451.6</ele>
        <time>2016-02-08T14:36:02.997Z</time>
    </trkpt>
    <trkpt lat="42.1436" lon="2.587905">
        <ele>450.6</ele>
        <time>2016-02-08T14:36:26.997Z</time>
    </trkpt>
    <trkpt lat="42.143591" lon="2.587901">
        <ele>450.5</ele>
        <time>2016-02-08T14:36:27.997Z</time>
    </trkpt>
    <trkpt lat="42.1435" lon="2.587721">
        <ele>450.1</ele>
        <time>2016-02-08T14:37:02.997Z</time>
    </trkpt>
    <trkpt lat="42.143445" lon="2.58763">
        <ele>451.8</ele>
        <time>2016-02-08T14:37:16.997Z</time>
    </trkpt>
    <trkpt lat="42.143395" lon="2.587546">
        <ele>452.2</ele>
        <time>2016-02-08T14:37:23.997Z</time>
    </trkpt>
    <trkpt lat="42.14335" lon="2.587448">
        <ele>453.0</ele>
        <time>2016-02-08T14:37:40.997Z</time>
    </trkpt>
    <trkpt lat="42.143345" lon="2.587443">
        <ele>453.3</ele>
        <time>2016-02-08T14:37:41.997Z</time>
    </trkpt>
    <trkpt lat="42.143231" lon="2.587285">
        <ele>453.0</ele>
        <time>2016-02-08T14:37:57.997Z</time>
    </trkpt>
    <trkpt lat="42.143185" lon="2.587196">
        <ele>453.4</ele>
        <time>2016-02-08T14:38:05.997Z</time>
    </trkpt>
    <trkpt lat="42.143143" lon="2.587098">
        <ele>455.0</ele>
        <time>2016-02-08T14:38:14.997Z</time>
    </trkpt>
    <trkpt lat="42.143108" lon="2.586993">
        <ele>454.2</ele>
        <time>2016-02-08T14:38:22.997Z</time>
    </trkpt>
    <trkpt lat="42.14307" lon="2.586888">
        <ele>454.4</ele>
        <time>2016-02-08T14:38:29.997Z</time>
    </trkpt>
    <trkpt lat="42.143033" lon="2.586788">
        <ele>454.5</ele>
        <time>2016-02-08T14:38:37.997Z</time>
    </trkpt>
    <trkpt lat="42.142983" lon="2.586691">
        <ele>453.3</ele>
        <time>2016-02-08T14:38:46.997Z</time>
    </trkpt>
    <trkpt lat="42.142978" lon="2.58668">
        <ele>453.3</ele>
        <time>2016-02-08T14:38:47.997Z</time>
    </trkpt>
    <trkpt lat="42.142901" lon="2.586498">
        <ele>454.2</ele>
        <time>2016-02-08T14:39:01.997Z</time>
    </trkpt>
    <trkpt lat="42.142868" lon="2.586395">
        <ele>453.2</ele>
        <time>2016-02-08T14:39:08.997Z</time>
    </trkpt>
    <trkpt lat="42.142843" lon="2.586293">
        <ele>453.2</ele>
        <time>2016-02-08T14:39:15.997Z</time>
    </trkpt>
    <trkpt lat="42.142825" lon="2.586183">
        <ele>453.9</ele>
        <time>2016-02-08T14:39:22.997Z</time>
    </trkpt>
    <trkpt lat="42.142801" lon="2.586075">
        <ele>454.0</ele>
        <time>2016-02-08T14:39:32.997Z</time>
    </trkpt>
    <trkpt lat="42.142755" lon="2.585978">
        <ele>453.9</ele>
        <time>2016-02-08T14:39:41.997Z</time>
    </trkpt>
    <trkpt lat="42.142676" lon="2.585923">
        <ele>455.5</ele>
        <time>2016-02-08T14:40:15.997Z</time>
    </trkpt>
    <trkpt lat="42.142666" lon="2.585925">
        <ele>455.6</ele>
        <time>2016-02-08T14:40:16.997Z</time>
    </trkpt>
    <trkpt lat="42.14251" lon="2.585926">
        <ele>455.2</ele>
        <time>2016-02-08T14:40:30.997Z</time>
    </trkpt>
    <trkpt lat="42.142428" lon="2.585925">
        <ele>455.0</ele>
        <time>2016-02-08T14:40:37.997Z</time>
    </trkpt>
    <trkpt lat="42.142341" lon="2.585931">
        <ele>456.0</ele>
        <time>2016-02-08T14:40:44.997Z</time>
    </trkpt>
    <trkpt lat="42.142253" lon="2.585933">
        <ele>456.1</ele>
        <time>2016-02-08T14:40:51.997Z</time>
    </trkpt>
    <trkpt lat="42.14217" lon="2.585958">
        <ele>456.3</ele>
        <time>2016-02-08T14:40:58.997Z</time>
    </trkpt>
    <trkpt lat="42.142081" lon="2.585975">
        <ele>457.1</ele>
        <time>2016-02-08T14:41:06.997Z</time>
    </trkpt>
    <trkpt lat="42.142005" lon="2.585915">
        <ele>456.7</ele>
        <time>2016-02-08T14:41:43.997Z</time>
    </trkpt>
    <trkpt lat="42.142005" lon="2.585911">
        <ele>456.8</ele>
        <time>2016-02-08T14:41:44.997Z</time>
    </trkpt>
    <trkpt lat="42.141833" lon="2.585915">
        <ele>458.2</ele>
        <time>2016-02-08T14:42:16.997Z</time>
    </trkpt>
    <trkpt lat="42.141756" lon="2.58594">
        <ele>460.0</ele>
        <time>2016-02-08T14:42:24.997Z</time>
    </trkpt>
    <trkpt lat="42.141676" lon="2.58597">
        <ele>459.7</ele>
        <time>2016-02-08T14:42:31.997Z</time>
    </trkpt>
    <trkpt lat="42.141591" lon="2.58599">
        <ele>460.4</ele>
        <time>2016-02-08T14:42:39.997Z</time>
    </trkpt>
    <trkpt lat="42.141506" lon="2.585998">
        <ele>460.6</ele>
        <time>2016-02-08T14:42:47.997Z</time>
    </trkpt>
    <trkpt lat="42.141495" lon="2.585998">
        <ele>461.2</ele>
        <time>2016-02-08T14:42:48.997Z</time>
    </trkpt>
    <trkpt lat="42.14141" lon="2.58585">
        <ele>462.3</ele>
        <time>2016-02-08T14:43:14.997Z</time>
    </trkpt>
    <trkpt lat="42.141455" lon="2.585746">
        <ele>462.8</ele>
        <time>2016-02-08T14:43:22.997Z</time>
    </trkpt>
    <trkpt lat="42.141455" lon="2.585631">
        <ele>463.6</ele>
        <time>2016-02-08T14:43:40.997Z</time>
    </trkpt>
    <trkpt lat="42.141378" lon="2.585591">
        <ele>463.5</ele>
        <time>2016-02-08T14:43:49.997Z</time>
    </trkpt>
    <trkpt lat="42.141368" lon="2.585583">
        <ele>463.6</ele>
        <time>2016-02-08T14:43:50.997Z</time>
    </trkpt>
    <trkpt lat="42.141393" lon="2.585378">
        <ele>464.2</ele>
        <time>2016-02-08T14:44:18.997Z</time>
    </trkpt>
    <trkpt lat="42.14145" lon="2.5853">
        <ele>448.0</ele>
        <time>2016-02-08T14:45:20.499Z</time>
    </trkpt>
    <trkpt lat="42.14144" lon="2.585316">
        <ele>445.3</ele>
        <time>2016-02-08T14:45:32.250Z</time>
    </trkpt>
    <trkpt lat="42.141441" lon="2.585317">
        <ele>447.8</ele>
        <time>2016-02-08T14:48:02.323Z</time>
    </trkpt>
    <trkpt lat="42.141472" lon="2.585263">
        <ele>448.5</ele>
        <time>2016-02-08T14:48:06.868Z</time>
    </trkpt>
    <trkpt lat="42.141483" lon="2.585246">
        <ele>449.5</ele>
        <time>2016-02-08T14:48:08.369Z</time>
    </trkpt>
    <trkpt lat="42.14154" lon="2.585161">
        <ele>467.9</ele>
        <time>2016-02-08T14:48:15.997Z</time>
    </trkpt>
    <trkpt lat="42.14157" lon="2.58505">
        <ele>468.4</ele>
        <time>2016-02-08T14:48:23.997Z</time>
    </trkpt>
    <trkpt lat="42.141558" lon="2.584936">
        <ele>470.8</ele>
        <time>2016-02-08T14:48:31.997Z</time>
    </trkpt>
    <trkpt lat="42.14156" lon="2.58482">
        <ele>470.9</ele>
        <time>2016-02-08T14:48:40.997Z</time>
    </trkpt>
    <trkpt lat="42.141565" lon="2.58481">
        <ele>471.2</ele>
        <time>2016-02-08T14:48:41.997Z</time>
    </trkpt>
    <trkpt lat="42.141693" lon="2.584673">
        <ele>471.8</ele>
        <time>2016-02-08T14:49:32.997Z</time>
    </trkpt>
    <trkpt lat="42.141758" lon="2.5846">
        <ele>471.5</ele>
        <time>2016-02-08T14:50:29.997Z</time>
    </trkpt>
    <trkpt lat="42.141766" lon="2.584593">
        <ele>471.6</ele>
        <time>2016-02-08T14:50:30.997Z</time>
    </trkpt>
    <trkpt lat="42.141873" lon="2.584435">
        <ele>472.7</ele>
        <time>2016-02-08T14:50:44.997Z</time>
    </trkpt>
    <trkpt lat="42.141945" lon="2.584376">
        <ele>472.2</ele>
        <time>2016-02-08T14:50:54.997Z</time>
    </trkpt>
    <trkpt lat="42.142001" lon="2.584286">
        <ele>472.0</ele>
        <time>2016-02-08T14:51:04.997Z</time>
    </trkpt>
    <trkpt lat="42.142046" lon="2.584186">
        <ele>473.0</ele>
        <time>2016-02-08T14:51:15.997Z</time>
    </trkpt>
    <trkpt lat="42.14213" lon="2.584198">
        <ele>474.0</ele>
        <time>2016-02-08T14:51:28.997Z</time>
    </trkpt>
    <trkpt lat="42.142218" lon="2.584191">
        <ele>474.5</ele>
        <time>2016-02-08T14:51:43.997Z</time>
    </trkpt>
    <trkpt lat="42.142223" lon="2.584191">
        <ele>474.0</ele>
        <time>2016-02-08T14:51:44.997Z</time>
    </trkpt>
    <trkpt lat="42.142341" lon="2.584031">
        <ele>472.0</ele>
        <time>2016-02-08T14:52:04.997Z</time>
    </trkpt>
    <trkpt lat="42.142408" lon="2.583956">
        <ele>474.2</ele>
        <time>2016-02-08T14:52:15.997Z</time>
    </trkpt>
    <trkpt lat="42.14249" lon="2.583915">
        <ele>475.7</ele>
        <time>2016-02-08T14:52:26.997Z</time>
    </trkpt>
    <trkpt lat="42.142578" lon="2.583916">
        <ele>477.4</ele>
        <time>2016-02-08T14:52:39.997Z</time>
    </trkpt>
    <trkpt lat="42.142666" lon="2.583931">
        <ele>479.0</ele>
        <time>2016-02-08T14:52:52.997Z</time>
    </trkpt>
    <trkpt lat="42.142673" lon="2.583928">
        <ele>479.4</ele>
        <time>2016-02-08T14:52:53.997Z</time>
    </trkpt>
    <trkpt lat="42.142723" lon="2.583728">
        <ele>483.6</ele>
        <time>2016-02-08T14:53:24.997Z</time>
    </trkpt>
    <trkpt lat="42.142811" lon="2.583743">
        <ele>486.7</ele>
        <time>2016-02-08T14:53:39.997Z</time>
    </trkpt>
    <trkpt lat="42.142798" lon="2.583626">
        <ele>488.2</ele>
        <time>2016-02-08T14:53:59.997Z</time>
    </trkpt>
    <trkpt lat="42.1428" lon="2.583618">
        <ele>488.2</ele>
        <time>2016-02-08T14:54:00.997Z</time>
    </trkpt>
    <trkpt lat="42.142878" lon="2.583421">
        <ele>492.9</ele>
        <time>2016-02-08T14:54:32.997Z</time>
    </trkpt>
    <trkpt lat="42.14296" lon="2.583383">
        <ele>495.1</ele>
        <time>2016-02-08T14:54:43.997Z</time>
    </trkpt>
    <trkpt lat="42.143041" lon="2.583346">
        <ele>494.5</ele>
        <time>2016-02-08T14:54:53.997Z</time>
    </trkpt>
    <trkpt lat="42.143118" lon="2.583298">
        <ele>493.9</ele>
        <time>2016-02-08T14:55:02.997Z</time>
    </trkpt>
    <trkpt lat="42.143126" lon="2.583295">
        <ele>494.0</ele>
        <time>2016-02-08T14:55:03.997Z</time>
    </trkpt>
    <trkpt lat="42.143286" lon="2.58328">
        <ele>494.3</ele>
        <time>2016-02-08T14:55:26.997Z</time>
    </trkpt>
    <trkpt lat="42.14336" lon="2.58322">
        <ele>492.0</ele>
        <time>2016-02-08T14:55:35.997Z</time>
    </trkpt>
    <trkpt lat="42.143428" lon="2.583143">
        <ele>491.6</ele>
        <time>2016-02-08T14:55:45.997Z</time>
    </trkpt>
    <trkpt lat="42.143498" lon="2.583073">
        <ele>487.9</ele>
        <time>2016-02-08T14:57:51.997Z</time>
    </trkpt>
    <trkpt lat="42.143503" lon="2.583073">
        <ele>487.9</ele>
        <time>2016-02-08T14:57:52.997Z</time>
    </trkpt>
    <trkpt lat="42.143525" lon="2.58319">
        <ele>487.7</ele>
        <time>2016-02-08T14:59:07.997Z</time>
    </trkpt>
    <trkpt lat="42.143515" lon="2.58296">
        <ele>485.0</ele>
        <time>2016-02-08T15:00:01.997Z</time>
    </trkpt>
    <trkpt lat="42.143528" lon="2.582841">
        <ele>482.8</ele>
        <time>2016-02-08T15:00:14.997Z</time>
    </trkpt>
    <trkpt lat="42.143533" lon="2.582831">
        <ele>482.4</ele>
        <time>2016-02-08T15:00:15.997Z</time>
    </trkpt>
    <trkpt lat="42.143675" lon="2.58271">
        <ele>480.5</ele>
        <time>2016-02-08T15:00:35.997Z</time>
    </trkpt>
    <trkpt lat="42.143713" lon="2.582606">
        <ele>476.1</ele>
        <time>2016-02-08T15:00:46.997Z</time>
    </trkpt>
    <trkpt lat="42.143761" lon="2.58251">
        <ele>478.9</ele>
        <time>2016-02-08T15:00:54.997Z</time>
    </trkpt>
    <trkpt lat="42.143825" lon="2.582431">
        <ele>478.8</ele>
        <time>2016-02-08T15:01:05.997Z</time>
    </trkpt>
    <trkpt lat="42.143906" lon="2.582393">
        <ele>478.0</ele>
        <time>2016-02-08T15:01:13.997Z</time>
    </trkpt>
    <trkpt lat="42.143986" lon="2.582343">
        <ele>478.9</ele>
        <time>2016-02-08T15:01:21.997Z</time>
    </trkpt>
    <trkpt lat="42.143998" lon="2.582336">
        <ele>478.6</ele>
        <time>2016-02-08T15:01:22.997Z</time>
    </trkpt>
    <trkpt lat="42.14413" lon="2.582246">
        <ele>478.7</ele>
        <time>2016-02-08T15:01:33.997Z</time>
    </trkpt>
    <trkpt lat="42.144208" lon="2.582191">
        <ele>479.2</ele>
        <time>2016-02-08T15:01:38.997Z</time>
    </trkpt>
    <trkpt lat="42.14428" lon="2.582133">
        <ele>479.2</ele>
        <time>2016-02-08T15:01:43.997Z</time>
    </trkpt>
    <trkpt lat="42.144343" lon="2.582061">
        <ele>479.3</ele>
        <time>2016-02-08T15:01:50.997Z</time>
    </trkpt>
    <trkpt lat="42.1444" lon="2.581988">
        <ele>481.0</ele>
        <time>2016-02-08T15:01:57.997Z</time>
    </trkpt>
    <trkpt lat="42.144473" lon="2.581926">
        <ele>481.9</ele>
        <time>2016-02-08T15:02:05.997Z</time>
    </trkpt>
    <trkpt lat="42.144546" lon="2.581871">
        <ele>483.1</ele>
        <time>2016-02-08T15:02:14.997Z</time>
    </trkpt>
    <trkpt lat="42.144613" lon="2.581815">
        <ele>485.8</ele>
        <time>2016-02-08T15:02:22.997Z</time>
    </trkpt>
    <trkpt lat="42.14468" lon="2.581735">
        <ele>485.5</ele>
        <time>2016-02-08T15:02:30.997Z</time>
    </trkpt>
    <trkpt lat="42.14469" lon="2.581723">
        <ele>485.1</ele>
        <time>2016-02-08T15:02:31.997Z</time>
    </trkpt>
    <trkpt lat="42.144815" lon="2.581603">
        <ele>487.6</ele>
        <time>2016-02-08T15:02:44.997Z</time>
    </trkpt>
    <trkpt lat="42.14489" lon="2.581536">
        <ele>488.3</ele>
        <time>2016-02-08T15:02:51.997Z</time>
    </trkpt>
    <trkpt lat="42.144958" lon="2.581466">
        <ele>489.1</ele>
        <time>2016-02-08T15:02:57.997Z</time>
    </trkpt>
    <trkpt lat="42.145041" lon="2.581441">
        <ele>489.7</ele>
        <time>2016-02-08T15:03:08.997Z</time>
    </trkpt>
    <trkpt lat="42.145121" lon="2.581461">
        <ele>490.1</ele>
        <time>2016-02-08T15:03:21.997Z</time>
    </trkpt>
    <trkpt lat="42.145206" lon="2.581431">
        <ele>488.8</ele>
        <time>2016-02-08T15:03:29.997Z</time>
    </trkpt>
    <trkpt lat="42.145281" lon="2.581365">
        <ele>488.8</ele>
        <time>2016-02-08T15:03:38.997Z</time>
    </trkpt>
    <trkpt lat="42.145288" lon="2.581356">
        <ele>488.1</ele>
        <time>2016-02-08T15:03:39.997Z</time>
    </trkpt>
    <trkpt lat="42.145431" lon="2.581253">
        <ele>487.5</ele>
        <time>2016-02-08T15:03:54.997Z</time>
    </trkpt>
    <trkpt lat="42.145511" lon="2.58123">
        <ele>487.0</ele>
        <time>2016-02-08T15:04:02.997Z</time>
    </trkpt>
    <trkpt lat="42.145588" lon="2.581218">
        <ele>486.6</ele>
        <time>2016-02-08T15:04:09.997Z</time>
    </trkpt>
    <trkpt lat="42.14567" lon="2.581205">
        <ele>486.6</ele>
        <time>2016-02-08T15:04:15.997Z</time>
    </trkpt>
    <trkpt lat="42.145753" lon="2.581166">
        <ele>485.1</ele>
        <time>2016-02-08T15:04:22.997Z</time>
    </trkpt>
    <trkpt lat="42.145805" lon="2.58107">
        <ele>484.5</ele>
        <time>2016-02-08T15:04:29.997Z</time>
    </trkpt>
    <trkpt lat="42.14583" lon="2.580966">
        <ele>484.8</ele>
        <time>2016-02-08T15:04:36.997Z</time>
    </trkpt>
    <trkpt lat="42.145845" lon="2.580856">
        <ele>485.1</ele>
        <time>2016-02-08T15:04:43.997Z</time>
    </trkpt>
    <trkpt lat="42.145843" lon="2.580843">
        <ele>485.1</ele>
        <time>2016-02-08T15:04:44.997Z</time>
    </trkpt>
    <trkpt lat="42.145801" lon="2.580641">
        <ele>484.0</ele>
        <time>2016-02-08T15:05:00.997Z</time>
    </trkpt>
    <trkpt lat="42.145793" lon="2.580536">
        <ele>482.6</ele>
        <time>2016-02-08T15:05:06.997Z</time>
    </trkpt>
    <trkpt lat="42.145781" lon="2.580423">
        <ele>481.1</ele>
        <time>2016-02-08T15:05:13.997Z</time>
    </trkpt>
    <trkpt lat="42.145756" lon="2.580318">
        <ele>481.8</ele>
        <time>2016-02-08T15:05:20.997Z</time>
    </trkpt>
    <trkpt lat="42.145728" lon="2.580215">
        <ele>479.0</ele>
        <time>2016-02-08T15:05:27.997Z</time>
    </trkpt>
    <trkpt lat="42.145698" lon="2.580108">
        <ele>478.4</ele>
        <time>2016-02-08T15:05:35.997Z</time>
    </trkpt>
    <trkpt lat="42.145666" lon="2.580001">
        <ele>476.5</ele>
        <time>2016-02-08T15:05:43.997Z</time>
    </trkpt>
    <trkpt lat="42.145636" lon="2.57989">
        <ele>474.3</ele>
        <time>2016-02-08T15:05:51.997Z</time>
    </trkpt>
    <trkpt lat="42.145631" lon="2.579876">
        <ele>474.3</ele>
        <time>2016-02-08T15:05:52.997Z</time>
    </trkpt>
    <trkpt lat="42.145573" lon="2.579685">
        <ele>472.5</ele>
        <time>2016-02-08T15:06:03.997Z</time>
    </trkpt>
    <trkpt lat="42.145533" lon="2.57958">
        <ele>471.9</ele>
        <time>2016-02-08T15:06:10.997Z</time>
    </trkpt>
    <trkpt lat="42.145496" lon="2.57948">
        <ele>471.2</ele>
        <time>2016-02-08T15:06:16.997Z</time>
    </trkpt>
    <trkpt lat="42.145458" lon="2.579386">
        <ele>470.2</ele>
        <time>2016-02-08T15:06:22.997Z</time>
    </trkpt>
    <trkpt lat="42.145415" lon="2.579281">
        <ele>469.0</ele>
        <time>2016-02-08T15:06:29.997Z</time>
    </trkpt>
    <trkpt lat="42.14538" lon="2.57919">
        <ele>468.1</ele>
        <time>2016-02-08T15:06:35.997Z</time>
    </trkpt>
    <trkpt lat="42.145328" lon="2.579096">
        <ele>469.2</ele>
        <time>2016-02-08T15:06:42.997Z</time>
    </trkpt>
    <trkpt lat="42.145271" lon="2.57901">
        <ele>468.9</ele>
        <time>2016-02-08T15:06:49.997Z</time>
    </trkpt>
    <trkpt lat="42.145225" lon="2.578921">
        <ele>468.3</ele>
        <time>2016-02-08T15:06:54.997Z</time>
    </trkpt>
    <trkpt lat="42.145218" lon="2.578906">
        <ele>468.1</ele>
        <time>2016-02-08T15:06:55.997Z</time>
    </trkpt>
    <trkpt lat="42.145131" lon="2.578723">
        <ele>467.9</ele>
        <time>2016-02-08T15:07:07.997Z</time>
    </trkpt>
    <trkpt lat="42.145083" lon="2.578635">
        <ele>466.6</ele>
        <time>2016-02-08T15:07:13.997Z</time>
    </trkpt>
    <trkpt lat="42.145041" lon="2.57855">
        <ele>466.2</ele>
        <time>2016-02-08T15:07:18.997Z</time>
    </trkpt>
    <trkpt lat="42.144998" lon="2.578463">
        <ele>466.5</ele>
        <time>2016-02-08T15:07:23.997Z</time>
    </trkpt>
    <trkpt lat="42.144961" lon="2.57836">
        <ele>465.6</ele>
        <time>2016-02-08T15:07:29.997Z</time>
    </trkpt>
    <trkpt lat="42.144943" lon="2.578255">
        <ele>465.1</ele>
        <time>2016-02-08T15:07:35.997Z</time>
    </trkpt>
    <trkpt lat="42.144921" lon="2.57814">
        <ele>464.3</ele>
        <time>2016-02-08T15:07:43.997Z</time>
    </trkpt>
    <trkpt lat="42.144878" lon="2.578041">
        <ele>462.4</ele>
        <time>2016-02-08T15:07:54.997Z</time>
    </trkpt>
    <trkpt lat="42.144801" lon="2.577981">
        <ele>461.7</ele>
        <time>2016-02-08T15:08:04.997Z</time>
    </trkpt>
    <trkpt lat="42.144793" lon="2.577976">
        <ele>461.4</ele>
        <time>2016-02-08T15:08:05.997Z</time>
    </trkpt>
    <trkpt lat="42.144723" lon="2.57778">
        <ele>461.6</ele>
        <time>2016-02-08T15:08:25.997Z</time>
    </trkpt>
    <trkpt lat="42.144718" lon="2.577663">
        <ele>462.3</ele>
        <time>2016-02-08T15:08:44.997Z</time>
    </trkpt>
    <trkpt lat="42.144776" lon="2.577583">
        <ele>463.2</ele>
        <time>2016-02-08T15:08:56.997Z</time>
    </trkpt>
    <trkpt lat="42.14486" lon="2.577616">
        <ele>461.6</ele>
        <time>2016-02-08T15:09:28.997Z</time>
    </trkpt>
    <trkpt lat="42.144866" lon="2.577621">
        <ele>461.6</ele>
        <time>2016-02-08T15:09:29.997Z</time>
    </trkpt>
    <trkpt lat="42.144943" lon="2.57745">
        <ele>462.1</ele>
        <time>2016-02-08T15:09:43.997Z</time>
    </trkpt>
    <trkpt lat="42.144935" lon="2.577335">
        <ele>461.8</ele>
        <time>2016-02-08T15:09:49.997Z</time>
    </trkpt>
    <trkpt lat="42.144928" lon="2.577215">
        <ele>463.0</ele>
        <time>2016-02-08T15:09:55.997Z</time>
    </trkpt>
    <trkpt lat="42.144936" lon="2.577095">
        <ele>464.0</ele>
        <time>2016-02-08T15:10:01.997Z</time>
    </trkpt>
    <trkpt lat="42.144945" lon="2.576988">
        <ele>464.6</ele>
        <time>2016-02-08T15:10:07.997Z</time>
    </trkpt>
    <trkpt lat="42.144995" lon="2.576898">
        <ele>466.8</ele>
        <time>2016-02-08T15:10:14.997Z</time>
    </trkpt>
    <trkpt lat="42.145006" lon="2.576791">
        <ele>467.2</ele>
        <time>2016-02-08T15:10:20.997Z</time>
    </trkpt>
    <trkpt lat="42.145" lon="2.576683">
        <ele>466.6</ele>
        <time>2016-02-08T15:10:26.997Z</time>
    </trkpt>
    <trkpt lat="42.144988" lon="2.576568">
        <ele>467.7</ele>
        <time>2016-02-08T15:10:33.997Z</time>
    </trkpt>
    <trkpt lat="42.144986" lon="2.576551">
        <ele>467.8</ele>
        <time>2016-02-08T15:10:34.997Z</time>
    </trkpt>
    <trkpt lat="42.14497" lon="2.576333">
        <ele>468.2</ele>
        <time>2016-02-08T15:10:47.997Z</time>
    </trkpt>
    <trkpt lat="42.144951" lon="2.576218">
        <ele>469.0</ele>
        <time>2016-02-08T15:10:54.997Z</time>
    </trkpt>
    <trkpt lat="42.1449" lon="2.576133">
        <ele>469.6</ele>
        <time>2016-02-08T15:11:00.997Z</time>
    </trkpt>
    <trkpt lat="42.14484" lon="2.576043">
        <ele>469.6</ele>
        <time>2016-02-08T15:11:07.997Z</time>
    </trkpt>
    <trkpt lat="42.144801" lon="2.575936">
        <ele>470.3</ele>
        <time>2016-02-08T15:11:14.997Z</time>
    </trkpt>
    <trkpt lat="42.144778" lon="2.575835">
        <ele>470.2</ele>
        <time>2016-02-08T15:11:20.997Z</time>
    </trkpt>
    <trkpt lat="42.144755" lon="2.575731">
        <ele>469.8</ele>
        <time>2016-02-08T15:11:26.997Z</time>
    </trkpt>
    <trkpt lat="42.144731" lon="2.575623">
        <ele>470.1</ele>
        <time>2016-02-08T15:11:32.997Z</time>
    </trkpt>
    <trkpt lat="42.144705" lon="2.575521">
        <ele>470.5</ele>
        <time>2016-02-08T15:11:38.997Z</time>
    </trkpt>
    <trkpt lat="42.1447" lon="2.575505">
        <ele>470.4</ele>
        <time>2016-02-08T15:11:39.997Z</time>
    </trkpt>
    <trkpt lat="42.144641" lon="2.575306">
        <ele>470.9</ele>
        <time>2016-02-08T15:11:51.997Z</time>
    </trkpt>
    <trkpt lat="42.144625" lon="2.5752">
        <ele>471.3</ele>
        <time>2016-02-08T15:11:57.997Z</time>
    </trkpt>
    <trkpt lat="42.144613" lon="2.575091">
        <ele>471.8</ele>
        <time>2016-02-08T15:12:03.997Z</time>
    </trkpt>
    <trkpt lat="42.144596" lon="2.574973">
        <ele>471.7</ele>
        <time>2016-02-08T15:12:10.997Z</time>
    </trkpt>
    <trkpt lat="42.144586" lon="2.574856">
        <ele>472.7</ele>
        <time>2016-02-08T15:12:17.997Z</time>
    </trkpt>
    <trkpt lat="42.144575" lon="2.574755">
        <ele>473.0</ele>
        <time>2016-02-08T15:12:23.997Z</time>
    </trkpt>
    <trkpt lat="42.144563" lon="2.574635">
        <ele>473.4</ele>
        <time>2016-02-08T15:12:30.997Z</time>
    </trkpt>
    <trkpt lat="42.144566" lon="2.574515">
        <ele>474.2</ele>
        <time>2016-02-08T15:12:38.997Z</time>
    </trkpt>
    <trkpt lat="42.144573" lon="2.574403">
        <ele>475.1</ele>
        <time>2016-02-08T15:12:46.997Z</time>
    </trkpt>
    <trkpt lat="42.144575" lon="2.57439">
        <ele>475.0</ele>
        <time>2016-02-08T15:12:47.997Z</time>
    </trkpt>
    <trkpt lat="42.144548" lon="2.57417">
        <ele>475.9</ele>
        <time>2016-02-08T15:13:04.997Z</time>
    </trkpt>
    <trkpt lat="42.14453" lon="2.574066">
        <ele>476.2</ele>
        <time>2016-02-08T15:13:11.997Z</time>
    </trkpt>
    <trkpt lat="42.144531" lon="2.573961">
        <ele>476.6</ele>
        <time>2016-02-08T15:13:17.997Z</time>
    </trkpt>
    <trkpt lat="42.144531" lon="2.573843">
        <ele>476.9</ele>
        <time>2016-02-08T15:13:23.997Z</time>
    </trkpt>
    <trkpt lat="42.144533" lon="2.573723">
        <ele>477.8</ele>
        <time>2016-02-08T15:13:29.997Z</time>
    </trkpt>
    <trkpt lat="42.144525" lon="2.573606">
        <ele>478.7</ele>
        <time>2016-02-08T15:13:35.997Z</time>
    </trkpt>
    <trkpt lat="42.144506" lon="2.573493">
        <ele>479.1</ele>
        <time>2016-02-08T15:13:42.997Z</time>
    </trkpt>
    <trkpt lat="42.1445" lon="2.573375">
        <ele>480.4</ele>
        <time>2016-02-08T15:13:49.997Z</time>
    </trkpt>
    <trkpt lat="42.1445" lon="2.573363">
        <ele>480.3</ele>
        <time>2016-02-08T15:13:50.997Z</time>
    </trkpt>
    <trkpt lat="42.14448" lon="2.573165">
        <ele>483.5</ele>
        <time>2016-02-08T15:14:55.997Z</time>
    </trkpt>
    <trkpt lat="42.144478" lon="2.573156">
        <ele>483.6</ele>
        <time>2016-02-08T15:14:56.997Z</time>
    </trkpt>
    <trkpt lat="42.144405" lon="2.57295">
        <ele>486.5</ele>
        <time>2016-02-08T15:15:17.997Z</time>
    </trkpt>
    <trkpt lat="42.144376" lon="2.572836">
        <ele>485.7</ele>
        <time>2016-02-08T15:15:44.997Z</time>
    </trkpt>
    <trkpt lat="42.144348" lon="2.572726">
        <ele>487.1</ele>
        <time>2016-02-08T15:15:55.997Z</time>
    </trkpt>
    <trkpt lat="42.144315" lon="2.572623">
        <ele>489.5</ele>
        <time>2016-02-08T15:16:06.997Z</time>
    </trkpt>
    <trkpt lat="42.144311" lon="2.572613">
        <ele>489.4</ele>
        <time>2016-02-08T15:16:07.997Z</time>
    </trkpt>
    <trkpt lat="42.14422" lon="2.57244">
        <ele>492.1</ele>
        <time>2016-02-08T15:16:32.997Z</time>
    </trkpt>
    <trkpt lat="42.14416" lon="2.572363">
        <ele>492.9</ele>
        <time>2016-02-08T15:16:42.997Z</time>
    </trkpt>
    <trkpt lat="42.144086" lon="2.572303">
        <ele>492.8</ele>
        <time>2016-02-08T15:16:50.997Z</time>
    </trkpt>
    <trkpt lat="42.144013" lon="2.572246">
        <ele>493.5</ele>
        <time>2016-02-08T15:16:58.997Z</time>
    </trkpt>
    <trkpt lat="42.143966" lon="2.572158">
        <ele>494.5</ele>
        <time>2016-02-08T15:17:08.997Z</time>
    </trkpt>
    <trkpt lat="42.143963" lon="2.572145">
        <ele>494.6</ele>
        <time>2016-02-08T15:17:09.997Z</time>
    </trkpt>
    <trkpt lat="42.143926" lon="2.571943">
        <ele>496.1</ele>
        <time>2016-02-08T15:17:25.997Z</time>
    </trkpt>
    <trkpt lat="42.143898" lon="2.571833">
        <ele>497.8</ele>
        <time>2016-02-08T15:17:36.997Z</time>
    </trkpt>
    <trkpt lat="42.143903" lon="2.571718">
        <ele>498.2</ele>
        <time>2016-02-08T15:17:47.997Z</time>
    </trkpt>
    <trkpt lat="42.143908" lon="2.571605">
        <ele>500.6</ele>
        <time>2016-02-08T15:17:58.997Z</time>
    </trkpt>
    <trkpt lat="42.143905" lon="2.571491">
        <ele>501.4</ele>
        <time>2016-02-08T15:18:08.997Z</time>
    </trkpt>
    <trkpt lat="42.1439" lon="2.571376">
        <ele>502.3</ele>
        <time>2016-02-08T15:18:19.997Z</time>
    </trkpt>
    <trkpt lat="42.143898" lon="2.571363">
        <ele>503.0</ele>
        <time>2016-02-08T15:18:20.997Z</time>
    </trkpt>
    <trkpt lat="42.143936" lon="2.571153">
        <ele>503.7</ele>
        <time>2016-02-08T15:18:38.997Z</time>
    </trkpt>
    <trkpt lat="42.143935" lon="2.571036">
        <ele>504.9</ele>
        <time>2016-02-08T15:18:49.997Z</time>
    </trkpt>
    <trkpt lat="42.14402" lon="2.571045">
        <ele>504.9</ele>
        <time>2016-02-08T15:19:28.997Z</time>
    </trkpt>
    <trkpt lat="42.14403" lon="2.571045">
        <ele>505.1</ele>
        <time>2016-02-08T15:19:29.997Z</time>
    </trkpt>
    <trkpt lat="42.14416" lon="2.571095">
        <ele>505.4</ele>
        <time>2016-02-08T15:19:43.997Z</time>
    </trkpt>
    <trkpt lat="42.144191" lon="2.5712">
        <ele>506.5</ele>
        <time>2016-02-08T15:19:50.997Z</time>
    </trkpt>
    <trkpt lat="42.144231" lon="2.571303">
        <ele>507.7</ele>
        <time>2016-02-08T15:19:58.997Z</time>
    </trkpt>
    <trkpt lat="42.144281" lon="2.571403">
        <ele>507.8</ele>
        <time>2016-02-08T15:20:12.997Z</time>
    </trkpt>
    <trkpt lat="42.144348" lon="2.571483">
        <ele>508.1</ele>
        <time>2016-02-08T15:20:51.997Z</time>
    </trkpt>
    <trkpt lat="42.144351" lon="2.571481">
        <ele>508.2</ele>
        <time>2016-02-08T15:20:52.997Z</time>
    </trkpt>
    <trkpt lat="42.14452" lon="2.571533">
        <ele>508.2</ele>
        <time>2016-02-08T15:21:34.997Z</time>
    </trkpt>
    <trkpt lat="42.14456" lon="2.571425">
        <ele>508.0</ele>
        <time>2016-02-08T15:22:01.997Z</time>
    </trkpt>
    <trkpt lat="42.144561" lon="2.571421">
        <ele>508.3</ele>
        <time>2016-02-08T15:22:02.997Z</time>
    </trkpt>
    <trkpt lat="42.144703" lon="2.571531">
        <ele>507.4</ele>
        <time>2016-02-08T15:22:30.997Z</time>
    </trkpt>
    <trkpt lat="42.144781" lon="2.571553">
        <ele>507.2</ele>
        <time>2016-02-08T15:22:37.997Z</time>
    </trkpt>
    <trkpt lat="42.144866" lon="2.571583">
        <ele>508.1</ele>
        <time>2016-02-08T15:22:45.997Z</time>
    </trkpt>
    <trkpt lat="42.14492" lon="2.571491">
        <ele>508.1</ele>
        <time>2016-02-08T15:23:03.997Z</time>
    </trkpt>
    <trkpt lat="42.144921" lon="2.571486">
        <ele>507.9</ele>
        <time>2016-02-08T15:23:04.997Z</time>
    </trkpt>
    <trkpt lat="42.145055" lon="2.57146">
        <ele>506.7</ele>
        <time>2016-02-08T15:24:14.997Z</time>
    </trkpt>
    <trkpt lat="42.145058" lon="2.571451">
        <ele>506.5</ele>
        <time>2016-02-08T15:24:15.997Z</time>
    </trkpt>
    <trkpt lat="42.145055" lon="2.571231">
        <ele>502.5</ele>
        <time>2016-02-08T15:24:40.997Z</time>
    </trkpt>
    <trkpt lat="42.14507" lon="2.571113">
        <ele>500.4</ele>
        <time>2016-02-08T15:24:51.997Z</time>
    </trkpt>
    <trkpt lat="42.145085" lon="2.570998">
        <ele>497.1</ele>
        <time>2016-02-08T15:25:05.997Z</time>
    </trkpt>
    <trkpt lat="42.145095" lon="2.570886">
        <ele>495.5</ele>
        <time>2016-02-08T15:25:17.997Z</time>
    </trkpt>
    <trkpt lat="42.145096" lon="2.57087">
        <ele>495.3</ele>
        <time>2016-02-08T15:25:18.997Z</time>
    </trkpt>
    <trkpt lat="42.145111" lon="2.570665">
        <ele>493.9</ele>
        <time>2016-02-08T15:25:40.997Z</time>
    </trkpt>
    <trkpt lat="42.145153" lon="2.570563">
        <ele>492.7</ele>
        <time>2016-02-08T15:25:51.997Z</time>
    </trkpt>
    <trkpt lat="42.1452" lon="2.570663">
        <ele>495.3</ele>
        <time>2016-02-08T15:26:43.997Z</time>
    </trkpt>
    <trkpt lat="42.145206" lon="2.570671">
        <ele>495.3</ele>
        <time>2016-02-08T15:26:44.997Z</time>
    </trkpt>
    <trkpt lat="42.145313" lon="2.570841">
        <ele>495.7</ele>
        <time>2016-02-08T15:27:00.997Z</time>
    </trkpt>
    <trkpt lat="42.145351" lon="2.570948">
        <ele>496.3</ele>
        <time>2016-02-08T15:27:12.997Z</time>
    </trkpt>
    <trkpt lat="42.145368" lon="2.571063">
        <ele>495.7</ele>
        <time>2016-02-08T15:27:24.997Z</time>
    </trkpt>
    <trkpt lat="42.145403" lon="2.571171">
        <ele>496.2</ele>
        <time>2016-02-08T15:27:33.997Z</time>
    </trkpt>
    <trkpt lat="42.145446" lon="2.571275">
        <ele>497.5</ele>
        <time>2016-02-08T15:27:42.997Z</time>
    </trkpt>
    <trkpt lat="42.145503" lon="2.571363">
        <ele>499.0</ele>
        <time>2016-02-08T15:27:53.997Z</time>
    </trkpt>
    <trkpt lat="42.145508" lon="2.57137">
        <ele>499.0</ele>
        <time>2016-02-08T15:27:54.997Z</time>
    </trkpt>
    <trkpt lat="42.145616" lon="2.571541">
        <ele>502.6</ele>
        <time>2016-02-08T15:28:27.997Z</time>
    </trkpt>
    <trkpt lat="42.145671" lon="2.571633">
        <ele>502.2</ele>
        <time>2016-02-08T15:28:55.997Z</time>
    </trkpt>
    <trkpt lat="42.14567" lon="2.57159">
        <ele>536.8</ele>
        <time>2016-02-08T10:14:53.997Z</time>
    </trkpt>
    <trkpt lat="42.1457" lon="2.571486">
        <ele>537.8</ele>
        <time>2016-02-08T10:15:30.997Z</time>
    </trkpt>
    <trkpt lat="42.145655" lon="2.57139">
        <ele>537.9</ele>
        <time>2016-02-08T10:15:39.997Z</time>
    </trkpt>
    <trkpt lat="42.14565" lon="2.57138">
        <ele>538.1</ele>
        <time>2016-02-08T10:15:40.997Z</time>
    </trkpt>
    <trkpt lat="42.14566" lon="2.571158">
        <ele>539.0</ele>
        <time>2016-02-08T10:16:06.997Z</time>
    </trkpt>
    <trkpt lat="42.145678" lon="2.571043">
        <ele>539.4</ele>
        <time>2016-02-08T10:16:15.997Z</time>
    </trkpt>
    <trkpt lat="42.145615" lon="2.570961">
        <ele>540.2</ele>
        <time>2016-02-08T10:16:25.997Z</time>
    </trkpt>
    <trkpt lat="42.145661" lon="2.570858">
        <ele>541.2</ele>
        <time>2016-02-08T10:16:57.997Z</time>
    </trkpt>
    <trkpt lat="42.145666" lon="2.570843">
        <ele>541.1</ele>
        <time>2016-02-08T10:16:58.997Z</time>
    </trkpt>
    <trkpt lat="42.145666" lon="2.570645">
        <ele>541.9</ele>
        <time>2016-02-08T10:17:12.997Z</time>
    </trkpt>
    <trkpt lat="42.145661" lon="2.570535">
        <ele>542.2</ele>
        <time>2016-02-08T10:17:19.997Z</time>
    </trkpt>
    <trkpt lat="42.145668" lon="2.570425">
        <ele>543.3</ele>
        <time>2016-02-08T10:17:26.997Z</time>
    </trkpt>
    <trkpt lat="42.145686" lon="2.570308">
        <ele>544.6</ele>
        <time>2016-02-08T10:17:36.997Z</time>
    </trkpt>
    <trkpt lat="42.145643" lon="2.570205">
        <ele>545.0</ele>
        <time>2016-02-08T10:18:11.997Z</time>
    </trkpt>
    <trkpt lat="42.14564" lon="2.570201">
        <ele>544.7</ele>
        <time>2016-02-08T10:18:12.997Z</time>
    </trkpt>
    </trkseg>
</trk>
</gpx>