<?xml version="1.0" encoding="UTF-8"?>
<gpx xmlns:xsi="http://www.w3.org/2001/XMLSchema-instance" xmlns="http://www.topografix.com/GPX/1/1" xsi:schemaLocation="http://www.topografix.com/GPX/1/1 http://www.topografix.com/GPX/1/1/gpx.xsd http://www.garmin.com/xmlschemas/GpxExtensions/v3 http://www.garmin.com/xmlschemas/GpxExtensionsv3.xsd http://www.garmin.com/xmlschemas/TrackPointExtension/v1 http://www.garmin.com/xmlschemas/TrackPointExtensionv1.xsd http://www.topografix.com/GPX/gpx_style/0/2 http://www.topografix.com/GPX/gpx_style/0/2/gpx_style.xsd" xmlns:gpxtpx="http://www.garmin.com/xmlschemas/TrackPointExtension/v1" xmlns:gpxx="http://www.garmin.com/xmlschemas/GpxExtensions/v3" xmlns:gpx_style="http://www.topografix.com/GPX/gpx_style/0/2" version="1.1" creator="Wikiloc - https://www.wikiloc.com">
<metadata>
    <name>R18 - Santa Pau - Faig Rodó - Puigsallança - Santa Maria de Finestres</name>
    <author>
        <name>gpx.studio</name>
        <link href="https://gpx.studio"></link>
    </author>
</metadata>
<wpt lat="42.114336922419426" lon="2.578206360340119">
    <ele>1016.8</ele>
    <name>Faig Rodó</name>
    <sym>Summit</sym>
</wpt>
<wpt lat="42.11500683026533" lon="2.5815952282685566">
    <ele>1009.5</ele>
    <name>Puigsallança</name>
    <sym>Summit</sym>
</wpt>
<wpt lat="42.113893" lon="2.591355">
    <ele>863.3</ele>
    <name>Oratori</name>
    <sym>Geographic place name, Man-made</sym>
</wpt>
<wpt lat="42.1118875737635" lon="2.5930470228195195">
    <ele>851.7</ele>
    <name>Santuari de Santa Maria de Finestres</name>
    <sym>Scenic Area</sym>
</wpt>
<wpt lat="42.1436858" lon="2.5698934">
    <ele>489.1</ele>
    <name>WC</name>
    <cmt>amenity: toilets</cmt>
    <sym>Restroom</sym>
</wpt>
<wpt lat="42.1439068" lon="2.5709497">
    <ele>491.5</ele>
    <name>WC</name>
    <cmt>amenity: drinking_water</cmt>
    <sym>Drinking Water</sym>
</wpt>
<wpt lat="42.1146151" lon="2.5826397">
    <ele>992.3</ele>
    <name>Mirador</name>
    <cmt>tourism: viewpoint</cmt>
    <sym>Scenic Area</sym>
</wpt>
<wpt lat="42.11341786906296" lon="2.5958551420631353">
    <ele>913.5</ele>
    <name>Castell de Finestres</name>
    <cmt>direction: 0-360, name: Castell de Finestres, name:ca: Castell de Finestres, tourism: viewpoint</cmt>
    <sym>Scenic Area</sym>
</wpt>
<wpt lat="42.138673029462566" lon="2.5685107935848666">
    <ele>554.4</ele>
    <name>SP19</name>
    <cmt>Volcà de Can Simó</cmt>
    <desc>Volcà de Can Simó</desc>
    <sym>Flag, Green</sym>
</wpt>
<wpt lat="42.13875178663086" lon="2.568216819316498">
    <ele>557.2</ele>
    <name>SP20</name>
    <cmt>Els Colls</cmt>
    <desc>Els Colls</desc>
    <sym>Flag, Green</sym>
</wpt>
<wpt lat="42.13208242100686" lon="2.5677537918090825">
    <ele>622.1</ele>
    <name>SP21</name>
    <cmt>Coll de Maria I</cmt>
    <desc>Coll de Maria I</desc>
    <sym>Flag, Green</sym>
</wpt>
<wpt lat="42.131879529720464" lon="2.567485570907593">
    <ele>622.9</ele>
    <name>SP22</name>
    <cmt>Coll de Maria II</cmt>
    <desc>Coll de Maria II</desc>
    <sym>Flag, Green</sym>
</wpt>
<wpt lat="42.11447869267135" lon="2.590061952368177">
    <ele>846.4</ele>
    <name>G990</name>
    <cmt>Fageda de Finestres</cmt>
    <desc>Fageda de Finestres</desc>
    <sym>Flag, Green</sym>
</wpt>
<wpt lat="42.11385342729912" lon="2.591398805379868">
    <ele>855.0</ele>
    <name>G991</name>
    <cmt>Fageda de Finestres</cmt>
    <desc>Fageda de Finestres</desc>
    <sym>Flag, Green</sym>
</wpt>
<trk>
    <name>Santa Pau - Faig Rodo - Puigllançada sant Maria de Finestres...</name>
    <type>Running</type>
    <extensions>
        <gpx_style:line>
        <color>0000ff</color>
        <opacity>0.7</opacity>
        <weight>3</weight>
        </gpx_style:line>
    </extensions>
    <trkseg>
    <trkpt lat="42.143486" lon="2.569681">
        <ele>485.4</ele>
        <time>2022-01-02T07:21:48.000Z</time>
    </trkpt>
    <trkpt lat="42.14345" lon="2.569758">
        <ele>486.3</ele>
        <time>2022-01-02T07:21:52.000Z</time>
    </trkpt>
    <trkpt lat="42.143412" lon="2.569792">
        <ele>487.2</ele>
        <time>2022-01-02T07:21:56.000Z</time>
    </trkpt>
    <trkpt lat="42.143365" lon="2.569822">
        <ele>488.2</ele>
        <time>2022-01-02T07:22:00.000Z</time>
    </trkpt>
    <trkpt lat="42.143328" lon="2.569861">
        <ele>489.1</ele>
        <time>2022-01-02T07:22:04.000Z</time>
    </trkpt>
    <trkpt lat="42.143285" lon="2.569906">
        <ele>490.4</ele>
        <time>2022-01-02T07:22:08.000Z</time>
    </trkpt>
    <trkpt lat="42.143254" lon="2.569963">
        <ele>491.4</ele>
        <time>2022-01-02T07:22:14.000Z</time>
    </trkpt>
    <trkpt lat="42.14325" lon="2.570041">
        <ele>491.8</ele>
        <time>2022-01-02T07:22:20.000Z</time>
    </trkpt>
    <trkpt lat="42.143254" lon="2.57011">
        <ele>492.2</ele>
        <time>2022-01-02T07:22:25.000Z</time>
    </trkpt>
    <trkpt lat="42.143256" lon="2.570173">
        <ele>492.6</ele>
        <time>2022-01-02T07:22:30.000Z</time>
    </trkpt>
    <trkpt lat="42.143278" lon="2.570234">
        <ele>492.7</ele>
        <time>2022-01-02T07:22:34.000Z</time>
    </trkpt>
    <trkpt lat="42.143284" lon="2.5703">
        <ele>493.4</ele>
        <time>2022-01-02T07:22:39.000Z</time>
    </trkpt>
    <trkpt lat="42.143292" lon="2.570368">
        <ele>494.4</ele>
        <time>2022-01-02T07:22:44.000Z</time>
    </trkpt>
    <trkpt lat="42.143303" lon="2.57043">
        <ele>495.2</ele>
        <time>2022-01-02T07:22:49.000Z</time>
    </trkpt>
    <trkpt lat="42.143263" lon="2.570472">
        <ele>496.6</ele>
        <time>2022-01-02T07:22:57.000Z</time>
    </trkpt>
    <trkpt lat="42.143234" lon="2.570523">
        <ele>497.9</ele>
        <time>2022-01-02T07:23:12.000Z</time>
    </trkpt>
    <trkpt lat="42.143198" lon="2.570559">
        <ele>499.1</ele>
        <time>2022-01-02T07:23:32.000Z</time>
    </trkpt>
    <trkpt lat="42.143148" lon="2.570554">
        <ele>499.7</ele>
        <time>2022-01-02T07:23:39.000Z</time>
    </trkpt>
    <trkpt lat="42.143097" lon="2.570539">
        <ele>500.3</ele>
        <time>2022-01-02T07:23:44.000Z</time>
    </trkpt>
    <trkpt lat="42.143044" lon="2.57054">
        <ele>501.1</ele>
        <time>2022-01-02T07:23:50.000Z</time>
    </trkpt>
    <trkpt lat="42.142996" lon="2.570517">
        <ele>501.9</ele>
        <time>2022-01-02T07:23:56.000Z</time>
    </trkpt>
    <trkpt lat="42.142954" lon="2.570488">
        <ele>502.5</ele>
        <time>2022-01-02T07:24:00.000Z</time>
    </trkpt>
    <trkpt lat="42.142902" lon="2.570484">
        <ele>503.8</ele>
        <time>2022-01-02T07:24:05.000Z</time>
    </trkpt>
    <trkpt lat="42.142858" lon="2.570465">
        <ele>504.5</ele>
        <time>2022-01-02T07:24:10.000Z</time>
    </trkpt>
    <trkpt lat="42.142812" lon="2.570439">
        <ele>505.1</ele>
        <time>2022-01-02T07:24:15.000Z</time>
    </trkpt>
    <trkpt lat="42.142778" lon="2.570398">
        <ele>505.3</ele>
        <time>2022-01-02T07:24:21.000Z</time>
    </trkpt>
    <trkpt lat="42.142747" lon="2.570344">
        <ele>504.9</ele>
        <time>2022-01-02T07:24:27.000Z</time>
    </trkpt>
    <trkpt lat="42.142702" lon="2.570336">
        <ele>505.9</ele>
        <time>2022-01-02T07:24:32.000Z</time>
    </trkpt>
    <trkpt lat="42.142648" lon="2.570334">
        <ele>507.2</ele>
        <time>2022-01-02T07:25:09.000Z</time>
    </trkpt>
    <trkpt lat="42.14262" lon="2.570386">
        <ele>508.8</ele>
        <time>2022-01-02T07:25:23.000Z</time>
    </trkpt>
    <trkpt lat="42.142645" lon="2.570441">
        <ele>509.1</ele>
        <time>2022-01-02T07:25:34.000Z</time>
    </trkpt>
    <trkpt lat="42.142673" lon="2.570499">
        <ele>509.3</ele>
        <time>2022-01-02T07:25:39.000Z</time>
    </trkpt>
    <trkpt lat="42.142681" lon="2.570567">
        <ele>510.2</ele>
        <time>2022-01-02T07:25:45.000Z</time>
    </trkpt>
    <trkpt lat="42.142662" lon="2.570624">
        <ele>510.7</ele>
        <time>2022-01-02T07:26:00.000Z</time>
    </trkpt>
    <trkpt lat="42.142626" lon="2.570663">
        <ele>511.4</ele>
        <time>2022-01-02T07:26:06.000Z</time>
    </trkpt>
    <trkpt lat="42.142582" lon="2.570684">
        <ele>512.2</ele>
        <time>2022-01-02T07:26:13.000Z</time>
    </trkpt>
    <trkpt lat="42.142533" lon="2.570692">
        <ele>513.1</ele>
        <time>2022-01-02T07:26:18.000Z</time>
    </trkpt>
    <trkpt lat="42.142488" lon="2.570697">
        <ele>513.5</ele>
        <time>2022-01-02T07:26:23.000Z</time>
    </trkpt>
    <trkpt lat="42.142439" lon="2.570708">
        <ele>513.5</ele>
        <time>2022-01-02T07:26:30.000Z</time>
    </trkpt>
    <trkpt lat="42.142395" lon="2.570735">
        <ele>513.3</ele>
        <time>2022-01-02T07:26:35.000Z</time>
    </trkpt>
    <trkpt lat="42.142341" lon="2.57075">
        <ele>513.0</ele>
        <time>2022-01-02T07:26:40.000Z</time>
    </trkpt>
    <trkpt lat="42.142295" lon="2.570754">
        <ele>513.0</ele>
        <time>2022-01-02T07:26:44.000Z</time>
    </trkpt>
    <trkpt lat="42.142247" lon="2.570744">
        <ele>513.1</ele>
        <time>2022-01-02T07:26:48.000Z</time>
    </trkpt>
    <trkpt lat="42.142201" lon="2.570736">
        <ele>513.0</ele>
        <time>2022-01-02T07:26:52.000Z</time>
    </trkpt>
    <trkpt lat="42.142144" lon="2.57072">
        <ele>512.9</ele>
        <time>2022-01-02T07:26:57.000Z</time>
    </trkpt>
    <trkpt lat="42.142092" lon="2.570709">
        <ele>512.7</ele>
        <time>2022-01-02T07:27:03.000Z</time>
    </trkpt>
    <trkpt lat="42.142038" lon="2.570693">
        <ele>512.8</ele>
        <time>2022-01-02T07:27:07.000Z</time>
    </trkpt>
    <trkpt lat="42.141985" lon="2.570692">
        <ele>512.5</ele>
        <time>2022-01-02T07:27:12.000Z</time>
    </trkpt>
    <trkpt lat="42.141938" lon="2.570682">
        <ele>512.5</ele>
        <time>2022-01-02T07:27:18.000Z</time>
    </trkpt>
    <trkpt lat="42.141889" lon="2.570671">
        <ele>513.4</ele>
        <time>2022-01-02T07:27:23.000Z</time>
    </trkpt>
    <trkpt lat="42.141841" lon="2.570688">
        <ele>513.3</ele>
        <time>2022-01-02T07:27:27.000Z</time>
    </trkpt>
    <trkpt lat="42.141789" lon="2.570681">
        <ele>514.1</ele>
        <time>2022-01-02T07:27:32.000Z</time>
    </trkpt>
    <trkpt lat="42.141735" lon="2.570695">
        <ele>514.3</ele>
        <time>2022-01-02T07:27:37.000Z</time>
    </trkpt>
    <trkpt lat="42.141696" lon="2.57073">
        <ele>513.5</ele>
        <time>2022-01-02T07:27:40.000Z</time>
    </trkpt>
    <trkpt lat="42.141649" lon="2.570734">
        <ele>513.6</ele>
        <time>2022-01-02T07:27:44.000Z</time>
    </trkpt>
    <trkpt lat="42.141601" lon="2.570714">
        <ele>514.6</ele>
        <time>2022-01-02T07:27:50.000Z</time>
    </trkpt>
    <trkpt lat="42.141545" lon="2.570735">
        <ele>514.0</ele>
        <time>2022-01-02T07:27:55.000Z</time>
    </trkpt>
    <trkpt lat="42.141491" lon="2.570737">
        <ele>514.1</ele>
        <time>2022-01-02T07:27:59.000Z</time>
    </trkpt>
    <trkpt lat="42.141443" lon="2.57074">
        <ele>514.2</ele>
        <time>2022-01-02T07:28:03.000Z</time>
    </trkpt>
    <trkpt lat="42.141395" lon="2.570752">
        <ele>514.0</ele>
        <time>2022-01-02T07:28:07.000Z</time>
    </trkpt>
    <trkpt lat="42.141342" lon="2.570742">
        <ele>514.0</ele>
        <time>2022-01-02T07:28:11.000Z</time>
    </trkpt>
    <trkpt lat="42.141289" lon="2.57075">
        <ele>513.3</ele>
        <time>2022-01-02T07:28:15.000Z</time>
    </trkpt>
    <trkpt lat="42.141234" lon="2.57075">
        <ele>512.9</ele>
        <time>2022-01-02T07:28:19.000Z</time>
    </trkpt>
    <trkpt lat="42.141188" lon="2.570753">
        <ele>512.4</ele>
        <time>2022-01-02T07:28:22.000Z</time>
    </trkpt>
    <trkpt lat="42.141139" lon="2.570757">
        <ele>511.9</ele>
        <time>2022-01-02T07:28:26.000Z</time>
    </trkpt>
    <trkpt lat="42.141083" lon="2.570749">
        <ele>512.1</ele>
        <time>2022-01-02T07:28:31.000Z</time>
    </trkpt>
    <trkpt lat="42.14104" lon="2.570732">
        <ele>512.7</ele>
        <time>2022-01-02T07:28:35.000Z</time>
    </trkpt>
    <trkpt lat="42.140988" lon="2.570737">
        <ele>512.6</ele>
        <time>2022-01-02T07:28:39.000Z</time>
    </trkpt>
    <trkpt lat="42.140939" lon="2.570755">
        <ele>512.0</ele>
        <time>2022-01-02T07:28:43.000Z</time>
    </trkpt>
    <trkpt lat="42.140896" lon="2.570778">
        <ele>511.1</ele>
        <time>2022-01-02T07:28:47.000Z</time>
    </trkpt>
    <trkpt lat="42.140843" lon="2.570781">
        <ele>511.2</ele>
        <time>2022-01-02T07:28:52.000Z</time>
    </trkpt>
    <trkpt lat="42.140795" lon="2.570791">
        <ele>511.6</ele>
        <time>2022-01-02T07:28:57.000Z</time>
    </trkpt>
    <trkpt lat="42.140746" lon="2.57082">
        <ele>511.8</ele>
        <time>2022-01-02T07:29:02.000Z</time>
    </trkpt>
    <trkpt lat="42.140704" lon="2.570846">
        <ele>511.9</ele>
        <time>2022-01-02T07:29:06.000Z</time>
    </trkpt>
    <trkpt lat="42.140666" lon="2.570898">
        <ele>511.4</ele>
        <time>2022-01-02T07:29:10.000Z</time>
    </trkpt>
    <trkpt lat="42.140633" lon="2.570939">
        <ele>511.0</ele>
        <time>2022-01-02T07:29:14.000Z</time>
    </trkpt>
    <trkpt lat="42.140582" lon="2.570966">
        <ele>511.5</ele>
        <time>2022-01-02T07:29:18.000Z</time>
    </trkpt>
    <trkpt lat="42.140534" lon="2.570987">
        <ele>512.4</ele>
        <time>2022-01-02T07:29:23.000Z</time>
    </trkpt>
    <trkpt lat="42.140484" lon="2.570985">
        <ele>513.9</ele>
        <time>2022-01-02T07:29:29.000Z</time>
    </trkpt>
    <trkpt lat="42.140433" lon="2.571005">
        <ele>514.9</ele>
        <time>2022-01-02T07:29:35.000Z</time>
    </trkpt>
    <trkpt lat="42.140391" lon="2.571047">
        <ele>514.6</ele>
        <time>2022-01-02T07:29:39.000Z</time>
    </trkpt>
    <trkpt lat="42.140351" lon="2.571086">
        <ele>514.2</ele>
        <time>2022-01-02T07:29:43.000Z</time>
    </trkpt>
    <trkpt lat="42.140314" lon="2.571121">
        <ele>513.9</ele>
        <time>2022-01-02T07:29:48.000Z</time>
    </trkpt>
    <trkpt lat="42.140285" lon="2.571172">
        <ele>512.9</ele>
        <time>2022-01-02T07:29:51.000Z</time>
    </trkpt>
    <trkpt lat="42.140244" lon="2.571216">
        <ele>512.3</ele>
        <time>2022-01-02T07:29:55.000Z</time>
    </trkpt>
    <trkpt lat="42.140193" lon="2.571234">
        <ele>512.4</ele>
        <time>2022-01-02T07:29:59.000Z</time>
    </trkpt>
    <trkpt lat="42.140141" lon="2.571254">
        <ele>512.6</ele>
        <time>2022-01-02T07:30:03.000Z</time>
    </trkpt>
    <trkpt lat="42.140082" lon="2.571269">
        <ele>512.9</ele>
        <time>2022-01-02T07:30:07.000Z</time>
    </trkpt>
    <trkpt lat="42.140029" lon="2.571293">
        <ele>512.8</ele>
        <time>2022-01-02T07:30:11.000Z</time>
    </trkpt>
    <trkpt lat="42.139982" lon="2.571295">
        <ele>513.1</ele>
        <time>2022-01-02T07:30:16.000Z</time>
    </trkpt>
    <trkpt lat="42.139932" lon="2.571299">
        <ele>513.3</ele>
        <time>2022-01-02T07:30:21.000Z</time>
    </trkpt>
    <trkpt lat="42.139886" lon="2.571301">
        <ele>513.4</ele>
        <time>2022-01-02T07:30:26.000Z</time>
    </trkpt>
    <trkpt lat="42.139838" lon="2.57131">
        <ele>513.2</ele>
        <time>2022-01-02T07:30:30.000Z</time>
    </trkpt>
    <trkpt lat="42.139789" lon="2.571297">
        <ele>514.1</ele>
        <time>2022-01-02T07:30:34.000Z</time>
    </trkpt>
    <trkpt lat="42.139741" lon="2.571286">
        <ele>514.7</ele>
        <time>2022-01-02T07:30:39.000Z</time>
    </trkpt>
    <trkpt lat="42.139691" lon="2.57127">
        <ele>515.3</ele>
        <time>2022-01-02T07:30:44.000Z</time>
    </trkpt>
    <trkpt lat="42.139648" lon="2.57125">
        <ele>515.7</ele>
        <time>2022-01-02T07:30:48.000Z</time>
    </trkpt>
    <trkpt lat="42.139603" lon="2.571228">
        <ele>516.0</ele>
        <time>2022-01-02T07:30:52.000Z</time>
    </trkpt>
    <trkpt lat="42.139568" lon="2.571187">
        <ele>517.1</ele>
        <time>2022-01-02T07:30:57.000Z</time>
    </trkpt>
    <trkpt lat="42.13952" lon="2.571153">
        <ele>517.7</ele>
        <time>2022-01-02T07:31:02.000Z</time>
    </trkpt>
    <trkpt lat="42.139475" lon="2.571126">
        <ele>518.1</ele>
        <time>2022-01-02T07:31:08.000Z</time>
    </trkpt>
    <trkpt lat="42.139443" lon="2.571077">
        <ele>519.1</ele>
        <time>2022-01-02T07:31:14.000Z</time>
    </trkpt>
    <trkpt lat="42.139403" lon="2.571049">
        <ele>518.9</ele>
        <time>2022-01-02T07:31:20.000Z</time>
    </trkpt>
    <trkpt lat="42.139337" lon="2.571027">
        <ele>517.6</ele>
        <time>2022-01-02T07:31:28.000Z</time>
    </trkpt>
    <trkpt lat="42.139291" lon="2.570992">
        <ele>517.3</ele>
        <time>2022-01-02T07:31:33.000Z</time>
    </trkpt>
    <trkpt lat="42.139251" lon="2.570955">
        <ele>517.1</ele>
        <time>2022-01-02T07:31:39.000Z</time>
    </trkpt>
    <trkpt lat="42.139211" lon="2.570912">
        <ele>517.2</ele>
        <time>2022-01-02T07:31:46.000Z</time>
    </trkpt>
    <trkpt lat="42.139158" lon="2.5709">
        <ele>515.9</ele>
        <time>2022-01-02T07:31:55.000Z</time>
    </trkpt>
    <trkpt lat="42.139101" lon="2.570827">
        <ele>516.6</ele>
        <time>2022-01-02T07:32:06.000Z</time>
    </trkpt>
    <trkpt lat="42.139081" lon="2.570768">
        <ele>517.7</ele>
        <time>2022-01-02T07:32:12.000Z</time>
    </trkpt>
    <trkpt lat="42.139034" lon="2.57069">
        <ele>518.5</ele>
        <time>2022-01-02T07:32:20.000Z</time>
    </trkpt>
    <trkpt lat="42.139016" lon="2.570628">
        <ele>519.7</ele>
        <time>2022-01-02T07:32:26.000Z</time>
    </trkpt>
    <trkpt lat="42.138993" lon="2.570566">
        <ele>520.8</ele>
        <time>2022-01-02T07:32:32.000Z</time>
    </trkpt>
    <trkpt lat="42.139003" lon="2.570477">
        <ele>522.9</ele>
        <time>2022-01-02T07:32:41.000Z</time>
    </trkpt>
    <trkpt lat="42.13898" lon="2.570409">
        <ele>523.7</ele>
        <time>2022-01-02T07:32:47.000Z</time>
    </trkpt>
    <trkpt lat="42.138981" lon="2.570336">
        <ele>525.2</ele>
        <time>2022-01-02T07:32:51.000Z</time>
    </trkpt>
    <trkpt lat="42.13897" lon="2.570264">
        <ele>526.4</ele>
        <time>2022-01-02T07:32:56.000Z</time>
    </trkpt>
    <trkpt lat="42.138964" lon="2.570185">
        <ele>527.6</ele>
        <time>2022-01-02T07:33:03.000Z</time>
    </trkpt>
    <trkpt lat="42.138961" lon="2.570112">
        <ele>528.7</ele>
        <time>2022-01-02T07:33:08.000Z</time>
    </trkpt>
    <trkpt lat="42.138942" lon="2.570047">
        <ele>529.4</ele>
        <time>2022-01-02T07:33:12.000Z</time>
    </trkpt>
    <trkpt lat="42.138924" lon="2.569982">
        <ele>530.2</ele>
        <time>2022-01-02T07:33:17.000Z</time>
    </trkpt>
    <trkpt lat="42.13891" lon="2.569918">
        <ele>530.9</ele>
        <time>2022-01-02T07:33:24.000Z</time>
    </trkpt>
    <trkpt lat="42.138885" lon="2.569861">
        <ele>531.4</ele>
        <time>2022-01-02T07:33:30.000Z</time>
    </trkpt>
    <trkpt lat="42.138858" lon="2.56981">
        <ele>531.5</ele>
        <time>2022-01-02T07:33:34.000Z</time>
    </trkpt>
    <trkpt lat="42.138829" lon="2.569749">
        <ele>531.8</ele>
        <time>2022-01-02T07:33:39.000Z</time>
    </trkpt>
    <trkpt lat="42.138816" lon="2.569688">
        <ele>532.8</ele>
        <time>2022-01-02T07:33:43.000Z</time>
    </trkpt>
    <trkpt lat="42.138788" lon="2.569629">
        <ele>533.2</ele>
        <time>2022-01-02T07:33:47.000Z</time>
    </trkpt>
    <trkpt lat="42.138768" lon="2.569571">
        <ele>534.0</ele>
        <time>2022-01-02T07:33:52.000Z</time>
    </trkpt>
    <trkpt lat="42.138733" lon="2.569526">
        <ele>534.1</ele>
        <time>2022-01-02T07:33:57.000Z</time>
    </trkpt>
    <trkpt lat="42.138698" lon="2.569481">
        <ele>534.3</ele>
        <time>2022-01-02T07:34:01.000Z</time>
    </trkpt>
    <trkpt lat="42.138667" lon="2.569435">
        <ele>534.7</ele>
        <time>2022-01-02T07:34:04.000Z</time>
    </trkpt>
    <trkpt lat="42.138637" lon="2.569383">
        <ele>535.2</ele>
        <time>2022-01-02T07:34:08.000Z</time>
    </trkpt>
    <trkpt lat="42.138602" lon="2.569332">
        <ele>535.6</ele>
        <time>2022-01-02T07:34:12.000Z</time>
    </trkpt>
    <trkpt lat="42.138585" lon="2.569275">
        <ele>536.8</ele>
        <time>2022-01-02T07:34:15.000Z</time>
    </trkpt>
    <trkpt lat="42.138546" lon="2.569228">
        <ele>537.2</ele>
        <time>2022-01-02T07:34:20.000Z</time>
    </trkpt>
    <trkpt lat="42.138512" lon="2.569186">
        <ele>537.7</ele>
        <time>2022-01-02T07:34:23.000Z</time>
    </trkpt>
    <trkpt lat="42.138464" lon="2.569157">
        <ele>537.6</ele>
        <time>2022-01-02T07:34:27.000Z</time>
    </trkpt>
    <trkpt lat="42.138419" lon="2.569132">
        <ele>537.6</ele>
        <time>2022-01-02T07:34:31.000Z</time>
    </trkpt>
    <trkpt lat="42.138359" lon="2.569116">
        <ele>536.9</ele>
        <time>2022-01-02T07:34:35.000Z</time>
    </trkpt>
    <trkpt lat="42.138314" lon="2.569104">
        <ele>536.9</ele>
        <time>2022-01-02T07:34:39.000Z</time>
    </trkpt>
    <trkpt lat="42.138268" lon="2.569089">
        <ele>537.1</ele>
        <time>2022-01-02T07:34:43.000Z</time>
    </trkpt>
    <trkpt lat="42.138212" lon="2.569079">
        <ele>537.2</ele>
        <time>2022-01-02T07:34:47.000Z</time>
    </trkpt>
    <trkpt lat="42.13816" lon="2.569065">
        <ele>537.6</ele>
        <time>2022-01-02T07:34:51.000Z</time>
    </trkpt>
    <trkpt lat="42.138107" lon="2.569057">
        <ele>537.7</ele>
        <time>2022-01-02T07:34:57.000Z</time>
    </trkpt>
    <trkpt lat="42.138067" lon="2.569017">
        <ele>539.0</ele>
        <time>2022-01-02T07:35:03.000Z</time>
    </trkpt>
    <trkpt lat="42.138034" lon="2.568972">
        <ele>540.1</ele>
        <time>2022-01-02T07:35:10.000Z</time>
    </trkpt>
    <trkpt lat="42.138019" lon="2.56891">
        <ele>542.0</ele>
        <time>2022-01-02T07:35:20.000Z</time>
    </trkpt>
    <trkpt lat="42.138072" lon="2.568904">
        <ele>542.5</ele>
        <time>2022-01-02T07:35:29.000Z</time>
    </trkpt>
    <trkpt lat="42.138118" lon="2.568877">
        <ele>543.4</ele>
        <time>2022-01-02T07:35:36.000Z</time>
    </trkpt>
    <trkpt lat="42.138163" lon="2.568868">
        <ele>543.7</ele>
        <time>2022-01-02T07:35:40.000Z</time>
    </trkpt>
    <trkpt lat="42.138218" lon="2.568869">
        <ele>543.6</ele>
        <time>2022-01-02T07:35:44.000Z</time>
    </trkpt>
    <trkpt lat="42.138263" lon="2.568859">
        <ele>543.9</ele>
        <time>2022-01-02T07:35:49.000Z</time>
    </trkpt>
    <trkpt lat="42.138308" lon="2.568851">
        <ele>544.0</ele>
        <time>2022-01-02T07:35:56.000Z</time>
    </trkpt>
    <trkpt lat="42.138361" lon="2.568844">
        <ele>544.4</ele>
        <time>2022-01-02T07:36:01.000Z</time>
    </trkpt>
    <trkpt lat="42.138406" lon="2.568831">
        <ele>545.1</ele>
        <time>2022-01-02T07:36:07.000Z</time>
    </trkpt>
    <trkpt lat="42.138456" lon="2.568815">
        <ele>546.0</ele>
        <time>2022-01-02T07:36:12.000Z</time>
    </trkpt>
    <trkpt lat="42.138537" lon="2.568826">
        <ele>546.6</ele>
        <time>2022-01-02T07:36:22.000Z</time>
    </trkpt>
    <trkpt lat="42.138579" lon="2.568794">
        <ele>547.5</ele>
        <time>2022-01-02T07:36:30.000Z</time>
    </trkpt>
    <trkpt lat="42.138626" lon="2.568763">
        <ele>548.6</ele>
        <time>2022-01-02T07:36:47.000Z</time>
    </trkpt>
    <trkpt lat="42.138654" lon="2.568709">
        <ele>550.2</ele>
        <time>2022-01-02T07:36:52.000Z</time>
    </trkpt>
    <trkpt lat="42.138693" lon="2.568667">
        <ele>551.9</ele>
        <time>2022-01-02T07:36:56.000Z</time>
    </trkpt>
    <trkpt lat="42.138705" lon="2.568599">
        <ele>553.2</ele>
        <time>2022-01-02T07:37:02.000Z</time>
    </trkpt>
    <trkpt lat="42.138705" lon="2.568531">
        <ele>554.3</ele>
        <time>2022-01-02T07:37:11.000Z</time>
    </trkpt>
    <trkpt lat="42.138713" lon="2.568457">
        <ele>555.5</ele>
        <time>2022-01-02T07:37:24.000Z</time>
    </trkpt>
    <trkpt lat="42.138727" lon="2.568395">
        <ele>556.4</ele>
        <time>2022-01-02T07:37:32.000Z</time>
    </trkpt>
    <trkpt lat="42.138733" lon="2.568335">
        <ele>557.3</ele>
        <time>2022-01-02T07:37:43.000Z</time>
    </trkpt>
    <trkpt lat="42.138704" lon="2.568283">
        <ele>556.5</ele>
        <time>2022-01-02T07:37:48.000Z</time>
    </trkpt>
    <trkpt lat="42.138683" lon="2.568227">
        <ele>555.7</ele>
        <time>2022-01-02T07:37:52.000Z</time>
    </trkpt>
    <trkpt lat="42.138666" lon="2.568171">
        <ele>555.0</ele>
        <time>2022-01-02T07:37:58.000Z</time>
    </trkpt>
    <trkpt lat="42.138625" lon="2.568122">
        <ele>554.6</ele>
        <time>2022-01-02T07:38:03.000Z</time>
    </trkpt>
    <trkpt lat="42.138588" lon="2.568088">
        <ele>554.8</ele>
        <time>2022-01-02T07:38:08.000Z</time>
    </trkpt>
    <trkpt lat="42.138559" lon="2.568034">
        <ele>555.0</ele>
        <time>2022-01-02T07:38:14.000Z</time>
    </trkpt>
    <trkpt lat="42.138521" lon="2.567999">
        <ele>555.6</ele>
        <time>2022-01-02T07:38:19.000Z</time>
    </trkpt>
    <trkpt lat="42.138488" lon="2.567943">
        <ele>555.6</ele>
        <time>2022-01-02T07:38:26.000Z</time>
    </trkpt>
    <trkpt lat="42.138461" lon="2.567888">
        <ele>555.4</ele>
        <time>2022-01-02T07:38:31.000Z</time>
    </trkpt>
    <trkpt lat="42.138423" lon="2.567847">
        <ele>555.8</ele>
        <time>2022-01-02T07:38:35.000Z</time>
    </trkpt>
    <trkpt lat="42.138393" lon="2.56778">
        <ele>555.6</ele>
        <time>2022-01-02T07:38:41.000Z</time>
    </trkpt>
    <trkpt lat="42.138355" lon="2.567721">
        <ele>555.2</ele>
        <time>2022-01-02T07:38:47.000Z</time>
    </trkpt>
    <trkpt lat="42.138324" lon="2.567662">
        <ele>554.9</ele>
        <time>2022-01-02T07:38:53.000Z</time>
    </trkpt>
    <trkpt lat="42.138277" lon="2.56759">
        <ele>555.2</ele>
        <time>2022-01-02T07:39:00.000Z</time>
    </trkpt>
    <trkpt lat="42.138251" lon="2.56753">
        <ele>555.2</ele>
        <time>2022-01-02T07:39:06.000Z</time>
    </trkpt>
    <trkpt lat="42.138224" lon="2.567475">
        <ele>555.3</ele>
        <time>2022-01-02T07:39:09.000Z</time>
    </trkpt>
    <trkpt lat="42.138193" lon="2.567411">
        <ele>555.3</ele>
        <time>2022-01-02T07:39:13.000Z</time>
    </trkpt>
    <trkpt lat="42.138153" lon="2.567376">
        <ele>556.3</ele>
        <time>2022-01-02T07:39:18.000Z</time>
    </trkpt>
    <trkpt lat="42.138103" lon="2.567368">
        <ele>558.3</ele>
        <time>2022-01-02T07:39:24.000Z</time>
    </trkpt>
    <trkpt lat="42.138056" lon="2.567334">
        <ele>559.5</ele>
        <time>2022-01-02T07:39:29.000Z</time>
    </trkpt>
    <trkpt lat="42.138024" lon="2.567284">
        <ele>559.6</ele>
        <time>2022-01-02T07:39:36.000Z</time>
    </trkpt>
    <trkpt lat="42.13799" lon="2.567241">
        <ele>560.1</ele>
        <time>2022-01-02T07:39:42.000Z</time>
    </trkpt>
    <trkpt lat="42.137969" lon="2.567174">
        <ele>559.3</ele>
        <time>2022-01-02T07:39:47.000Z</time>
    </trkpt>
    <trkpt lat="42.137935" lon="2.567132">
        <ele>559.6</ele>
        <time>2022-01-02T07:39:50.000Z</time>
    </trkpt>
    <trkpt lat="42.137906" lon="2.567075">
        <ele>559.6</ele>
        <time>2022-01-02T07:39:54.000Z</time>
    </trkpt>
    <trkpt lat="42.137879" lon="2.567025">
        <ele>559.8</ele>
        <time>2022-01-02T07:39:58.000Z</time>
    </trkpt>
    <trkpt lat="42.137848" lon="2.566977">
        <ele>560.1</ele>
        <time>2022-01-02T07:40:03.000Z</time>
    </trkpt>
    <trkpt lat="42.137829" lon="2.566913">
        <ele>560.1</ele>
        <time>2022-01-02T07:40:07.000Z</time>
    </trkpt>
    <trkpt lat="42.137816" lon="2.566851">
        <ele>560.1</ele>
        <time>2022-01-02T07:40:12.000Z</time>
    </trkpt>
    <trkpt lat="42.137816" lon="2.56679">
        <ele>559.4</ele>
        <time>2022-01-02T07:40:18.000Z</time>
    </trkpt>
    <trkpt lat="42.137825" lon="2.566721">
        <ele>558.3</ele>
        <time>2022-01-02T07:40:23.000Z</time>
    </trkpt>
    <trkpt lat="42.137828" lon="2.566658">
        <ele>557.5</ele>
        <time>2022-01-02T07:40:29.000Z</time>
    </trkpt>
    <trkpt lat="42.137813" lon="2.566591">
        <ele>558.1</ele>
        <time>2022-01-02T07:40:35.000Z</time>
    </trkpt>
    <trkpt lat="42.137794" lon="2.566511">
        <ele>558.7</ele>
        <time>2022-01-02T07:40:42.000Z</time>
    </trkpt>
    <trkpt lat="42.137783" lon="2.566422">
        <ele>558.9</ele>
        <time>2022-01-02T07:40:48.000Z</time>
    </trkpt>
    <trkpt lat="42.137785" lon="2.56636">
        <ele>558.9</ele>
        <time>2022-01-02T07:40:51.000Z</time>
    </trkpt>
    <trkpt lat="42.137755" lon="2.566296">
        <ele>559.8</ele>
        <time>2022-01-02T07:40:54.000Z</time>
    </trkpt>
    <trkpt lat="42.137733" lon="2.566243">
        <ele>560.3</ele>
        <time>2022-01-02T07:40:59.000Z</time>
    </trkpt>
    <trkpt lat="42.13769" lon="2.566209">
        <ele>561.1</ele>
        <time>2022-01-02T07:41:11.000Z</time>
    </trkpt>
    <trkpt lat="42.137639" lon="2.566219">
        <ele>562.0</ele>
        <time>2022-01-02T07:41:23.000Z</time>
    </trkpt>
    <trkpt lat="42.1376" lon="2.566255">
        <ele>562.7</ele>
        <time>2022-01-02T07:41:32.000Z</time>
    </trkpt>
    <trkpt lat="42.137563" lon="2.566297">
        <ele>563.7</ele>
        <time>2022-01-02T07:41:43.000Z</time>
    </trkpt>
    <trkpt lat="42.137532" lon="2.56637">
        <ele>565.1</ele>
        <time>2022-01-02T07:42:03.000Z</time>
    </trkpt>
    <trkpt lat="42.137486" lon="2.566457">
        <ele>566.5</ele>
        <time>2022-01-02T07:42:12.000Z</time>
    </trkpt>
    <trkpt lat="42.137473" lon="2.566535">
        <ele>567.0</ele>
        <time>2022-01-02T07:42:24.000Z</time>
    </trkpt>
    <trkpt lat="42.137472" lon="2.566598">
        <ele>567.6</ele>
        <time>2022-01-02T07:42:31.000Z</time>
    </trkpt>
    <trkpt lat="42.137464" lon="2.566671">
        <ele>568.1</ele>
        <time>2022-01-02T07:42:37.000Z</time>
    </trkpt>
    <trkpt lat="42.13747" lon="2.56675">
        <ele>569.0</ele>
        <time>2022-01-02T07:42:42.000Z</time>
    </trkpt>
    <trkpt lat="42.137464" lon="2.566816">
        <ele>569.8</ele>
        <time>2022-01-02T07:42:46.000Z</time>
    </trkpt>
    <trkpt lat="42.137464" lon="2.566879">
        <ele>570.5</ele>
        <time>2022-01-02T07:42:50.000Z</time>
    </trkpt>
    <trkpt lat="42.13747" lon="2.566956">
        <ele>571.3</ele>
        <time>2022-01-02T07:42:54.000Z</time>
    </trkpt>
    <trkpt lat="42.137502" lon="2.567004">
        <ele>571.8</ele>
        <time>2022-01-02T07:42:58.000Z</time>
    </trkpt>
    <trkpt lat="42.137528" lon="2.567064">
        <ele>572.0</ele>
        <time>2022-01-02T07:43:03.000Z</time>
    </trkpt>
    <trkpt lat="42.137561" lon="2.567121">
        <ele>571.9</ele>
        <time>2022-01-02T07:43:11.000Z</time>
    </trkpt>
    <trkpt lat="42.137587" lon="2.567175">
        <ele>572.1</ele>
        <time>2022-01-02T07:43:17.000Z</time>
    </trkpt>
    <trkpt lat="42.137604" lon="2.567239">
        <ele>572.7</ele>
        <time>2022-01-02T07:43:24.000Z</time>
    </trkpt>
    <trkpt lat="42.137592" lon="2.567309">
        <ele>573.9</ele>
        <time>2022-01-02T07:43:30.000Z</time>
    </trkpt>
    <trkpt lat="42.137554" lon="2.56735">
        <ele>575.3</ele>
        <time>2022-01-02T07:43:34.000Z</time>
    </trkpt>
    <trkpt lat="42.137519" lon="2.567404">
        <ele>576.7</ele>
        <time>2022-01-02T07:43:38.000Z</time>
    </trkpt>
    <trkpt lat="42.137481" lon="2.567455">
        <ele>577.7</ele>
        <time>2022-01-02T07:43:43.000Z</time>
    </trkpt>
    <trkpt lat="42.137441" lon="2.567486">
        <ele>578.4</ele>
        <time>2022-01-02T07:43:48.000Z</time>
    </trkpt>
    <trkpt lat="42.137399" lon="2.567518">
        <ele>578.9</ele>
        <time>2022-01-02T07:43:52.000Z</time>
    </trkpt>
    <trkpt lat="42.137357" lon="2.567547">
        <ele>579.3</ele>
        <time>2022-01-02T07:44:23.000Z</time>
    </trkpt>
    <trkpt lat="42.137307" lon="2.567539">
        <ele>579.7</ele>
        <time>2022-01-02T07:46:02.000Z</time>
    </trkpt>
    <trkpt lat="42.137266" lon="2.567576">
        <ele>580.2</ele>
        <time>2022-01-02T07:46:10.000Z</time>
    </trkpt>
    <trkpt lat="42.137238" lon="2.56763">
        <ele>580.8</ele>
        <time>2022-01-02T07:46:19.000Z</time>
    </trkpt>
    <trkpt lat="42.1372" lon="2.56768">
        <ele>581.5</ele>
        <time>2022-01-02T07:46:24.000Z</time>
    </trkpt>
    <trkpt lat="42.137156" lon="2.567706">
        <ele>582.1</ele>
        <time>2022-01-02T07:46:32.000Z</time>
    </trkpt>
    <trkpt lat="42.137119" lon="2.567748">
        <ele>582.9</ele>
        <time>2022-01-02T07:46:38.000Z</time>
    </trkpt>
    <trkpt lat="42.137079" lon="2.567787">
        <ele>583.7</ele>
        <time>2022-01-02T07:46:43.000Z</time>
    </trkpt>
    <trkpt lat="42.137045" lon="2.567828">
        <ele>584.3</ele>
        <time>2022-01-02T07:46:47.000Z</time>
    </trkpt>
    <trkpt lat="42.137013" lon="2.567878">
        <ele>585.1</ele>
        <time>2022-01-02T07:46:56.000Z</time>
    </trkpt>
    <trkpt lat="42.136986" lon="2.567934">
        <ele>586.1</ele>
        <time>2022-01-02T07:47:04.000Z</time>
    </trkpt>
    <trkpt lat="42.136951" lon="2.567972">
        <ele>587.1</ele>
        <time>2022-01-02T07:47:10.000Z</time>
    </trkpt>
    <trkpt lat="42.13691" lon="2.568001">
        <ele>588.2</ele>
        <time>2022-01-02T07:47:19.000Z</time>
    </trkpt>
    <trkpt lat="42.136878" lon="2.568046">
        <ele>589.3</ele>
        <time>2022-01-02T07:47:26.000Z</time>
    </trkpt>
    <trkpt lat="42.136833" lon="2.56805">
        <ele>590.3</ele>
        <time>2022-01-02T07:47:33.000Z</time>
    </trkpt>
    <trkpt lat="42.136787" lon="2.568053">
        <ele>591.4</ele>
        <time>2022-01-02T07:47:39.000Z</time>
    </trkpt>
    <trkpt lat="42.136736" lon="2.568064">
        <ele>592.6</ele>
        <time>2022-01-02T07:47:51.000Z</time>
    </trkpt>
    <trkpt lat="42.136702" lon="2.568115">
        <ele>593.7</ele>
        <time>2022-01-02T07:47:59.000Z</time>
    </trkpt>
    <trkpt lat="42.136651" lon="2.568121">
        <ele>595.1</ele>
        <time>2022-01-02T07:48:07.000Z</time>
    </trkpt>
    <trkpt lat="42.136608" lon="2.56814">
        <ele>596.5</ele>
        <time>2022-01-02T07:48:16.000Z</time>
    </trkpt>
    <trkpt lat="42.136561" lon="2.56815">
        <ele>598.2</ele>
        <time>2022-01-02T07:48:35.000Z</time>
    </trkpt>
    <trkpt lat="42.136554" lon="2.568213">
        <ele>599.2</ele>
        <time>2022-01-02T07:48:53.000Z</time>
    </trkpt>
    <trkpt lat="42.136532" lon="2.568267">
        <ele>600.5</ele>
        <time>2022-01-02T07:49:01.000Z</time>
    </trkpt>
    <trkpt lat="42.136535" lon="2.568328">
        <ele>601.2</ele>
        <time>2022-01-02T07:50:05.000Z</time>
    </trkpt>
    <trkpt lat="42.136487" lon="2.568395">
        <ele>602.0</ele>
        <time>2022-01-02T07:50:17.000Z</time>
    </trkpt>
    <trkpt lat="42.136474" lon="2.56846">
        <ele>601.5</ele>
        <time>2022-01-02T07:50:25.000Z</time>
    </trkpt>
    <trkpt lat="42.13648" lon="2.568551">
        <ele>599.5</ele>
        <time>2022-01-02T07:50:36.000Z</time>
    </trkpt>
    <trkpt lat="42.136435" lon="2.568575">
        <ele>601.3</ele>
        <time>2022-01-02T07:50:42.000Z</time>
    </trkpt>
    <trkpt lat="42.136385" lon="2.568564">
        <ele>603.8</ele>
        <time>2022-01-02T07:50:48.000Z</time>
    </trkpt>
    <trkpt lat="42.136336" lon="2.568558">
        <ele>605.5</ele>
        <time>2022-01-02T07:50:56.000Z</time>
    </trkpt>
    <trkpt lat="42.136285" lon="2.568568">
        <ele>606.7</ele>
        <time>2022-01-02T07:51:01.000Z</time>
    </trkpt>
    <trkpt lat="42.136247" lon="2.568524">
        <ele>608.7</ele>
        <time>2022-01-02T07:51:15.000Z</time>
    </trkpt>
    <trkpt lat="42.136226" lon="2.568468">
        <ele>610.4</ele>
        <time>2022-01-02T07:51:24.000Z</time>
    </trkpt>
    <trkpt lat="42.136215" lon="2.568397">
        <ele>612.1</ele>
        <time>2022-01-02T07:51:35.000Z</time>
    </trkpt>
    <trkpt lat="42.136166" lon="2.568393">
        <ele>613.9</ele>
        <time>2022-01-02T07:51:56.000Z</time>
    </trkpt>
    <trkpt lat="42.13612" lon="2.568398">
        <ele>615.4</ele>
        <time>2022-01-02T07:52:02.000Z</time>
    </trkpt>
    <trkpt lat="42.136073" lon="2.568414">
        <ele>616.6</ele>
        <time>2022-01-02T07:52:09.000Z</time>
    </trkpt>
    <trkpt lat="42.136019" lon="2.568399">
        <ele>618.7</ele>
        <time>2022-01-02T07:52:16.000Z</time>
    </trkpt>
    <trkpt lat="42.13597" lon="2.568398">
        <ele>620.2</ele>
        <time>2022-01-02T07:52:24.000Z</time>
    </trkpt>
    <trkpt lat="42.135925" lon="2.568407">
        <ele>621.4</ele>
        <time>2022-01-02T07:52:30.000Z</time>
    </trkpt>
    <trkpt lat="42.135873" lon="2.568373">
        <ele>624.3</ele>
        <time>2022-01-02T07:52:41.000Z</time>
    </trkpt>
    <trkpt lat="42.135824" lon="2.568353">
        <ele>626.7</ele>
        <time>2022-01-02T07:52:48.000Z</time>
    </trkpt>
    <trkpt lat="42.135769" lon="2.568341">
        <ele>628.9</ele>
        <time>2022-01-02T07:52:53.000Z</time>
    </trkpt>
    <trkpt lat="42.135708" lon="2.568319">
        <ele>631.0</ele>
        <time>2022-01-02T07:53:03.000Z</time>
    </trkpt>
    <trkpt lat="42.135663" lon="2.568299">
        <ele>632.2</ele>
        <time>2022-01-02T07:53:16.000Z</time>
    </trkpt>
    <trkpt lat="42.135607" lon="2.56829">
        <ele>634.0</ele>
        <time>2022-01-02T07:53:26.000Z</time>
    </trkpt>
    <trkpt lat="42.135567" lon="2.56826">
        <ele>635.1</ele>
        <time>2022-01-02T07:53:47.000Z</time>
    </trkpt>
    <trkpt lat="42.135521" lon="2.56827">
        <ele>635.9</ele>
        <time>2022-01-02T07:54:41.000Z</time>
    </trkpt>
    <trkpt lat="42.135472" lon="2.568295">
        <ele>636.4</ele>
        <time>2022-01-02T07:54:47.000Z</time>
    </trkpt>
    <trkpt lat="42.135428" lon="2.568311">
        <ele>636.7</ele>
        <time>2022-01-02T07:54:52.000Z</time>
    </trkpt>
    <trkpt lat="42.135383" lon="2.568319">
        <ele>637.1</ele>
        <time>2022-01-02T07:54:56.000Z</time>
    </trkpt>
    <trkpt lat="42.135329" lon="2.568311">
        <ele>637.4</ele>
        <time>2022-01-02T07:55:03.000Z</time>
    </trkpt>
    <trkpt lat="42.13528" lon="2.568325">
        <ele>637.9</ele>
        <time>2022-01-02T07:55:09.000Z</time>
    </trkpt>
    <trkpt lat="42.135233" lon="2.568333">
        <ele>637.3</ele>
        <time>2022-01-02T07:55:13.000Z</time>
    </trkpt>
    <trkpt lat="42.13518" lon="2.56832">
        <ele>636.2</ele>
        <time>2022-01-02T07:55:17.000Z</time>
    </trkpt>
    <trkpt lat="42.135134" lon="2.568289">
        <ele>635.3</ele>
        <time>2022-01-02T07:55:21.000Z</time>
    </trkpt>
    <trkpt lat="42.135089" lon="2.568268">
        <ele>634.6</ele>
        <time>2022-01-02T07:55:28.000Z</time>
    </trkpt>
    <trkpt lat="42.135049" lon="2.568237">
        <ele>634.1</ele>
        <time>2022-01-02T07:55:33.000Z</time>
    </trkpt>
    <trkpt lat="42.135016" lon="2.568185">
        <ele>633.7</ele>
        <time>2022-01-02T07:55:44.000Z</time>
    </trkpt>
    <trkpt lat="42.134956" lon="2.568136">
        <ele>633.2</ele>
        <time>2022-01-02T07:55:52.000Z</time>
    </trkpt>
    <trkpt lat="42.134885" lon="2.568136">
        <ele>632.2</ele>
        <time>2022-01-02T07:56:00.000Z</time>
    </trkpt>
    <trkpt lat="42.13484" lon="2.568114">
        <ele>631.9</ele>
        <time>2022-01-02T07:56:04.000Z</time>
    </trkpt>
    <trkpt lat="42.134793" lon="2.568093">
        <ele>631.8</ele>
        <time>2022-01-02T07:56:07.000Z</time>
    </trkpt>
    <trkpt lat="42.134741" lon="2.568014">
        <ele>631.8</ele>
        <time>2022-01-02T07:56:12.000Z</time>
    </trkpt>
    <trkpt lat="42.134705" lon="2.567966">
        <ele>631.7</ele>
        <time>2022-01-02T07:56:19.000Z</time>
    </trkpt>
    <trkpt lat="42.134656" lon="2.567971">
        <ele>632.4</ele>
        <time>2022-01-02T07:56:32.000Z</time>
    </trkpt>
    <trkpt lat="42.134609" lon="2.567968">
        <ele>633.1</ele>
        <time>2022-01-02T07:56:36.000Z</time>
    </trkpt>
    <trkpt lat="42.134568" lon="2.567996">
        <ele>633.9</ele>
        <time>2022-01-02T07:56:44.000Z</time>
    </trkpt>
    <trkpt lat="42.134518" lon="2.567981">
        <ele>634.4</ele>
        <time>2022-01-02T07:56:49.000Z</time>
    </trkpt>
    <trkpt lat="42.134472" lon="2.567956">
        <ele>635.0</ele>
        <time>2022-01-02T07:56:56.000Z</time>
    </trkpt>
    <trkpt lat="42.134423" lon="2.567955">
        <ele>635.4</ele>
        <time>2022-01-02T07:57:02.000Z</time>
    </trkpt>
    <trkpt lat="42.134381" lon="2.567979">
        <ele>635.3</ele>
        <time>2022-01-02T07:57:07.000Z</time>
    </trkpt>
    <trkpt lat="42.134335" lon="2.567954">
        <ele>635.3</ele>
        <time>2022-01-02T07:57:10.000Z</time>
    </trkpt>
    <trkpt lat="42.134295" lon="2.56792">
        <ele>635.0</ele>
        <time>2022-01-02T07:57:14.000Z</time>
    </trkpt>
    <trkpt lat="42.134245" lon="2.567905">
        <ele>635.0</ele>
        <time>2022-01-02T07:57:23.000Z</time>
    </trkpt>
    <trkpt lat="42.134199" lon="2.567913">
        <ele>635.0</ele>
        <time>2022-01-02T07:57:35.000Z</time>
    </trkpt>
    <trkpt lat="42.134151" lon="2.567953">
        <ele>635.0</ele>
        <time>2022-01-02T07:57:40.000Z</time>
    </trkpt>
    <trkpt lat="42.134099" lon="2.567963">
        <ele>634.5</ele>
        <time>2022-01-02T07:57:47.000Z</time>
    </trkpt>
    <trkpt lat="42.134053" lon="2.567981">
        <ele>634.1</ele>
        <time>2022-01-02T07:57:51.000Z</time>
    </trkpt>
    <trkpt lat="42.134008" lon="2.567971">
        <ele>633.6</ele>
        <time>2022-01-02T07:57:57.000Z</time>
    </trkpt>
    <trkpt lat="42.13395" lon="2.567983">
        <ele>633.2</ele>
        <time>2022-01-02T07:58:01.000Z</time>
    </trkpt>
    <trkpt lat="42.133901" lon="2.568001">
        <ele>632.5</ele>
        <time>2022-01-02T07:58:04.000Z</time>
    </trkpt>
    <trkpt lat="42.133848" lon="2.568013">
        <ele>632.6</ele>
        <time>2022-01-02T07:58:09.000Z</time>
    </trkpt>
    <trkpt lat="42.133791" lon="2.568017">
        <ele>633.1</ele>
        <time>2022-01-02T07:58:15.000Z</time>
    </trkpt>
    <trkpt lat="42.133751" lon="2.567984">
        <ele>633.6</ele>
        <time>2022-01-02T07:58:20.000Z</time>
    </trkpt>
    <trkpt lat="42.133703" lon="2.567991">
        <ele>634.0</ele>
        <time>2022-01-02T07:58:25.000Z</time>
    </trkpt>
    <trkpt lat="42.133657" lon="2.567962">
        <ele>634.6</ele>
        <time>2022-01-02T07:58:31.000Z</time>
    </trkpt>
    <trkpt lat="42.133623" lon="2.567909">
        <ele>635.5</ele>
        <time>2022-01-02T07:58:39.000Z</time>
    </trkpt>
    <trkpt lat="42.133572" lon="2.567891">
        <ele>636.5</ele>
        <time>2022-01-02T07:58:43.000Z</time>
    </trkpt>
    <trkpt lat="42.133512" lon="2.567855">
        <ele>637.9</ele>
        <time>2022-01-02T07:58:51.000Z</time>
    </trkpt>
    <trkpt lat="42.133463" lon="2.567827">
        <ele>639.4</ele>
        <time>2022-01-02T07:58:55.000Z</time>
    </trkpt>
    <trkpt lat="42.133414" lon="2.567802">
        <ele>640.8</ele>
        <time>2022-01-02T07:58:58.000Z</time>
    </trkpt>
    <trkpt lat="42.133368" lon="2.567775">
        <ele>642.2</ele>
        <time>2022-01-02T07:59:05.000Z</time>
    </trkpt>
    <trkpt lat="42.133317" lon="2.567761">
        <ele>642.7</ele>
        <time>2022-01-02T07:59:11.000Z</time>
    </trkpt>
    <trkpt lat="42.133261" lon="2.567716">
        <ele>641.8</ele>
        <time>2022-01-02T07:59:20.000Z</time>
    </trkpt>
    <trkpt lat="42.133236" lon="2.567656">
        <ele>641.4</ele>
        <time>2022-01-02T07:59:29.000Z</time>
    </trkpt>
    <trkpt lat="42.13319" lon="2.567621">
        <ele>641.3</ele>
        <time>2022-01-02T07:59:37.000Z</time>
    </trkpt>
    <trkpt lat="42.133142" lon="2.567632">
        <ele>641.2</ele>
        <time>2022-01-02T07:59:44.000Z</time>
    </trkpt>
    <trkpt lat="42.133091" lon="2.56761">
        <ele>641.2</ele>
        <time>2022-01-02T07:59:53.000Z</time>
    </trkpt>
    <trkpt lat="42.133051" lon="2.567559">
        <ele>641.5</ele>
        <time>2022-01-02T08:00:01.000Z</time>
    </trkpt>
    <trkpt lat="42.133018" lon="2.567509">
        <ele>641.1</ele>
        <time>2022-01-02T08:00:07.000Z</time>
    </trkpt>
    <trkpt lat="42.132973" lon="2.567488">
        <ele>639.7</ele>
        <time>2022-01-02T08:00:11.000Z</time>
    </trkpt>
    <trkpt lat="42.132928" lon="2.567487">
        <ele>638.6</ele>
        <time>2022-01-02T08:00:15.000Z</time>
    </trkpt>
    <trkpt lat="42.132869" lon="2.567498">
        <ele>637.3</ele>
        <time>2022-01-02T08:00:24.000Z</time>
    </trkpt>
    <trkpt lat="42.132821" lon="2.567495">
        <ele>636.0</ele>
        <time>2022-01-02T08:00:31.000Z</time>
    </trkpt>
    <trkpt lat="42.132772" lon="2.567503">
        <ele>634.8</ele>
        <time>2022-01-02T08:00:39.000Z</time>
    </trkpt>
    <trkpt lat="42.132761" lon="2.567571">
        <ele>633.5</ele>
        <time>2022-01-02T08:00:44.000Z</time>
    </trkpt>
    <trkpt lat="42.132751" lon="2.567634">
        <ele>632.4</ele>
        <time>2022-01-02T08:00:52.000Z</time>
    </trkpt>
    <trkpt lat="42.132709" lon="2.567685">
        <ele>630.9</ele>
        <time>2022-01-02T08:00:56.000Z</time>
    </trkpt>
    <trkpt lat="42.132656" lon="2.567698">
        <ele>629.8</ele>
        <time>2022-01-02T08:01:00.000Z</time>
    </trkpt>
    <trkpt lat="42.132612" lon="2.567715">
        <ele>628.8</ele>
        <time>2022-01-02T08:01:06.000Z</time>
    </trkpt>
    <trkpt lat="42.132568" lon="2.567744">
        <ele>628.0</ele>
        <time>2022-01-02T08:01:17.000Z</time>
    </trkpt>
    <trkpt lat="42.132519" lon="2.567744">
        <ele>627.3</ele>
        <time>2022-01-02T08:01:25.000Z</time>
    </trkpt>
    <trkpt lat="42.132456" lon="2.567771">
        <ele>626.1</ele>
        <time>2022-01-02T08:01:29.000Z</time>
    </trkpt>
    <trkpt lat="42.13241" lon="2.567799">
        <ele>624.8</ele>
        <time>2022-01-02T08:01:33.000Z</time>
    </trkpt>
    <trkpt lat="42.132365" lon="2.567846">
        <ele>623.3</ele>
        <time>2022-01-02T08:02:32.000Z</time>
    </trkpt>
    <trkpt lat="42.132318" lon="2.567837">
        <ele>622.5</ele>
        <time>2022-01-02T08:02:48.000Z</time>
    </trkpt>
    <trkpt lat="42.132269" lon="2.567837">
        <ele>621.4</ele>
        <time>2022-01-02T08:02:56.000Z</time>
    </trkpt>
    <trkpt lat="42.132223" lon="2.567855">
        <ele>620.2</ele>
        <time>2022-01-02T08:03:04.000Z</time>
    </trkpt>
    <trkpt lat="42.132174" lon="2.567831">
        <ele>619.9</ele>
        <time>2022-01-02T08:03:23.000Z</time>
    </trkpt>
    <trkpt lat="42.132138" lon="2.567794">
        <ele>620.0</ele>
        <time>2022-01-02T08:06:30.000Z</time>
    </trkpt>
    <trkpt lat="42.132104" lon="2.567741">
        <ele>619.7</ele>
        <time>2022-01-02T08:07:01.000Z</time>
    </trkpt>
    <trkpt lat="42.132065" lon="2.56771">
        <ele>619.1</ele>
        <time>2022-01-02T08:07:10.000Z</time>
    </trkpt>
    <trkpt lat="42.132026" lon="2.567678">
        <ele>618.8</ele>
        <time>2022-01-02T08:07:15.000Z</time>
    </trkpt>
    <trkpt lat="42.131988" lon="2.567642">
        <ele>618.8</ele>
        <time>2022-01-02T08:07:23.000Z</time>
    </trkpt>
    <trkpt lat="42.131957" lon="2.567589">
        <ele>618.8</ele>
        <time>2022-01-02T08:07:30.000Z</time>
    </trkpt>
    <trkpt lat="42.131923" lon="2.567532">
        <ele>619.5</ele>
        <time>2022-01-02T08:07:45.000Z</time>
    </trkpt>
    <trkpt lat="42.131881" lon="2.567501">
        <ele>620.6</ele>
        <time>2022-01-02T08:07:49.000Z</time>
    </trkpt>
    <trkpt lat="42.131832" lon="2.567512">
        <ele>621.9</ele>
        <time>2022-01-02T08:07:54.000Z</time>
    </trkpt>
    <trkpt lat="42.131791" lon="2.567477">
        <ele>622.5</ele>
        <time>2022-01-02T08:08:03.000Z</time>
    </trkpt>
    <trkpt lat="42.131743" lon="2.567467">
        <ele>623.7</ele>
        <time>2022-01-02T08:08:08.000Z</time>
    </trkpt>
    <trkpt lat="42.131695" lon="2.56748">
        <ele>625.1</ele>
        <time>2022-01-02T08:08:16.000Z</time>
    </trkpt>
    <trkpt lat="42.131651" lon="2.567507">
        <ele>626.2</ele>
        <time>2022-01-02T08:08:23.000Z</time>
    </trkpt>
    <trkpt lat="42.131619" lon="2.567557">
        <ele>626.7</ele>
        <time>2022-01-02T08:08:29.000Z</time>
    </trkpt>
    <trkpt lat="42.131574" lon="2.567595">
        <ele>627.3</ele>
        <time>2022-01-02T08:08:35.000Z</time>
    </trkpt>
    <trkpt lat="42.131503" lon="2.567636">
        <ele>628.6</ele>
        <time>2022-01-02T08:08:43.000Z</time>
    </trkpt>
    <trkpt lat="42.131453" lon="2.567652">
        <ele>629.7</ele>
        <time>2022-01-02T08:08:48.000Z</time>
    </trkpt>
    <trkpt lat="42.131416" lon="2.567702">
        <ele>630.8</ele>
        <time>2022-01-02T08:08:59.000Z</time>
    </trkpt>
    <trkpt lat="42.13138" lon="2.567747">
        <ele>632.0</ele>
        <time>2022-01-02T08:09:07.000Z</time>
    </trkpt>
    <trkpt lat="42.131333" lon="2.567778">
        <ele>633.5</ele>
        <time>2022-01-02T08:09:16.000Z</time>
    </trkpt>
    <trkpt lat="42.131301" lon="2.56783">
        <ele>634.4</ele>
        <time>2022-01-02T08:09:23.000Z</time>
    </trkpt>
    <trkpt lat="42.131264" lon="2.567872">
        <ele>635.3</ele>
        <time>2022-01-02T08:09:30.000Z</time>
    </trkpt>
    <trkpt lat="42.131219" lon="2.567888">
        <ele>636.6</ele>
        <time>2022-01-02T08:09:35.000Z</time>
    </trkpt>
    <trkpt lat="42.131173" lon="2.56792">
        <ele>637.9</ele>
        <time>2022-01-02T08:09:42.000Z</time>
    </trkpt>
    <trkpt lat="42.13113" lon="2.567975">
        <ele>639.3</ele>
        <time>2022-01-02T08:09:56.000Z</time>
    </trkpt>
    <trkpt lat="42.13109" lon="2.568027">
        <ele>640.6</ele>
        <time>2022-01-02T08:10:05.000Z</time>
    </trkpt>
    <trkpt lat="42.13104" lon="2.568043">
        <ele>642.3</ele>
        <time>2022-01-02T08:10:13.000Z</time>
    </trkpt>
    <trkpt lat="42.130997" lon="2.568077">
        <ele>643.2</ele>
        <time>2022-01-02T08:10:18.000Z</time>
    </trkpt>
    <trkpt lat="42.130949" lon="2.568113">
        <ele>643.8</ele>
        <time>2022-01-02T08:10:26.000Z</time>
    </trkpt>
    <trkpt lat="42.130904" lon="2.568108">
        <ele>645.4</ele>
        <time>2022-01-02T08:10:37.000Z</time>
    </trkpt>
    <trkpt lat="42.130853" lon="2.568092">
        <ele>647.3</ele>
        <time>2022-01-02T08:10:57.000Z</time>
    </trkpt>
    <trkpt lat="42.130807" lon="2.568074">
        <ele>649.2</ele>
        <time>2022-01-02T08:11:07.000Z</time>
    </trkpt>
    <trkpt lat="42.130787" lon="2.568016">
        <ele>650.5</ele>
        <time>2022-01-02T08:11:16.000Z</time>
    </trkpt>
    <trkpt lat="42.130743" lon="2.567976">
        <ele>651.9</ele>
        <time>2022-01-02T08:11:29.000Z</time>
    </trkpt>
    <trkpt lat="42.130702" lon="2.567937">
        <ele>653.4</ele>
        <time>2022-01-02T08:11:36.000Z</time>
    </trkpt>
    <trkpt lat="42.13066" lon="2.567892">
        <ele>655.2</ele>
        <time>2022-01-02T08:11:42.000Z</time>
    </trkpt>
    <trkpt lat="42.130615" lon="2.567863">
        <ele>656.9</ele>
        <time>2022-01-02T08:11:47.000Z</time>
    </trkpt>
    <trkpt lat="42.130564" lon="2.567859">
        <ele>658.6</ele>
        <time>2022-01-02T08:11:53.000Z</time>
    </trkpt>
    <trkpt lat="42.130517" lon="2.567828">
        <ele>659.8</ele>
        <time>2022-01-02T08:12:01.000Z</time>
    </trkpt>
    <trkpt lat="42.130467" lon="2.567851">
        <ele>660.1</ele>
        <time>2022-01-02T08:12:10.000Z</time>
    </trkpt>
    <trkpt lat="42.130431" lon="2.56789">
        <ele>660.1</ele>
        <time>2022-01-02T08:12:17.000Z</time>
    </trkpt>
    <trkpt lat="42.13038" lon="2.567876">
        <ele>660.9</ele>
        <time>2022-01-02T08:12:22.000Z</time>
    </trkpt>
    <trkpt lat="42.13033" lon="2.567869">
        <ele>661.8</ele>
        <time>2022-01-02T08:12:29.000Z</time>
    </trkpt>
    <trkpt lat="42.130277" lon="2.567882">
        <ele>662.2</ele>
        <time>2022-01-02T08:12:34.000Z</time>
    </trkpt>
    <trkpt lat="42.13023" lon="2.56791">
        <ele>661.9</ele>
        <time>2022-01-02T08:12:40.000Z</time>
    </trkpt>
    <trkpt lat="42.130181" lon="2.567947">
        <ele>661.6</ele>
        <time>2022-01-02T08:12:45.000Z</time>
    </trkpt>
    <trkpt lat="42.130135" lon="2.56797">
        <ele>661.6</ele>
        <time>2022-01-02T08:12:48.000Z</time>
    </trkpt>
    <trkpt lat="42.130087" lon="2.567977">
        <ele>662.0</ele>
        <time>2022-01-02T08:12:54.000Z</time>
    </trkpt>
    <trkpt lat="42.130037" lon="2.567958">
        <ele>662.5</ele>
        <time>2022-01-02T08:13:00.000Z</time>
    </trkpt>
    <trkpt lat="42.129982" lon="2.567947">
        <ele>663.2</ele>
        <time>2022-01-02T08:13:06.000Z</time>
    </trkpt>
    <trkpt lat="42.129931" lon="2.567946">
        <ele>664.0</ele>
        <time>2022-01-02T08:13:14.000Z</time>
    </trkpt>
    <trkpt lat="42.12988" lon="2.567933">
        <ele>665.0</ele>
        <time>2022-01-02T08:13:20.000Z</time>
    </trkpt>
    <trkpt lat="42.129835" lon="2.567916">
        <ele>666.0</ele>
        <time>2022-01-02T08:13:23.000Z</time>
    </trkpt>
    <trkpt lat="42.129783" lon="2.567897">
        <ele>667.1</ele>
        <time>2022-01-02T08:13:27.000Z</time>
    </trkpt>
    <trkpt lat="42.129743" lon="2.567867">
        <ele>668.1</ele>
        <time>2022-01-02T08:13:33.000Z</time>
    </trkpt>
    <trkpt lat="42.12969" lon="2.567831">
        <ele>669.6</ele>
        <time>2022-01-02T08:13:44.000Z</time>
    </trkpt>
    <trkpt lat="42.129645" lon="2.567817">
        <ele>671.0</ele>
        <time>2022-01-02T08:13:49.000Z</time>
    </trkpt>
    <trkpt lat="42.129602" lon="2.567796">
        <ele>672.4</ele>
        <time>2022-01-02T08:13:55.000Z</time>
    </trkpt>
    <trkpt lat="42.129559" lon="2.567763">
        <ele>673.5</ele>
        <time>2022-01-02T08:14:01.000Z</time>
    </trkpt>
    <trkpt lat="42.129538" lon="2.567706">
        <ele>672.9</ele>
        <time>2022-01-02T08:14:07.000Z</time>
    </trkpt>
    <trkpt lat="42.1295" lon="2.567665">
        <ele>673.2</ele>
        <time>2022-01-02T08:14:21.000Z</time>
    </trkpt>
    <trkpt lat="42.129455" lon="2.567695">
        <ele>674.9</ele>
        <time>2022-01-02T08:15:21.000Z</time>
    </trkpt>
    <trkpt lat="42.129415" lon="2.567747">
        <ele>676.5</ele>
        <time>2022-01-02T08:15:32.000Z</time>
    </trkpt>
    <trkpt lat="42.129389" lon="2.567808">
        <ele>677.3</ele>
        <time>2022-01-02T08:15:40.000Z</time>
    </trkpt>
    <trkpt lat="42.129355" lon="2.567859">
        <ele>677.6</ele>
        <time>2022-01-02T08:15:45.000Z</time>
    </trkpt>
    <trkpt lat="42.129308" lon="2.567886">
        <ele>678.2</ele>
        <time>2022-01-02T08:15:49.000Z</time>
    </trkpt>
    <trkpt lat="42.129271" lon="2.56792">
        <ele>678.9</ele>
        <time>2022-01-02T08:15:54.000Z</time>
    </trkpt>
    <trkpt lat="42.129235" lon="2.567966">
        <ele>679.8</ele>
        <time>2022-01-02T08:15:59.000Z</time>
    </trkpt>
    <trkpt lat="42.12919" lon="2.568022">
        <ele>681.2</ele>
        <time>2022-01-02T08:16:04.000Z</time>
    </trkpt>
    <trkpt lat="42.129144" lon="2.568061">
        <ele>682.5</ele>
        <time>2022-01-02T08:16:10.000Z</time>
    </trkpt>
    <trkpt lat="42.129108" lon="2.568103">
        <ele>682.7</ele>
        <time>2022-01-02T08:16:14.000Z</time>
    </trkpt>
    <trkpt lat="42.12906" lon="2.568128">
        <ele>683.8</ele>
        <time>2022-01-02T08:16:19.000Z</time>
    </trkpt>
    <trkpt lat="42.129011" lon="2.56814">
        <ele>685.1</ele>
        <time>2022-01-02T08:16:26.000Z</time>
    </trkpt>
    <trkpt lat="42.128986" lon="2.568199">
        <ele>685.7</ele>
        <time>2022-01-02T08:16:40.000Z</time>
    </trkpt>
    <trkpt lat="42.128944" lon="2.568238">
        <ele>687.2</ele>
        <time>2022-01-02T08:16:44.000Z</time>
    </trkpt>
    <trkpt lat="42.128909" lon="2.568277">
        <ele>688.8</ele>
        <time>2022-01-02T08:16:51.000Z</time>
    </trkpt>
    <trkpt lat="42.128891" lon="2.568334">
        <ele>689.9</ele>
        <time>2022-01-02T08:16:55.000Z</time>
    </trkpt>
    <trkpt lat="42.128861" lon="2.568389">
        <ele>690.2</ele>
        <time>2022-01-02T08:16:58.000Z</time>
    </trkpt>
    <trkpt lat="42.128825" lon="2.56844">
        <ele>690.8</ele>
        <time>2022-01-02T08:17:03.000Z</time>
    </trkpt>
    <trkpt lat="42.128781" lon="2.568486">
        <ele>692.3</ele>
        <time>2022-01-02T08:17:09.000Z</time>
    </trkpt>
    <trkpt lat="42.128737" lon="2.568511">
        <ele>694.1</ele>
        <time>2022-01-02T08:17:20.000Z</time>
    </trkpt>
    <trkpt lat="42.128703" lon="2.568556">
        <ele>695.5</ele>
        <time>2022-01-02T08:17:27.000Z</time>
    </trkpt>
    <trkpt lat="42.128669" lon="2.568605">
        <ele>697.0</ele>
        <time>2022-01-02T08:17:32.000Z</time>
    </trkpt>
    <trkpt lat="42.12863" lon="2.568639">
        <ele>698.9</ele>
        <time>2022-01-02T08:17:48.000Z</time>
    </trkpt>
    <trkpt lat="42.128564" lon="2.568612">
        <ele>702.0</ele>
        <time>2022-01-02T08:18:12.000Z</time>
    </trkpt>
    <trkpt lat="42.128516" lon="2.568606">
        <ele>703.9</ele>
        <time>2022-01-02T08:18:20.000Z</time>
    </trkpt>
    <trkpt lat="42.128464" lon="2.568629">
        <ele>705.6</ele>
        <time>2022-01-02T08:18:27.000Z</time>
    </trkpt>
    <trkpt lat="42.128418" lon="2.568648">
        <ele>707.1</ele>
        <time>2022-01-02T08:18:33.000Z</time>
    </trkpt>
    <trkpt lat="42.128378" lon="2.5687">
        <ele>707.9</ele>
        <time>2022-01-02T08:18:41.000Z</time>
    </trkpt>
    <trkpt lat="42.12834" lon="2.568733">
        <ele>708.7</ele>
        <time>2022-01-02T08:18:45.000Z</time>
    </trkpt>
    <trkpt lat="42.128302" lon="2.568767">
        <ele>709.5</ele>
        <time>2022-01-02T08:18:50.000Z</time>
    </trkpt>
    <trkpt lat="42.128261" lon="2.568798">
        <ele>710.7</ele>
        <time>2022-01-02T08:19:06.000Z</time>
    </trkpt>
    <trkpt lat="42.128209" lon="2.568781">
        <ele>713.0</ele>
        <time>2022-01-02T08:19:16.000Z</time>
    </trkpt>
    <trkpt lat="42.128191" lon="2.568714">
        <ele>715.1</ele>
        <time>2022-01-02T08:19:30.000Z</time>
    </trkpt>
    <trkpt lat="42.128186" lon="2.568646">
        <ele>716.7</ele>
        <time>2022-01-02T08:19:35.000Z</time>
    </trkpt>
    <trkpt lat="42.128139" lon="2.568655">
        <ele>718.6</ele>
        <time>2022-01-02T08:19:49.000Z</time>
    </trkpt>
    <trkpt lat="42.128095" lon="2.568671">
        <ele>720.0</ele>
        <time>2022-01-02T08:20:05.000Z</time>
    </trkpt>
    <trkpt lat="42.128048" lon="2.568669">
        <ele>722.0</ele>
        <time>2022-01-02T08:20:40.000Z</time>
    </trkpt>
    <trkpt lat="42.12801" lon="2.568702">
        <ele>722.7</ele>
        <time>2022-01-02T08:22:07.000Z</time>
    </trkpt>
    <trkpt lat="42.128051" lon="2.568665">
        <ele>722.0</ele>
        <time>2022-01-02T08:22:37.000Z</time>
    </trkpt>
    <trkpt lat="42.128103" lon="2.568667">
        <ele>719.9</ele>
        <time>2022-01-02T08:23:01.000Z</time>
    </trkpt>
    <trkpt lat="42.128079" lon="2.568725">
        <ele>719.7</ele>
        <time>2022-01-02T08:23:31.000Z</time>
    </trkpt>
    <trkpt lat="42.128033" lon="2.568717">
        <ele>721.5</ele>
        <time>2022-01-02T08:23:44.000Z</time>
    </trkpt>
    <trkpt lat="42.12799" lon="2.568688">
        <ele>723.7</ele>
        <time>2022-01-02T08:23:50.000Z</time>
    </trkpt>
    <trkpt lat="42.127967" lon="2.568633">
        <ele>725.8</ele>
        <time>2022-01-02T08:23:54.000Z</time>
    </trkpt>
    <trkpt lat="42.127919" lon="2.568644">
        <ele>727.3</ele>
        <time>2022-01-02T08:24:00.000Z</time>
    </trkpt>
    <trkpt lat="42.12787" lon="2.568642">
        <ele>729.1</ele>
        <time>2022-01-02T08:24:07.000Z</time>
    </trkpt>
    <trkpt lat="42.127845" lon="2.568697">
        <ele>728.7</ele>
        <time>2022-01-02T08:24:18.000Z</time>
    </trkpt>
    <trkpt lat="42.127793" lon="2.56869">
        <ele>730.7</ele>
        <time>2022-01-02T08:24:37.000Z</time>
    </trkpt>
    <trkpt lat="42.127744" lon="2.568709">
        <ele>732.3</ele>
        <time>2022-01-02T08:24:48.000Z</time>
    </trkpt>
    <trkpt lat="42.127699" lon="2.568714">
        <ele>734.0</ele>
        <time>2022-01-02T08:24:55.000Z</time>
    </trkpt>
    <trkpt lat="42.127655" lon="2.568749">
        <ele>734.7</ele>
        <time>2022-01-02T08:25:02.000Z</time>
    </trkpt>
    <trkpt lat="42.127604" lon="2.568794">
        <ele>735.0</ele>
        <time>2022-01-02T08:25:06.000Z</time>
    </trkpt>
    <trkpt lat="42.127558" lon="2.568792">
        <ele>736.7</ele>
        <time>2022-01-02T08:25:11.000Z</time>
    </trkpt>
    <trkpt lat="42.127514" lon="2.568814">
        <ele>737.1</ele>
        <time>2022-01-02T08:25:15.000Z</time>
    </trkpt>
    <trkpt lat="42.127469" lon="2.568825">
        <ele>738.5</ele>
        <time>2022-01-02T08:25:22.000Z</time>
    </trkpt>
    <trkpt lat="42.127417" lon="2.56885">
        <ele>739.8</ele>
        <time>2022-01-02T08:25:30.000Z</time>
    </trkpt>
    <trkpt lat="42.127368" lon="2.568879">
        <ele>740.6</ele>
        <time>2022-01-02T08:25:37.000Z</time>
    </trkpt>
    <trkpt lat="42.127329" lon="2.56891">
        <ele>741.2</ele>
        <time>2022-01-02T08:25:42.000Z</time>
    </trkpt>
    <trkpt lat="42.127274" lon="2.568934">
        <ele>743.0</ele>
        <time>2022-01-02T08:25:54.000Z</time>
    </trkpt>
    <trkpt lat="42.127228" lon="2.568942">
        <ele>744.6</ele>
        <time>2022-01-02T08:26:00.000Z</time>
    </trkpt>
    <trkpt lat="42.127185" lon="2.568971">
        <ele>745.6</ele>
        <time>2022-01-02T08:26:06.000Z</time>
    </trkpt>
    <trkpt lat="42.127143" lon="2.569015">
        <ele>746.0</ele>
        <time>2022-01-02T08:26:12.000Z</time>
    </trkpt>
    <trkpt lat="42.127096" lon="2.569049">
        <ele>747.1</ele>
        <time>2022-01-02T08:26:19.000Z</time>
    </trkpt>
    <trkpt lat="42.127041" lon="2.569068">
        <ele>749.3</ele>
        <time>2022-01-02T08:26:25.000Z</time>
    </trkpt>
    <trkpt lat="42.12699" lon="2.569115">
        <ele>750.4</ele>
        <time>2022-01-02T08:26:35.000Z</time>
    </trkpt>
    <trkpt lat="42.126952" lon="2.569148">
        <ele>751.3</ele>
        <time>2022-01-02T08:26:40.000Z</time>
    </trkpt>
    <trkpt lat="42.126921" lon="2.5692">
        <ele>751.6</ele>
        <time>2022-01-02T08:26:46.000Z</time>
    </trkpt>
    <trkpt lat="42.126886" lon="2.569244">
        <ele>752.7</ele>
        <time>2022-01-02T08:26:52.000Z</time>
    </trkpt>
    <trkpt lat="42.126842" lon="2.569275">
        <ele>754.8</ele>
        <time>2022-01-02T08:27:26.000Z</time>
    </trkpt>
    <trkpt lat="42.126794" lon="2.569293">
        <ele>757.4</ele>
        <time>2022-01-02T08:27:34.000Z</time>
    </trkpt>
    <trkpt lat="42.126771" lon="2.569351">
        <ele>757.4</ele>
        <time>2022-01-02T08:27:44.000Z</time>
    </trkpt>
    <trkpt lat="42.126764" lon="2.569413">
        <ele>756.5</ele>
        <time>2022-01-02T08:27:54.000Z</time>
    </trkpt>
    <trkpt lat="42.126715" lon="2.569449">
        <ele>758.9</ele>
        <time>2022-01-02T08:28:03.000Z</time>
    </trkpt>
    <trkpt lat="42.12669" lon="2.5695">
        <ele>760.1</ele>
        <time>2022-01-02T08:28:11.000Z</time>
    </trkpt>
    <trkpt lat="42.126684" lon="2.569563">
        <ele>760.0</ele>
        <time>2022-01-02T08:28:20.000Z</time>
    </trkpt>
    <trkpt lat="42.126671" lon="2.569628">
        <ele>760.4</ele>
        <time>2022-01-02T08:28:25.000Z</time>
    </trkpt>
    <trkpt lat="42.126644" lon="2.569682">
        <ele>762.0</ele>
        <time>2022-01-02T08:28:31.000Z</time>
    </trkpt>
    <trkpt lat="42.126615" lon="2.569738">
        <ele>763.5</ele>
        <time>2022-01-02T08:28:39.000Z</time>
    </trkpt>
    <trkpt lat="42.126599" lon="2.569799">
        <ele>763.3</ele>
        <time>2022-01-02T08:28:45.000Z</time>
    </trkpt>
    <trkpt lat="42.126567" lon="2.569861">
        <ele>764.3</ele>
        <time>2022-01-02T08:28:52.000Z</time>
    </trkpt>
    <trkpt lat="42.126536" lon="2.569916">
        <ele>765.3</ele>
        <time>2022-01-02T08:28:57.000Z</time>
    </trkpt>
    <trkpt lat="42.12651" lon="2.569993">
        <ele>765.5</ele>
        <time>2022-01-02T08:29:05.000Z</time>
    </trkpt>
    <trkpt lat="42.126487" lon="2.57005">
        <ele>765.9</ele>
        <time>2022-01-02T08:29:12.000Z</time>
    </trkpt>
    <trkpt lat="42.126472" lon="2.570119">
        <ele>765.4</ele>
        <time>2022-01-02T08:29:25.000Z</time>
    </trkpt>
    <trkpt lat="42.1265" lon="2.570179">
        <ele>761.7</ele>
        <time>2022-01-02T08:29:55.000Z</time>
    </trkpt>
    <trkpt lat="42.126548" lon="2.570223">
        <ele>756.7</ele>
        <time>2022-01-02T08:30:12.000Z</time>
    </trkpt>
    <trkpt lat="42.126529" lon="2.570279">
        <ele>756.9</ele>
        <time>2022-01-02T08:30:26.000Z</time>
    </trkpt>
    <trkpt lat="42.126502" lon="2.570339">
        <ele>758.9</ele>
        <time>2022-01-02T08:30:34.000Z</time>
    </trkpt>
    <trkpt lat="42.126482" lon="2.570409">
        <ele>760.2</ele>
        <time>2022-01-02T08:30:43.000Z</time>
    </trkpt>
    <trkpt lat="42.126454" lon="2.570465">
        <ele>762.3</ele>
        <time>2022-01-02T08:30:48.000Z</time>
    </trkpt>
    <trkpt lat="42.126445" lon="2.570528">
        <ele>762.6</ele>
        <time>2022-01-02T08:30:55.000Z</time>
    </trkpt>
    <trkpt lat="42.126413" lon="2.570584">
        <ele>765.3</ele>
        <time>2022-01-02T08:31:02.000Z</time>
    </trkpt>
    <trkpt lat="42.126417" lon="2.570653">
        <ele>765.9</ele>
        <time>2022-01-02T08:31:10.000Z</time>
    </trkpt>
    <trkpt lat="42.126381" lon="2.570739">
        <ele>769.6</ele>
        <time>2022-01-02T08:31:27.000Z</time>
    </trkpt>
    <trkpt lat="42.126379" lon="2.570802">
        <ele>770.5</ele>
        <time>2022-01-02T08:31:34.000Z</time>
    </trkpt>
    <trkpt lat="42.126379" lon="2.570897">
        <ele>771.7</ele>
        <time>2022-01-02T08:31:46.000Z</time>
    </trkpt>
    <trkpt lat="42.126365" lon="2.570961">
        <ele>773.6</ele>
        <time>2022-01-02T08:31:52.000Z</time>
    </trkpt>
    <trkpt lat="42.126359" lon="2.571025">
        <ele>774.9</ele>
        <time>2022-01-02T08:31:59.000Z</time>
    </trkpt>
    <trkpt lat="42.126348" lon="2.571094">
        <ele>776.6</ele>
        <time>2022-01-02T08:32:07.000Z</time>
    </trkpt>
    <trkpt lat="42.126344" lon="2.571166">
        <ele>776.7</ele>
        <time>2022-01-02T08:32:17.000Z</time>
    </trkpt>
    <trkpt lat="42.126356" lon="2.571227">
        <ele>775.6</ele>
        <time>2022-01-02T08:32:22.000Z</time>
    </trkpt>
    <trkpt lat="42.126367" lon="2.571301">
        <ele>774.3</ele>
        <time>2022-01-02T08:32:28.000Z</time>
    </trkpt>
    <trkpt lat="42.126376" lon="2.571368">
        <ele>773.2</ele>
        <time>2022-01-02T08:32:33.000Z</time>
    </trkpt>
    <trkpt lat="42.126356" lon="2.571429">
        <ele>774.6</ele>
        <time>2022-01-02T08:32:38.000Z</time>
    </trkpt>
    <trkpt lat="42.126341" lon="2.571492">
        <ele>775.9</ele>
        <time>2022-01-02T08:32:44.000Z</time>
    </trkpt>
    <trkpt lat="42.126366" lon="2.571559">
        <ele>774.3</ele>
        <time>2022-01-02T08:32:51.000Z</time>
    </trkpt>
    <trkpt lat="42.126392" lon="2.571609">
        <ele>772.6</ele>
        <time>2022-01-02T08:32:56.000Z</time>
    </trkpt>
    <trkpt lat="42.126403" lon="2.571672">
        <ele>772.3</ele>
        <time>2022-01-02T08:33:02.000Z</time>
    </trkpt>
    <trkpt lat="42.126393" lon="2.571775">
        <ele>774.8</ele>
        <time>2022-01-02T08:33:10.000Z</time>
    </trkpt>
    <trkpt lat="42.126404" lon="2.571834">
        <ele>775.2</ele>
        <time>2022-01-02T08:33:15.000Z</time>
    </trkpt>
    <trkpt lat="42.126425" lon="2.571923">
        <ele>775.6</ele>
        <time>2022-01-02T08:33:25.000Z</time>
    </trkpt>
    <trkpt lat="42.12645" lon="2.572019">
        <ele>776.4</ele>
        <time>2022-01-02T08:33:32.000Z</time>
    </trkpt>
    <trkpt lat="42.126441" lon="2.57209">
        <ele>778.3</ele>
        <time>2022-01-02T08:33:37.000Z</time>
    </trkpt>
    <trkpt lat="42.126436" lon="2.572154">
        <ele>780.0</ele>
        <time>2022-01-02T08:33:42.000Z</time>
    </trkpt>
    <trkpt lat="42.126455" lon="2.572218">
        <ele>780.4</ele>
        <time>2022-01-02T08:33:47.000Z</time>
    </trkpt>
    <trkpt lat="42.126459" lon="2.572279">
        <ele>780.6</ele>
        <time>2022-01-02T08:33:53.000Z</time>
    </trkpt>
    <trkpt lat="42.12644" lon="2.57234">
        <ele>782.1</ele>
        <time>2022-01-02T08:34:00.000Z</time>
    </trkpt>
    <trkpt lat="42.126421" lon="2.572397">
        <ele>783.5</ele>
        <time>2022-01-02T08:34:07.000Z</time>
    </trkpt>
    <trkpt lat="42.126409" lon="2.572464">
        <ele>784.7</ele>
        <time>2022-01-02T08:34:19.000Z</time>
    </trkpt>
    <trkpt lat="42.126353" lon="2.57252">
        <ele>788.2</ele>
        <time>2022-01-02T08:34:26.000Z</time>
    </trkpt>
    <trkpt lat="42.12631" lon="2.572593">
        <ele>790.2</ele>
        <time>2022-01-02T08:34:34.000Z</time>
    </trkpt>
    <trkpt lat="42.12629" lon="2.572649">
        <ele>790.8</ele>
        <time>2022-01-02T08:34:39.000Z</time>
    </trkpt>
    <trkpt lat="42.126261" lon="2.572698">
        <ele>792.1</ele>
        <time>2022-01-02T08:34:44.000Z</time>
    </trkpt>
    <trkpt lat="42.126208" lon="2.572733">
        <ele>795.3</ele>
        <time>2022-01-02T08:34:53.000Z</time>
    </trkpt>
    <trkpt lat="42.126181" lon="2.572782">
        <ele>796.5</ele>
        <time>2022-01-02T08:34:57.000Z</time>
    </trkpt>
    <trkpt lat="42.12616" lon="2.572858">
        <ele>796.4</ele>
        <time>2022-01-02T08:35:08.000Z</time>
    </trkpt>
    <trkpt lat="42.126138" lon="2.572926">
        <ele>796.5</ele>
        <time>2022-01-02T08:35:16.000Z</time>
    </trkpt>
    <trkpt lat="42.126106" lon="2.572985">
        <ele>797.8</ele>
        <time>2022-01-02T08:35:20.000Z</time>
    </trkpt>
    <trkpt lat="42.126106" lon="2.573052">
        <ele>796.5</ele>
        <time>2022-01-02T08:35:26.000Z</time>
    </trkpt>
    <trkpt lat="42.126079" lon="2.57311">
        <ele>798.3</ele>
        <time>2022-01-02T08:35:31.000Z</time>
    </trkpt>
    <trkpt lat="42.126061" lon="2.57318">
        <ele>798.7</ele>
        <time>2022-01-02T08:35:38.000Z</time>
    </trkpt>
    <trkpt lat="42.126047" lon="2.57325">
        <ele>798.9</ele>
        <time>2022-01-02T08:35:45.000Z</time>
    </trkpt>
    <trkpt lat="42.126007" lon="2.573301">
        <ele>801.5</ele>
        <time>2022-01-02T08:35:50.000Z</time>
    </trkpt>
    <trkpt lat="42.125983" lon="2.573358">
        <ele>802.7</ele>
        <time>2022-01-02T08:35:55.000Z</time>
    </trkpt>
    <trkpt lat="42.125965" lon="2.573419">
        <ele>803.2</ele>
        <time>2022-01-02T08:36:02.000Z</time>
    </trkpt>
    <trkpt lat="42.125975" lon="2.573488">
        <ele>801.3</ele>
        <time>2022-01-02T08:36:07.000Z</time>
    </trkpt>
    <trkpt lat="42.125973" lon="2.573551">
        <ele>800.5</ele>
        <time>2022-01-02T08:36:16.000Z</time>
    </trkpt>
    <trkpt lat="42.125933" lon="2.573613">
        <ele>802.5</ele>
        <time>2022-01-02T08:36:23.000Z</time>
    </trkpt>
    <trkpt lat="42.125927" lon="2.573678">
        <ele>802.1</ele>
        <time>2022-01-02T08:36:29.000Z</time>
    </trkpt>
    <trkpt lat="42.125904" lon="2.573738">
        <ele>803.1</ele>
        <time>2022-01-02T08:36:36.000Z</time>
    </trkpt>
    <trkpt lat="42.125857" lon="2.573784">
        <ele>805.9</ele>
        <time>2022-01-02T08:36:41.000Z</time>
    </trkpt>
    <trkpt lat="42.125825" lon="2.573833">
        <ele>807.6</ele>
        <time>2022-01-02T08:36:46.000Z</time>
    </trkpt>
    <trkpt lat="42.125792" lon="2.573882">
        <ele>809.8</ele>
        <time>2022-01-02T08:36:56.000Z</time>
    </trkpt>
    <trkpt lat="42.12575" lon="2.573942">
        <ele>812.4</ele>
        <time>2022-01-02T08:37:07.000Z</time>
    </trkpt>
    <trkpt lat="42.125728" lon="2.574">
        <ele>813.1</ele>
        <time>2022-01-02T08:37:13.000Z</time>
    </trkpt>
    <trkpt lat="42.125724" lon="2.574061">
        <ele>812.0</ele>
        <time>2022-01-02T08:37:19.000Z</time>
    </trkpt>
    <trkpt lat="42.125686" lon="2.574113">
        <ele>813.9</ele>
        <time>2022-01-02T08:37:23.000Z</time>
    </trkpt>
    <trkpt lat="42.125641" lon="2.574126">
        <ele>817.4</ele>
        <time>2022-01-02T08:38:39.000Z</time>
    </trkpt>
    <trkpt lat="42.125595" lon="2.574142">
        <ele>820.5</ele>
        <time>2022-01-02T08:38:46.000Z</time>
    </trkpt>
    <trkpt lat="42.12555" lon="2.574135">
        <ele>824.2</ele>
        <time>2022-01-02T08:39:14.000Z</time>
    </trkpt>
    <trkpt lat="42.125507" lon="2.574169">
        <ele>825.5</ele>
        <time>2022-01-02T08:39:37.000Z</time>
    </trkpt>
    <trkpt lat="42.125462" lon="2.574203">
        <ele>826.3</ele>
        <time>2022-01-02T08:39:43.000Z</time>
    </trkpt>
    <trkpt lat="42.125416" lon="2.574186">
        <ele>829.3</ele>
        <time>2022-01-02T08:39:55.000Z</time>
    </trkpt>
    <trkpt lat="42.125383" lon="2.574126">
        <ele>833.6</ele>
        <time>2022-01-02T08:40:24.000Z</time>
    </trkpt>
    <trkpt lat="42.125405" lon="2.574071">
        <ele>834.7</ele>
        <time>2022-01-02T08:40:29.000Z</time>
    </trkpt>
    <trkpt lat="42.125424" lon="2.574008">
        <ele>836.2</ele>
        <time>2022-01-02T08:40:35.000Z</time>
    </trkpt>
    <trkpt lat="42.125434" lon="2.573948">
        <ele>837.8</ele>
        <time>2022-01-02T08:40:44.000Z</time>
    </trkpt>
    <trkpt lat="42.125389" lon="2.573939">
        <ele>841.4</ele>
        <time>2022-01-02T08:41:10.000Z</time>
    </trkpt>
    <trkpt lat="42.125353" lon="2.573979">
        <ele>842.1</ele>
        <time>2022-01-02T08:41:22.000Z</time>
    </trkpt>
    <trkpt lat="42.125296" lon="2.574">
        <ele>844.9</ele>
        <time>2022-01-02T08:41:32.000Z</time>
    </trkpt>
    <trkpt lat="42.125247" lon="2.574027">
        <ele>845.0</ele>
        <time>2022-01-02T08:41:36.000Z</time>
    </trkpt>
    <trkpt lat="42.125197" lon="2.574038">
        <ele>845.2</ele>
        <time>2022-01-02T08:41:41.000Z</time>
    </trkpt>
    <trkpt lat="42.125167" lon="2.574086">
        <ele>842.8</ele>
        <time>2022-01-02T08:42:00.000Z</time>
    </trkpt>
    <trkpt lat="42.125195" lon="2.574037">
        <ele>845.3</ele>
        <time>2022-01-02T08:42:15.000Z</time>
    </trkpt>
    <trkpt lat="42.125226" lon="2.573986">
        <ele>847.6</ele>
        <time>2022-01-02T08:42:21.000Z</time>
    </trkpt>
    <trkpt lat="42.125267" lon="2.573942">
        <ele>849.4</ele>
        <time>2022-01-02T08:42:27.000Z</time>
    </trkpt>
    <trkpt lat="42.125287" lon="2.573886">
        <ele>851.4</ele>
        <time>2022-01-02T08:42:36.000Z</time>
    </trkpt>
    <trkpt lat="42.125301" lon="2.573817">
        <ele>852.9</ele>
        <time>2022-01-02T08:42:46.000Z</time>
    </trkpt>
    <trkpt lat="42.125301" lon="2.573756">
        <ele>854.9</ele>
        <time>2022-01-02T08:42:55.000Z</time>
    </trkpt>
    <trkpt lat="42.125317" lon="2.573693">
        <ele>855.8</ele>
        <time>2022-01-02T08:43:00.000Z</time>
    </trkpt>
    <trkpt lat="42.125353" lon="2.573634">
        <ele>854.7</ele>
        <time>2022-01-02T08:43:10.000Z</time>
    </trkpt>
    <trkpt lat="42.125373" lon="2.573574">
        <ele>855.0</ele>
        <time>2022-01-02T08:43:19.000Z</time>
    </trkpt>
    <trkpt lat="42.12537" lon="2.573503">
        <ele>857.3</ele>
        <time>2022-01-02T08:43:28.000Z</time>
    </trkpt>
    <trkpt lat="42.125371" lon="2.573432">
        <ele>859.4</ele>
        <time>2022-01-02T08:43:35.000Z</time>
    </trkpt>
    <trkpt lat="42.125406" lon="2.57339">
        <ele>857.8</ele>
        <time>2022-01-02T08:43:42.000Z</time>
    </trkpt>
    <trkpt lat="42.125466" lon="2.573394">
        <ele>852.5</ele>
        <time>2022-01-02T08:43:52.000Z</time>
    </trkpt>
    <trkpt lat="42.125475" lon="2.573334">
        <ele>853.6</ele>
        <time>2022-01-02T08:45:37.000Z</time>
    </trkpt>
    <trkpt lat="42.125486" lon="2.573267">
        <ele>853.4</ele>
        <time>2022-01-02T08:45:44.000Z</time>
    </trkpt>
    <trkpt lat="42.125506" lon="2.573208">
        <ele>852.5</ele>
        <time>2022-01-02T08:45:50.000Z</time>
    </trkpt>
    <trkpt lat="42.125506" lon="2.573137">
        <ele>853.1</ele>
        <time>2022-01-02T08:45:55.000Z</time>
    </trkpt>
    <trkpt lat="42.125529" lon="2.57308">
        <ele>851.9</ele>
        <time>2022-01-02T08:46:00.000Z</time>
    </trkpt>
    <trkpt lat="42.125502" lon="2.573026">
        <ele>854.3</ele>
        <time>2022-01-02T08:46:06.000Z</time>
    </trkpt>
    <trkpt lat="42.125507" lon="2.572962">
        <ele>854.1</ele>
        <time>2022-01-02T08:46:11.000Z</time>
    </trkpt>
    <trkpt lat="42.125491" lon="2.572886">
        <ele>855.7</ele>
        <time>2022-01-02T08:46:16.000Z</time>
    </trkpt>
    <trkpt lat="42.125491" lon="2.572821">
        <ele>855.8</ele>
        <time>2022-01-02T08:46:20.000Z</time>
    </trkpt>
    <trkpt lat="42.125492" lon="2.572754">
        <ele>856.5</ele>
        <time>2022-01-02T08:46:26.000Z</time>
    </trkpt>
    <trkpt lat="42.125503" lon="2.572694">
        <ele>857.4</ele>
        <time>2022-01-02T08:46:32.000Z</time>
    </trkpt>
    <trkpt lat="42.125513" lon="2.572625">
        <ele>858.8</ele>
        <time>2022-01-02T08:46:36.000Z</time>
    </trkpt>
    <trkpt lat="42.125552" lon="2.572585">
        <ele>858.2</ele>
        <time>2022-01-02T08:46:41.000Z</time>
    </trkpt>
    <trkpt lat="42.125546" lon="2.572518">
        <ele>860.7</ele>
        <time>2022-01-02T08:46:48.000Z</time>
    </trkpt>
    <trkpt lat="42.125556" lon="2.572455">
        <ele>861.2</ele>
        <time>2022-01-02T08:46:53.000Z</time>
    </trkpt>
    <trkpt lat="42.125565" lon="2.572386">
        <ele>860.6</ele>
        <time>2022-01-02T08:46:58.000Z</time>
    </trkpt>
    <trkpt lat="42.125562" lon="2.572319">
        <ele>861.0</ele>
        <time>2022-01-02T08:47:03.000Z</time>
    </trkpt>
    <trkpt lat="42.125557" lon="2.572248">
        <ele>861.8</ele>
        <time>2022-01-02T08:47:09.000Z</time>
    </trkpt>
    <trkpt lat="42.125541" lon="2.572179">
        <ele>862.1</ele>
        <time>2022-01-02T08:47:14.000Z</time>
    </trkpt>
    <trkpt lat="42.125519" lon="2.572113">
        <ele>862.3</ele>
        <time>2022-01-02T08:47:22.000Z</time>
    </trkpt>
    <trkpt lat="42.125461" lon="2.572077">
        <ele>863.6</ele>
        <time>2022-01-02T08:47:34.000Z</time>
    </trkpt>
    <trkpt lat="42.125415" lon="2.572053">
        <ele>864.6</ele>
        <time>2022-01-02T08:47:46.000Z</time>
    </trkpt>
    <trkpt lat="42.125389" lon="2.572002">
        <ele>865.2</ele>
        <time>2022-01-02T08:51:05.000Z</time>
    </trkpt>
    <trkpt lat="42.125339" lon="2.572018">
        <ele>866.7</ele>
        <time>2022-01-02T08:51:45.000Z</time>
    </trkpt>
    <trkpt lat="42.125381" lon="2.572042">
        <ele>865.5</ele>
        <time>2022-01-02T08:55:11.000Z</time>
    </trkpt>
    <trkpt lat="42.125406" lon="2.572102">
        <ele>865.1</ele>
        <time>2022-01-02T08:55:19.000Z</time>
    </trkpt>
    <trkpt lat="42.125438" lon="2.572155">
        <ele>864.7</ele>
        <time>2022-01-02T08:55:25.000Z</time>
    </trkpt>
    <trkpt lat="42.125446" lon="2.572218">
        <ele>864.8</ele>
        <time>2022-01-02T08:55:31.000Z</time>
    </trkpt>
    <trkpt lat="42.125458" lon="2.572305">
        <ele>864.4</ele>
        <time>2022-01-02T08:55:40.000Z</time>
    </trkpt>
    <trkpt lat="42.125461" lon="2.572366">
        <ele>864.2</ele>
        <time>2022-01-02T08:55:44.000Z</time>
    </trkpt>
    <trkpt lat="42.125448" lon="2.572437">
        <ele>864.5</ele>
        <time>2022-01-02T08:55:49.000Z</time>
    </trkpt>
    <trkpt lat="42.125416" lon="2.572504">
        <ele>865.6</ele>
        <time>2022-01-02T08:55:55.000Z</time>
    </trkpt>
    <trkpt lat="42.125397" lon="2.572569">
        <ele>865.5</ele>
        <time>2022-01-02T08:56:03.000Z</time>
    </trkpt>
    <trkpt lat="42.125387" lon="2.572633">
        <ele>865.3</ele>
        <time>2022-01-02T08:56:10.000Z</time>
    </trkpt>
    <trkpt lat="42.125371" lon="2.572699">
        <ele>865.5</ele>
        <time>2022-01-02T08:56:14.000Z</time>
    </trkpt>
    <trkpt lat="42.12536" lon="2.572763">
        <ele>865.9</ele>
        <time>2022-01-02T08:56:17.000Z</time>
    </trkpt>
    <trkpt lat="42.125335" lon="2.572819">
        <ele>867.6</ele>
        <time>2022-01-02T08:56:21.000Z</time>
    </trkpt>
    <trkpt lat="42.125301" lon="2.572869">
        <ele>870.2</ele>
        <time>2022-01-02T08:56:24.000Z</time>
    </trkpt>
    <trkpt lat="42.125269" lon="2.572918">
        <ele>872.1</ele>
        <time>2022-01-02T08:56:27.000Z</time>
    </trkpt>
    <trkpt lat="42.125241" lon="2.57297">
        <ele>872.1</ele>
        <time>2022-01-02T08:56:30.000Z</time>
    </trkpt>
    <trkpt lat="42.125199" lon="2.573007">
        <ele>872.1</ele>
        <time>2022-01-02T08:56:34.000Z</time>
    </trkpt>
    <trkpt lat="42.125163" lon="2.573052">
        <ele>872.4</ele>
        <time>2022-01-02T08:56:38.000Z</time>
    </trkpt>
    <trkpt lat="42.125133" lon="2.573098">
        <ele>872.4</ele>
        <time>2022-01-02T08:56:42.000Z</time>
    </trkpt>
    <trkpt lat="42.125089" lon="2.573148">
        <ele>872.6</ele>
        <time>2022-01-02T08:56:46.000Z</time>
    </trkpt>
    <trkpt lat="42.125046" lon="2.573188">
        <ele>872.8</ele>
        <time>2022-01-02T08:56:50.000Z</time>
    </trkpt>
    <trkpt lat="42.12501" lon="2.573233">
        <ele>873.0</ele>
        <time>2022-01-02T08:56:54.000Z</time>
    </trkpt>
    <trkpt lat="42.124967" lon="2.573259">
        <ele>872.8</ele>
        <time>2022-01-02T08:56:58.000Z</time>
    </trkpt>
    <trkpt lat="42.124927" lon="2.573296">
        <ele>872.7</ele>
        <time>2022-01-02T08:57:02.000Z</time>
    </trkpt>
    <trkpt lat="42.124882" lon="2.573328">
        <ele>872.6</ele>
        <time>2022-01-02T08:57:07.000Z</time>
    </trkpt>
    <trkpt lat="42.124829" lon="2.573365">
        <ele>872.0</ele>
        <time>2022-01-02T08:57:12.000Z</time>
    </trkpt>
    <trkpt lat="42.124783" lon="2.573381">
        <ele>871.7</ele>
        <time>2022-01-02T08:57:16.000Z</time>
    </trkpt>
    <trkpt lat="42.124732" lon="2.573406">
        <ele>871.1</ele>
        <time>2022-01-02T08:57:21.000Z</time>
    </trkpt>
    <trkpt lat="42.12468" lon="2.573432">
        <ele>870.8</ele>
        <time>2022-01-02T08:57:26.000Z</time>
    </trkpt>
    <trkpt lat="42.124623" lon="2.573441">
        <ele>871.0</ele>
        <time>2022-01-02T08:57:31.000Z</time>
    </trkpt>
    <trkpt lat="42.124569" lon="2.573452">
        <ele>871.2</ele>
        <time>2022-01-02T08:57:35.000Z</time>
    </trkpt>
    <trkpt lat="42.124522" lon="2.573466">
        <ele>871.6</ele>
        <time>2022-01-02T08:57:39.000Z</time>
    </trkpt>
    <trkpt lat="42.124469" lon="2.573467">
        <ele>871.8</ele>
        <time>2022-01-02T08:57:45.000Z</time>
    </trkpt>
    <trkpt lat="42.124424" lon="2.573457">
        <ele>872.3</ele>
        <time>2022-01-02T08:57:50.000Z</time>
    </trkpt>
    <trkpt lat="42.124378" lon="2.573495">
        <ele>873.0</ele>
        <time>2022-01-02T08:57:56.000Z</time>
    </trkpt>
    <trkpt lat="42.12433" lon="2.573497">
        <ele>873.9</ele>
        <time>2022-01-02T08:58:02.000Z</time>
    </trkpt>
    <trkpt lat="42.124282" lon="2.573499">
        <ele>874.6</ele>
        <time>2022-01-02T08:58:07.000Z</time>
    </trkpt>
    <trkpt lat="42.124233" lon="2.573495">
        <ele>875.3</ele>
        <time>2022-01-02T08:58:12.000Z</time>
    </trkpt>
    <trkpt lat="42.124178" lon="2.573484">
        <ele>876.0</ele>
        <time>2022-01-02T08:58:18.000Z</time>
    </trkpt>
    <trkpt lat="42.124127" lon="2.573474">
        <ele>876.8</ele>
        <time>2022-01-02T08:58:24.000Z</time>
    </trkpt>
    <trkpt lat="42.124081" lon="2.573445">
        <ele>877.4</ele>
        <time>2022-01-02T08:58:29.000Z</time>
    </trkpt>
    <trkpt lat="42.124045" lon="2.573408">
        <ele>877.8</ele>
        <time>2022-01-02T08:58:34.000Z</time>
    </trkpt>
    <trkpt lat="42.124" lon="2.573382">
        <ele>878.6</ele>
        <time>2022-01-02T08:58:39.000Z</time>
    </trkpt>
    <trkpt lat="42.123966" lon="2.573333">
        <ele>879.2</ele>
        <time>2022-01-02T08:58:44.000Z</time>
    </trkpt>
    <trkpt lat="42.12393" lon="2.573296">
        <ele>880.0</ele>
        <time>2022-01-02T08:59:51.000Z</time>
    </trkpt>
    <trkpt lat="42.123891" lon="2.573259">
        <ele>880.9</ele>
        <time>2022-01-02T09:00:12.000Z</time>
    </trkpt>
    <trkpt lat="42.123846" lon="2.573192">
        <ele>882.5</ele>
        <time>2022-01-02T09:00:24.000Z</time>
    </trkpt>
    <trkpt lat="42.123802" lon="2.573203">
        <ele>884.1</ele>
        <time>2022-01-02T09:00:32.000Z</time>
    </trkpt>
    <trkpt lat="42.123755" lon="2.573221">
        <ele>885.6</ele>
        <time>2022-01-02T09:00:40.000Z</time>
    </trkpt>
    <trkpt lat="42.123716" lon="2.573258">
        <ele>887.2</ele>
        <time>2022-01-02T09:00:45.000Z</time>
    </trkpt>
    <trkpt lat="42.123679" lon="2.573295">
        <ele>888.6</ele>
        <time>2022-01-02T09:00:51.000Z</time>
    </trkpt>
    <trkpt lat="42.123626" lon="2.573356">
        <ele>890.5</ele>
        <time>2022-01-02T09:01:01.000Z</time>
    </trkpt>
    <trkpt lat="42.123598" lon="2.573406">
        <ele>891.3</ele>
        <time>2022-01-02T09:01:07.000Z</time>
    </trkpt>
    <trkpt lat="42.123572" lon="2.573479">
        <ele>891.7</ele>
        <time>2022-01-02T09:01:15.000Z</time>
    </trkpt>
    <trkpt lat="42.12354" lon="2.573536">
        <ele>892.5</ele>
        <time>2022-01-02T09:01:20.000Z</time>
    </trkpt>
    <trkpt lat="42.123534" lon="2.573605">
        <ele>892.9</ele>
        <time>2022-01-02T09:01:24.000Z</time>
    </trkpt>
    <trkpt lat="42.123498" lon="2.573652">
        <ele>893.9</ele>
        <time>2022-01-02T09:01:31.000Z</time>
    </trkpt>
    <trkpt lat="42.123467" lon="2.57371">
        <ele>894.8</ele>
        <time>2022-01-02T09:01:36.000Z</time>
    </trkpt>
    <trkpt lat="42.123425" lon="2.57376">
        <ele>896.1</ele>
        <time>2022-01-02T09:01:45.000Z</time>
    </trkpt>
    <trkpt lat="42.123387" lon="2.573797">
        <ele>897.5</ele>
        <time>2022-01-02T09:01:50.000Z</time>
    </trkpt>
    <trkpt lat="42.123354" lon="2.573847">
        <ele>899.0</ele>
        <time>2022-01-02T09:01:55.000Z</time>
    </trkpt>
    <trkpt lat="42.123313" lon="2.573877">
        <ele>900.1</ele>
        <time>2022-01-02T09:01:59.000Z</time>
    </trkpt>
    <trkpt lat="42.123272" lon="2.573903">
        <ele>899.8</ele>
        <time>2022-01-02T09:02:06.000Z</time>
    </trkpt>
    <trkpt lat="42.123226" lon="2.57393">
        <ele>899.5</ele>
        <time>2022-01-02T09:02:13.000Z</time>
    </trkpt>
    <trkpt lat="42.123185" lon="2.573968">
        <ele>899.2</ele>
        <time>2022-01-02T09:02:20.000Z</time>
    </trkpt>
    <trkpt lat="42.123135" lon="2.574022">
        <ele>899.0</ele>
        <time>2022-01-02T09:02:24.000Z</time>
    </trkpt>
    <trkpt lat="42.123083" lon="2.574052">
        <ele>899.8</ele>
        <time>2022-01-02T09:02:28.000Z</time>
    </trkpt>
    <trkpt lat="42.123037" lon="2.57408">
        <ele>900.5</ele>
        <time>2022-01-02T09:02:34.000Z</time>
    </trkpt>
    <trkpt lat="42.122987" lon="2.574096">
        <ele>901.0</ele>
        <time>2022-01-02T09:02:39.000Z</time>
    </trkpt>
    <trkpt lat="42.122944" lon="2.574133">
        <ele>901.7</ele>
        <time>2022-01-02T09:02:43.000Z</time>
    </trkpt>
    <trkpt lat="42.122889" lon="2.57416">
        <ele>902.9</ele>
        <time>2022-01-02T09:02:48.000Z</time>
    </trkpt>
    <trkpt lat="42.122841" lon="2.57418">
        <ele>903.6</ele>
        <time>2022-01-02T09:02:53.000Z</time>
    </trkpt>
    <trkpt lat="42.122795" lon="2.574214">
        <ele>903.6</ele>
        <time>2022-01-02T09:02:59.000Z</time>
    </trkpt>
    <trkpt lat="42.122764" lon="2.574263">
        <ele>903.0</ele>
        <time>2022-01-02T09:03:06.000Z</time>
    </trkpt>
    <trkpt lat="42.122722" lon="2.574294">
        <ele>903.2</ele>
        <time>2022-01-02T09:03:14.000Z</time>
    </trkpt>
    <trkpt lat="42.122649" lon="2.574315">
        <ele>905.0</ele>
        <time>2022-01-02T09:03:22.000Z</time>
    </trkpt>
    <trkpt lat="42.122568" lon="2.574328">
        <ele>907.3</ele>
        <time>2022-01-02T09:03:30.000Z</time>
    </trkpt>
    <trkpt lat="42.122518" lon="2.574335">
        <ele>908.9</ele>
        <time>2022-01-02T09:03:36.000Z</time>
    </trkpt>
    <trkpt lat="42.122441" lon="2.574342">
        <ele>912.0</ele>
        <time>2022-01-02T09:03:44.000Z</time>
    </trkpt>
    <trkpt lat="42.122395" lon="2.57434">
        <ele>914.0</ele>
        <time>2022-01-02T09:03:50.000Z</time>
    </trkpt>
    <trkpt lat="42.122343" lon="2.574341">
        <ele>916.3</ele>
        <time>2022-01-02T09:03:57.000Z</time>
    </trkpt>
    <trkpt lat="42.122296" lon="2.574342">
        <ele>918.2</ele>
        <time>2022-01-02T09:04:07.000Z</time>
    </trkpt>
    <trkpt lat="42.122248" lon="2.574348">
        <ele>920.5</ele>
        <time>2022-01-02T09:04:12.000Z</time>
    </trkpt>
    <trkpt lat="42.122198" lon="2.574348">
        <ele>921.8</ele>
        <time>2022-01-02T09:04:17.000Z</time>
    </trkpt>
    <trkpt lat="42.122146" lon="2.57437">
        <ele>922.9</ele>
        <time>2022-01-02T09:04:26.000Z</time>
    </trkpt>
    <trkpt lat="42.122092" lon="2.574369">
        <ele>923.4</ele>
        <time>2022-01-02T09:04:32.000Z</time>
    </trkpt>
    <trkpt lat="42.122041" lon="2.574383">
        <ele>924.2</ele>
        <time>2022-01-02T09:04:37.000Z</time>
    </trkpt>
    <trkpt lat="42.121999" lon="2.574421">
        <ele>925.8</ele>
        <time>2022-01-02T09:04:46.000Z</time>
    </trkpt>
    <trkpt lat="42.121983" lon="2.574492">
        <ele>927.7</ele>
        <time>2022-01-02T09:04:55.000Z</time>
    </trkpt>
    <trkpt lat="42.121972" lon="2.574556">
        <ele>928.9</ele>
        <time>2022-01-02T09:05:05.000Z</time>
    </trkpt>
    <trkpt lat="42.121972" lon="2.57464">
        <ele>930.5</ele>
        <time>2022-01-02T09:05:18.000Z</time>
    </trkpt>
    <trkpt lat="42.121947" lon="2.574696">
        <ele>932.3</ele>
        <time>2022-01-02T09:05:22.000Z</time>
    </trkpt>
    <trkpt lat="42.121912" lon="2.574745">
        <ele>931.2</ele>
        <time>2022-01-02T09:05:59.000Z</time>
    </trkpt>
    <trkpt lat="42.121886" lon="2.574806">
        <ele>928.9</ele>
        <time>2022-01-02T09:08:32.000Z</time>
    </trkpt>
    <trkpt lat="42.121856" lon="2.57488">
        <ele>927.1</ele>
        <time>2022-01-02T09:08:45.000Z</time>
    </trkpt>
    <trkpt lat="42.121821" lon="2.574933">
        <ele>926.5</ele>
        <time>2022-01-02T09:08:51.000Z</time>
    </trkpt>
    <trkpt lat="42.121779" lon="2.574975">
        <ele>926.6</ele>
        <time>2022-01-02T09:08:55.000Z</time>
    </trkpt>
    <trkpt lat="42.121736" lon="2.57501">
        <ele>927.1</ele>
        <time>2022-01-02T09:08:59.000Z</time>
    </trkpt>
    <trkpt lat="42.121695" lon="2.575039">
        <ele>927.0</ele>
        <time>2022-01-02T09:09:04.000Z</time>
    </trkpt>
    <trkpt lat="42.121657" lon="2.575076">
        <ele>926.6</ele>
        <time>2022-01-02T09:09:10.000Z</time>
    </trkpt>
    <trkpt lat="42.121609" lon="2.575113">
        <ele>925.7</ele>
        <time>2022-01-02T09:09:17.000Z</time>
    </trkpt>
    <trkpt lat="42.121564" lon="2.575138">
        <ele>925.6</ele>
        <time>2022-01-02T09:09:21.000Z</time>
    </trkpt>
    <trkpt lat="42.121519" lon="2.575176">
        <ele>926.2</ele>
        <time>2022-01-02T09:09:27.000Z</time>
    </trkpt>
    <trkpt lat="42.121489" lon="2.57523">
        <ele>927.2</ele>
        <time>2022-01-02T09:09:32.000Z</time>
    </trkpt>
    <trkpt lat="42.121445" lon="2.575271">
        <ele>929.4</ele>
        <time>2022-01-02T09:09:39.000Z</time>
    </trkpt>
    <trkpt lat="42.121407" lon="2.575317">
        <ele>930.0</ele>
        <time>2022-01-02T09:09:43.000Z</time>
    </trkpt>
    <trkpt lat="42.121366" lon="2.575348">
        <ele>930.4</ele>
        <time>2022-01-02T09:09:50.000Z</time>
    </trkpt>
    <trkpt lat="42.121334" lon="2.575391">
        <ele>930.0</ele>
        <time>2022-01-02T09:09:54.000Z</time>
    </trkpt>
    <trkpt lat="42.121314" lon="2.575456">
        <ele>929.3</ele>
        <time>2022-01-02T09:09:58.000Z</time>
    </trkpt>
    <trkpt lat="42.121274" lon="2.575506">
        <ele>930.0</ele>
        <time>2022-01-02T09:10:04.000Z</time>
    </trkpt>
    <trkpt lat="42.121234" lon="2.575545">
        <ele>931.3</ele>
        <time>2022-01-02T09:10:08.000Z</time>
    </trkpt>
    <trkpt lat="42.121193" lon="2.575574">
        <ele>932.4</ele>
        <time>2022-01-02T09:10:13.000Z</time>
    </trkpt>
    <trkpt lat="42.121146" lon="2.575603">
        <ele>933.7</ele>
        <time>2022-01-02T09:10:17.000Z</time>
    </trkpt>
    <trkpt lat="42.121108" lon="2.575657">
        <ele>933.7</ele>
        <time>2022-01-02T09:10:23.000Z</time>
    </trkpt>
    <trkpt lat="42.121073" lon="2.575712">
        <ele>931.6</ele>
        <time>2022-01-02T09:10:28.000Z</time>
    </trkpt>
    <trkpt lat="42.121042" lon="2.575778">
        <ele>929.8</ele>
        <time>2022-01-02T09:10:34.000Z</time>
    </trkpt>
    <trkpt lat="42.121022" lon="2.575835">
        <ele>928.7</ele>
        <time>2022-01-02T09:10:42.000Z</time>
    </trkpt>
    <trkpt lat="42.121" lon="2.575891">
        <ele>926.6</ele>
        <time>2022-01-02T09:10:51.000Z</time>
    </trkpt>
    <trkpt lat="42.12097" lon="2.575948">
        <ele>925.4</ele>
        <time>2022-01-02T09:10:56.000Z</time>
    </trkpt>
    <trkpt lat="42.120937" lon="2.575991">
        <ele>925.2</ele>
        <time>2022-01-02T09:11:00.000Z</time>
    </trkpt>
    <trkpt lat="42.120909" lon="2.57604">
        <ele>925.2</ele>
        <time>2022-01-02T09:11:04.000Z</time>
    </trkpt>
    <trkpt lat="42.120888" lon="2.576099">
        <ele>925.2</ele>
        <time>2022-01-02T09:11:09.000Z</time>
    </trkpt>
    <trkpt lat="42.12085" lon="2.576157">
        <ele>926.3</ele>
        <time>2022-01-02T09:11:13.000Z</time>
    </trkpt>
    <trkpt lat="42.120817" lon="2.576207">
        <ele>926.4</ele>
        <time>2022-01-02T09:11:17.000Z</time>
    </trkpt>
    <trkpt lat="42.120787" lon="2.576264">
        <ele>925.3</ele>
        <time>2022-01-02T09:11:24.000Z</time>
    </trkpt>
    <trkpt lat="42.12076" lon="2.57632">
        <ele>924.6</ele>
        <time>2022-01-02T09:11:28.000Z</time>
    </trkpt>
    <trkpt lat="42.120732" lon="2.576375">
        <ele>924.4</ele>
        <time>2022-01-02T09:11:32.000Z</time>
    </trkpt>
    <trkpt lat="42.120709" lon="2.576439">
        <ele>923.2</ele>
        <time>2022-01-02T09:11:36.000Z</time>
    </trkpt>
    <trkpt lat="42.120685" lon="2.576494">
        <ele>922.3</ele>
        <time>2022-01-02T09:11:40.000Z</time>
    </trkpt>
    <trkpt lat="42.12066" lon="2.57656">
        <ele>922.1</ele>
        <time>2022-01-02T09:11:44.000Z</time>
    </trkpt>
    <trkpt lat="42.120631" lon="2.57661">
        <ele>923.0</ele>
        <time>2022-01-02T09:11:47.000Z</time>
    </trkpt>
    <trkpt lat="42.120601" lon="2.576665">
        <ele>924.8</ele>
        <time>2022-01-02T09:11:52.000Z</time>
    </trkpt>
    <trkpt lat="42.120566" lon="2.576706">
        <ele>926.6</ele>
        <time>2022-01-02T09:11:56.000Z</time>
    </trkpt>
    <trkpt lat="42.120529" lon="2.576762">
        <ele>925.8</ele>
        <time>2022-01-02T09:12:03.000Z</time>
    </trkpt>
    <trkpt lat="42.120492" lon="2.576805">
        <ele>924.8</ele>
        <time>2022-01-02T09:12:11.000Z</time>
    </trkpt>
    <trkpt lat="42.12046" lon="2.57686">
        <ele>924.0</ele>
        <time>2022-01-02T09:12:15.000Z</time>
    </trkpt>
    <trkpt lat="42.120421" lon="2.576911">
        <ele>923.6</ele>
        <time>2022-01-02T09:12:19.000Z</time>
    </trkpt>
    <trkpt lat="42.120387" lon="2.576962">
        <ele>923.3</ele>
        <time>2022-01-02T09:12:24.000Z</time>
    </trkpt>
    <trkpt lat="42.120351" lon="2.577008">
        <ele>923.0</ele>
        <time>2022-01-02T09:12:29.000Z</time>
    </trkpt>
    <trkpt lat="42.120317" lon="2.577053">
        <ele>923.7</ele>
        <time>2022-01-02T09:12:33.000Z</time>
    </trkpt>
    <trkpt lat="42.120276" lon="2.577089">
        <ele>925.0</ele>
        <time>2022-01-02T09:12:37.000Z</time>
    </trkpt>
    <trkpt lat="42.120234" lon="2.577141">
        <ele>925.1</ele>
        <time>2022-01-02T09:12:46.000Z</time>
    </trkpt>
    <trkpt lat="42.120202" lon="2.57719">
        <ele>925.3</ele>
        <time>2022-01-02T09:12:52.000Z</time>
    </trkpt>
    <trkpt lat="42.12018" lon="2.577251">
        <ele>924.5</ele>
        <time>2022-01-02T09:12:58.000Z</time>
    </trkpt>
    <trkpt lat="42.120141" lon="2.577298">
        <ele>923.1</ele>
        <time>2022-01-02T09:13:07.000Z</time>
    </trkpt>
    <trkpt lat="42.120102" lon="2.577329">
        <ele>922.9</ele>
        <time>2022-01-02T09:13:13.000Z</time>
    </trkpt>
    <trkpt lat="42.12007" lon="2.577373">
        <ele>922.9</ele>
        <time>2022-01-02T09:13:17.000Z</time>
    </trkpt>
    <trkpt lat="42.120029" lon="2.5774">
        <ele>924.0</ele>
        <time>2022-01-02T09:13:21.000Z</time>
    </trkpt>
    <trkpt lat="42.119972" lon="2.577421">
        <ele>925.7</ele>
        <time>2022-01-02T09:13:26.000Z</time>
    </trkpt>
    <trkpt lat="42.119924" lon="2.57745">
        <ele>927.1</ele>
        <time>2022-01-02T09:13:32.000Z</time>
    </trkpt>
    <trkpt lat="42.119872" lon="2.577491">
        <ele>929.0</ele>
        <time>2022-01-02T09:13:41.000Z</time>
    </trkpt>
    <trkpt lat="42.119816" lon="2.577542">
        <ele>928.9</ele>
        <time>2022-01-02T09:13:48.000Z</time>
    </trkpt>
    <trkpt lat="42.119763" lon="2.577563">
        <ele>930.3</ele>
        <time>2022-01-02T09:14:47.000Z</time>
    </trkpt>
    <trkpt lat="42.119733" lon="2.577612">
        <ele>929.9</ele>
        <time>2022-01-02T09:14:54.000Z</time>
    </trkpt>
    <trkpt lat="42.119678" lon="2.577641">
        <ele>931.1</ele>
        <time>2022-01-02T09:15:01.000Z</time>
    </trkpt>
    <trkpt lat="42.119635" lon="2.577622">
        <ele>933.0</ele>
        <time>2022-01-02T09:15:07.000Z</time>
    </trkpt>
    <trkpt lat="42.119585" lon="2.577612">
        <ele>934.9</ele>
        <time>2022-01-02T09:15:13.000Z</time>
    </trkpt>
    <trkpt lat="42.119539" lon="2.577603">
        <ele>936.6</ele>
        <time>2022-01-02T09:15:18.000Z</time>
    </trkpt>
    <trkpt lat="42.119493" lon="2.577622">
        <ele>938.0</ele>
        <time>2022-01-02T09:15:26.000Z</time>
    </trkpt>
    <trkpt lat="42.119446" lon="2.577613">
        <ele>939.5</ele>
        <time>2022-01-02T09:15:33.000Z</time>
    </trkpt>
    <trkpt lat="42.119397" lon="2.577613">
        <ele>940.9</ele>
        <time>2022-01-02T09:15:39.000Z</time>
    </trkpt>
    <trkpt lat="42.119346" lon="2.577637">
        <ele>942.5</ele>
        <time>2022-01-02T09:15:48.000Z</time>
    </trkpt>
    <trkpt lat="42.119298" lon="2.577665">
        <ele>944.2</ele>
        <time>2022-01-02T09:15:59.000Z</time>
    </trkpt>
    <trkpt lat="42.119247" lon="2.57769">
        <ele>946.4</ele>
        <time>2022-01-02T09:16:04.000Z</time>
    </trkpt>
    <trkpt lat="42.119224" lon="2.577761">
        <ele>948.3</ele>
        <time>2022-01-02T09:16:12.000Z</time>
    </trkpt>
    <trkpt lat="42.119184" lon="2.577804">
        <ele>949.9</ele>
        <time>2022-01-02T09:16:17.000Z</time>
    </trkpt>
    <trkpt lat="42.119158" lon="2.577863">
        <ele>949.8</ele>
        <time>2022-01-02T09:16:22.000Z</time>
    </trkpt>
    <trkpt lat="42.119127" lon="2.577924">
        <ele>949.1</ele>
        <time>2022-01-02T09:16:27.000Z</time>
    </trkpt>
    <trkpt lat="42.119089" lon="2.577975">
        <ele>949.2</ele>
        <time>2022-01-02T09:16:32.000Z</time>
    </trkpt>
    <trkpt lat="42.119047" lon="2.578017">
        <ele>949.7</ele>
        <time>2022-01-02T09:16:36.000Z</time>
    </trkpt>
    <trkpt lat="42.119004" lon="2.578045">
        <ele>950.6</ele>
        <time>2022-01-02T09:16:40.000Z</time>
    </trkpt>
    <trkpt lat="42.118942" lon="2.578083">
        <ele>951.2</ele>
        <time>2022-01-02T09:16:48.000Z</time>
    </trkpt>
    <trkpt lat="42.118894" lon="2.578123">
        <ele>951.3</ele>
        <time>2022-01-02T09:16:53.000Z</time>
    </trkpt>
    <trkpt lat="42.118851" lon="2.578166">
        <ele>949.8</ele>
        <time>2022-01-02T09:16:58.000Z</time>
    </trkpt>
    <trkpt lat="42.118817" lon="2.57821">
        <ele>948.6</ele>
        <time>2022-01-02T09:17:02.000Z</time>
    </trkpt>
    <trkpt lat="42.118781" lon="2.57825">
        <ele>947.9</ele>
        <time>2022-01-02T09:17:06.000Z</time>
    </trkpt>
    <trkpt lat="42.118738" lon="2.578284">
        <ele>947.5</ele>
        <time>2022-01-02T09:17:11.000Z</time>
    </trkpt>
    <trkpt lat="42.118693" lon="2.578319">
        <ele>947.4</ele>
        <time>2022-01-02T09:17:15.000Z</time>
    </trkpt>
    <trkpt lat="42.118653" lon="2.578351">
        <ele>947.3</ele>
        <time>2022-01-02T09:17:18.000Z</time>
    </trkpt>
    <trkpt lat="42.118615" lon="2.57841">
        <ele>946.1</ele>
        <time>2022-01-02T09:17:22.000Z</time>
    </trkpt>
    <trkpt lat="42.118575" lon="2.578451">
        <ele>944.8</ele>
        <time>2022-01-02T09:17:28.000Z</time>
    </trkpt>
    <trkpt lat="42.118535" lon="2.57851">
        <ele>943.6</ele>
        <time>2022-01-02T09:17:32.000Z</time>
    </trkpt>
    <trkpt lat="42.118508" lon="2.578563">
        <ele>943.2</ele>
        <time>2022-01-02T09:17:35.000Z</time>
    </trkpt>
    <trkpt lat="42.118471" lon="2.578607">
        <ele>943.6</ele>
        <time>2022-01-02T09:17:49.000Z</time>
    </trkpt>
    <trkpt lat="42.11844" lon="2.578664">
        <ele>942.6</ele>
        <time>2022-01-02T09:17:54.000Z</time>
    </trkpt>
    <trkpt lat="42.118397" lon="2.578702">
        <ele>942.7</ele>
        <time>2022-01-02T09:18:00.000Z</time>
    </trkpt>
    <trkpt lat="42.118354" lon="2.578734">
        <ele>943.2</ele>
        <time>2022-01-02T09:18:06.000Z</time>
    </trkpt>
    <trkpt lat="42.118314" lon="2.578765">
        <ele>943.5</ele>
        <time>2022-01-02T09:18:10.000Z</time>
    </trkpt>
    <trkpt lat="42.11826" lon="2.578778">
        <ele>944.0</ele>
        <time>2022-01-02T09:18:14.000Z</time>
    </trkpt>
    <trkpt lat="42.118214" lon="2.578809">
        <ele>944.8</ele>
        <time>2022-01-02T09:18:18.000Z</time>
    </trkpt>
    <trkpt lat="42.118167" lon="2.57882">
        <ele>945.7</ele>
        <time>2022-01-02T09:18:26.000Z</time>
    </trkpt>
    <trkpt lat="42.118122" lon="2.578848">
        <ele>947.2</ele>
        <time>2022-01-02T09:18:31.000Z</time>
    </trkpt>
    <trkpt lat="42.118081" lon="2.578908">
        <ele>948.4</ele>
        <time>2022-01-02T09:18:39.000Z</time>
    </trkpt>
    <trkpt lat="42.118032" lon="2.578926">
        <ele>948.5</ele>
        <time>2022-01-02T09:18:44.000Z</time>
    </trkpt>
    <trkpt lat="42.117997" lon="2.578965">
        <ele>947.3</ele>
        <time>2022-01-02T09:18:52.000Z</time>
    </trkpt>
    <trkpt lat="42.11795" lon="2.578998">
        <ele>947.2</ele>
        <time>2022-01-02T09:18:59.000Z</time>
    </trkpt>
    <trkpt lat="42.117912" lon="2.57905">
        <ele>947.1</ele>
        <time>2022-01-02T09:19:03.000Z</time>
    </trkpt>
    <trkpt lat="42.117875" lon="2.579098">
        <ele>948.0</ele>
        <time>2022-01-02T09:19:08.000Z</time>
    </trkpt>
    <trkpt lat="42.117834" lon="2.579125">
        <ele>949.7</ele>
        <time>2022-01-02T09:19:11.000Z</time>
    </trkpt>
    <trkpt lat="42.117796" lon="2.579166">
        <ele>952.1</ele>
        <time>2022-01-02T09:19:15.000Z</time>
    </trkpt>
    <trkpt lat="42.117748" lon="2.579195">
        <ele>951.6</ele>
        <time>2022-01-02T09:19:23.000Z</time>
    </trkpt>
    <trkpt lat="42.117688" lon="2.579228">
        <ele>951.0</ele>
        <time>2022-01-02T09:19:30.000Z</time>
    </trkpt>
    <trkpt lat="42.117646" lon="2.579268">
        <ele>950.4</ele>
        <time>2022-01-02T09:19:35.000Z</time>
    </trkpt>
    <trkpt lat="42.117602" lon="2.579294">
        <ele>951.2</ele>
        <time>2022-01-02T09:19:40.000Z</time>
    </trkpt>
    <trkpt lat="42.117552" lon="2.57932">
        <ele>952.6</ele>
        <time>2022-01-02T09:19:44.000Z</time>
    </trkpt>
    <trkpt lat="42.117505" lon="2.57936">
        <ele>954.5</ele>
        <time>2022-01-02T09:19:49.000Z</time>
    </trkpt>
    <trkpt lat="42.117456" lon="2.579388">
        <ele>955.1</ele>
        <time>2022-01-02T09:19:53.000Z</time>
    </trkpt>
    <trkpt lat="42.117409" lon="2.579433">
        <ele>955.8</ele>
        <time>2022-01-02T09:19:58.000Z</time>
    </trkpt>
    <trkpt lat="42.117355" lon="2.579473">
        <ele>955.6</ele>
        <time>2022-01-02T09:20:05.000Z</time>
    </trkpt>
    <trkpt lat="42.117318" lon="2.579519">
        <ele>955.0</ele>
        <time>2022-01-02T09:20:12.000Z</time>
    </trkpt>
    <trkpt lat="42.117276" lon="2.579548">
        <ele>955.7</ele>
        <time>2022-01-02T09:20:16.000Z</time>
    </trkpt>
    <trkpt lat="42.117239" lon="2.579583">
        <ele>956.9</ele>
        <time>2022-01-02T09:20:19.000Z</time>
    </trkpt>
    <trkpt lat="42.117194" lon="2.579613">
        <ele>957.8</ele>
        <time>2022-01-02T09:20:23.000Z</time>
    </trkpt>
    <trkpt lat="42.117147" lon="2.579642">
        <ele>958.7</ele>
        <time>2022-01-02T09:20:27.000Z</time>
    </trkpt>
    <trkpt lat="42.117096" lon="2.579648">
        <ele>959.7</ele>
        <time>2022-01-02T09:20:32.000Z</time>
    </trkpt>
    <trkpt lat="42.117049" lon="2.579657">
        <ele>960.7</ele>
        <time>2022-01-02T09:20:36.000Z</time>
    </trkpt>
    <trkpt lat="42.117004" lon="2.579652">
        <ele>961.5</ele>
        <time>2022-01-02T09:20:40.000Z</time>
    </trkpt>
    <trkpt lat="42.116939" lon="2.579651">
        <ele>962.6</ele>
        <time>2022-01-02T09:20:48.000Z</time>
    </trkpt>
    <trkpt lat="42.116893" lon="2.579648">
        <ele>963.6</ele>
        <time>2022-01-02T09:20:54.000Z</time>
    </trkpt>
    <trkpt lat="42.116847" lon="2.579621">
        <ele>964.3</ele>
        <time>2022-01-02T09:21:00.000Z</time>
    </trkpt>
    <trkpt lat="42.116806" lon="2.57959">
        <ele>964.7</ele>
        <time>2022-01-02T09:21:10.000Z</time>
    </trkpt>
    <trkpt lat="42.116765" lon="2.579539">
        <ele>964.8</ele>
        <time>2022-01-02T09:22:29.000Z</time>
    </trkpt>
    <trkpt lat="42.11669" lon="2.579536">
        <ele>966.7</ele>
        <time>2022-01-02T09:22:43.000Z</time>
    </trkpt>
    <trkpt lat="42.116639" lon="2.579532">
        <ele>968.0</ele>
        <time>2022-01-02T09:22:48.000Z</time>
    </trkpt>
    <trkpt lat="42.116584" lon="2.579529">
        <ele>969.2</ele>
        <time>2022-01-02T09:22:53.000Z</time>
    </trkpt>
    <trkpt lat="42.116538" lon="2.579511">
        <ele>969.8</ele>
        <time>2022-01-02T09:23:03.000Z</time>
    </trkpt>
    <trkpt lat="42.116483" lon="2.579501">
        <ele>970.8</ele>
        <time>2022-01-02T09:23:07.000Z</time>
    </trkpt>
    <trkpt lat="42.116417" lon="2.579507">
        <ele>972.2</ele>
        <time>2022-01-02T09:23:14.000Z</time>
    </trkpt>
    <trkpt lat="42.116369" lon="2.579509">
        <ele>973.3</ele>
        <time>2022-01-02T09:23:19.000Z</time>
    </trkpt>
    <trkpt lat="42.116314" lon="2.579505">
        <ele>974.3</ele>
        <time>2022-01-02T09:23:27.000Z</time>
    </trkpt>
    <trkpt lat="42.116256" lon="2.579491">
        <ele>975.0</ele>
        <time>2022-01-02T09:23:34.000Z</time>
    </trkpt>
    <trkpt lat="42.116206" lon="2.579467">
        <ele>975.0</ele>
        <time>2022-01-02T09:23:39.000Z</time>
    </trkpt>
    <trkpt lat="42.116154" lon="2.579441">
        <ele>975.1</ele>
        <time>2022-01-02T09:23:43.000Z</time>
    </trkpt>
    <trkpt lat="42.116103" lon="2.579431">
        <ele>975.9</ele>
        <time>2022-01-02T09:23:47.000Z</time>
    </trkpt>
    <trkpt lat="42.116048" lon="2.579424">
        <ele>977.4</ele>
        <time>2022-01-02T09:23:53.000Z</time>
    </trkpt>
    <trkpt lat="42.11599" lon="2.579407">
        <ele>978.8</ele>
        <time>2022-01-02T09:24:00.000Z</time>
    </trkpt>
    <trkpt lat="42.115953" lon="2.579362">
        <ele>979.3</ele>
        <time>2022-01-02T09:24:08.000Z</time>
    </trkpt>
    <trkpt lat="42.115942" lon="2.579302">
        <ele>978.5</ele>
        <time>2022-01-02T09:24:14.000Z</time>
    </trkpt>
    <trkpt lat="42.1159" lon="2.579251">
        <ele>979.3</ele>
        <time>2022-01-02T09:24:18.000Z</time>
    </trkpt>
    <trkpt lat="42.115854" lon="2.579215">
        <ele>980.7</ele>
        <time>2022-01-02T09:24:23.000Z</time>
    </trkpt>
    <trkpt lat="42.115802" lon="2.579193">
        <ele>981.6</ele>
        <time>2022-01-02T09:24:26.000Z</time>
    </trkpt>
    <trkpt lat="42.115742" lon="2.579201">
        <ele>981.9</ele>
        <time>2022-01-02T09:24:30.000Z</time>
    </trkpt>
    <trkpt lat="42.11568" lon="2.579198">
        <ele>982.4</ele>
        <time>2022-01-02T09:24:35.000Z</time>
    </trkpt>
    <trkpt lat="42.115629" lon="2.579217">
        <ele>983.2</ele>
        <time>2022-01-02T09:24:39.000Z</time>
    </trkpt>
    <trkpt lat="42.115584" lon="2.579239">
        <ele>984.2</ele>
        <time>2022-01-02T09:24:43.000Z</time>
    </trkpt>
    <trkpt lat="42.115544" lon="2.579273">
        <ele>985.4</ele>
        <time>2022-01-02T09:24:47.000Z</time>
    </trkpt>
    <trkpt lat="42.115488" lon="2.579296">
        <ele>985.9</ele>
        <time>2022-01-02T09:24:54.000Z</time>
    </trkpt>
    <trkpt lat="42.115443" lon="2.579313">
        <ele>986.3</ele>
        <time>2022-01-02T09:24:58.000Z</time>
    </trkpt>
    <trkpt lat="42.115394" lon="2.579328">
        <ele>986.7</ele>
        <time>2022-01-02T09:25:02.000Z</time>
    </trkpt>
    <trkpt lat="42.11534" lon="2.579334">
        <ele>986.7</ele>
        <time>2022-01-02T09:25:06.000Z</time>
    </trkpt>
    <trkpt lat="42.11529" lon="2.579347">
        <ele>987.0</ele>
        <time>2022-01-02T09:25:11.000Z</time>
    </trkpt>
    <trkpt lat="42.115239" lon="2.579403">
        <ele>988.8</ele>
        <time>2022-01-02T09:25:20.000Z</time>
    </trkpt>
    <trkpt lat="42.115193" lon="2.579405">
        <ele>989.1</ele>
        <time>2022-01-02T09:25:24.000Z</time>
    </trkpt>
    <trkpt lat="42.115143" lon="2.579393">
        <ele>989.0</ele>
        <time>2022-01-02T09:25:26.000Z</time>
    </trkpt>
    <trkpt lat="42.115091" lon="2.579393">
        <ele>989.4</ele>
        <time>2022-01-02T09:25:30.000Z</time>
    </trkpt>
    <trkpt lat="42.115041" lon="2.579371">
        <ele>989.0</ele>
        <time>2022-01-02T09:25:37.000Z</time>
    </trkpt>
    <trkpt lat="42.115002" lon="2.579331">
        <ele>988.1</ele>
        <time>2022-01-02T09:25:42.000Z</time>
    </trkpt>
    <trkpt lat="42.114933" lon="2.579321">
        <ele>989.7</ele>
        <time>2022-01-02T09:25:51.000Z</time>
    </trkpt>
    <trkpt lat="42.114882" lon="2.579321">
        <ele>991.0</ele>
        <time>2022-01-02T09:25:58.000Z</time>
    </trkpt>
    <trkpt lat="42.114834" lon="2.579327">
        <ele>992.5</ele>
        <time>2022-01-02T09:26:04.000Z</time>
    </trkpt>
    <trkpt lat="42.114781" lon="2.579348">
        <ele>994.1</ele>
        <time>2022-01-02T09:26:10.000Z</time>
    </trkpt>
    <trkpt lat="42.114721" lon="2.579372">
        <ele>996.1</ele>
        <time>2022-01-02T09:26:27.000Z</time>
    </trkpt>
    <trkpt lat="42.114675" lon="2.579389">
        <ele>1001.0</ele>
        <time>2022-01-02T09:26:44.729Z</time>
    </trkpt>
    <trkpt lat="42.114601" lon="2.579383">
        <ele>1000.3</ele>
        <time>2022-01-02T09:27:12.285Z</time>
        <extensions>
        <gpxtpx:TrackPointExtension>
        <gpxtpx:Extensions>
            <surface>ground</surface>
        </gpxtpx:Extensions>
        </gpxtpx:TrackPointExtension>
        </extensions>
    </trkpt>
    <trkpt lat="42.114576" lon="2.579303">
        <ele>1000.0</ele>
        <time>2022-01-02T09:27:36.221Z</time>
        <extensions>
        <gpxtpx:TrackPointExtension>
        <gpxtpx:Extensions>
            <surface>ground</surface>
        </gpxtpx:Extensions>
        </gpxtpx:TrackPointExtension>
        </extensions>
    </trkpt>
    <trkpt lat="42.114572" lon="2.579275">
        <ele>1000.3</ele>
        <time>2022-01-02T09:27:44.083Z</time>
        <extensions>
        <gpxtpx:TrackPointExtension>
        <gpxtpx:Extensions>
            <surface>ground</surface>
        </gpxtpx:Extensions>
        </gpxtpx:TrackPointExtension>
        </extensions>
    </trkpt>
    <trkpt lat="42.114606" lon="2.579209">
        <ele>994.8</ele>
        <time>2022-01-02T09:28:06.239Z</time>
    </trkpt>
    <trkpt lat="42.11461" lon="2.579131">
        <ele>995.1</ele>
        <time>2022-01-02T09:28:13.239Z</time>
    </trkpt>
    <trkpt lat="42.114605" lon="2.579058">
        <ele>995.9</ele>
        <time>2022-01-02T09:28:18.239Z</time>
    </trkpt>
    <trkpt lat="42.114578" lon="2.579004">
        <ele>997.3</ele>
        <time>2022-01-02T09:28:24.239Z</time>
    </trkpt>
    <trkpt lat="42.114559" lon="2.578933">
        <ele>998.8</ele>
        <time>2022-01-02T09:28:30.239Z</time>
    </trkpt>
    <trkpt lat="42.114546" lon="2.578873">
        <ele>1000.2</ele>
        <time>2022-01-02T09:28:36.239Z</time>
    </trkpt>
    <trkpt lat="42.114542" lon="2.578809">
        <ele>1001.8</ele>
        <time>2022-01-02T09:28:44.239Z</time>
    </trkpt>
    <trkpt lat="42.114558" lon="2.578749">
        <ele>1002.7</ele>
        <time>2022-01-02T09:28:49.239Z</time>
    </trkpt>
    <trkpt lat="42.114576" lon="2.57869">
        <ele>1003.5</ele>
        <time>2022-01-02T09:28:54.239Z</time>
    </trkpt>
    <trkpt lat="42.114587" lon="2.578619">
        <ele>1004.7</ele>
        <time>2022-01-02T09:29:01.239Z</time>
    </trkpt>
    <trkpt lat="42.114603" lon="2.578552">
        <ele>1005.3</ele>
        <time>2022-01-02T09:29:05.239Z</time>
    </trkpt>
    <trkpt lat="42.114634" lon="2.578465">
        <ele>1005.6</ele>
        <time>2022-01-02T09:29:14.239Z</time>
    </trkpt>
    <trkpt lat="42.114659" lon="2.578398">
        <ele>1005.7</ele>
        <time>2022-01-02T09:29:18.239Z</time>
    </trkpt>
    <trkpt lat="42.114662" lon="2.578333">
        <ele>1006.6</ele>
        <time>2022-01-02T09:29:23.239Z</time>
    </trkpt>
    <trkpt lat="42.114657" lon="2.578269">
        <ele>1007.6</ele>
        <time>2022-01-02T09:29:28.239Z</time>
    </trkpt>
    <trkpt lat="42.11464" lon="2.578201">
        <ele>1008.9</ele>
        <time>2022-01-02T09:29:32.239Z</time>
    </trkpt>
    <trkpt lat="42.114643" lon="2.578133">
        <ele>1009.5</ele>
        <time>2022-01-02T09:29:37.239Z</time>
    </trkpt>
    <trkpt lat="42.114641" lon="2.578057">
        <ele>1010.3</ele>
        <time>2022-01-02T09:29:42.239Z</time>
    </trkpt>
    <trkpt lat="42.114647" lon="2.577937">
        <ele>1009.8</ele>
        <time>2022-01-02T09:29:50.239Z</time>
    </trkpt>
    <trkpt lat="42.114635" lon="2.577878">
        <ele>1010.0</ele>
        <time>2022-01-02T09:29:59.239Z</time>
    </trkpt>
    <trkpt lat="42.114575" lon="2.577884">
        <ele>1005.8</ele>
        <time>2022-01-02T09:30:50.509Z</time>
    </trkpt>
    <trkpt lat="42.114589" lon="2.57786">
        <ele>1005.5</ele>
        <time>2022-01-02T09:31:09.809Z</time>
    </trkpt>
    <trkpt lat="42.114573" lon="2.577802">
        <ele>1010.9</ele>
        <time>2022-01-02T09:31:48.926Z</time>
    </trkpt>
    <trkpt lat="42.114614" lon="2.577755">
        <ele>1009.6</ele>
        <time>2022-01-02T09:32:40.926Z</time>
    </trkpt>
    <trkpt lat="42.114664" lon="2.577729">
        <ele>1008.6</ele>
        <time>2022-01-02T09:32:47.926Z</time>
    </trkpt>
    <trkpt lat="42.114714" lon="2.577742">
        <ele>1008.1</ele>
        <time>2022-01-02T09:37:23.926Z</time>
    </trkpt>
    <trkpt lat="42.11476" lon="2.577788">
        <ele>1006.1</ele>
        <time>2022-01-02T09:39:38.926Z</time>
    </trkpt>
    <trkpt lat="42.114759" lon="2.577857">
        <ele>1005.8</ele>
        <time>2022-01-02T09:39:45.926Z</time>
    </trkpt>
    <trkpt lat="42.114773" lon="2.577921">
        <ele>1004.8</ele>
        <time>2022-01-02T09:39:55.926Z</time>
    </trkpt>
    <trkpt lat="42.114747" lon="2.577983">
        <ele>1006.0</ele>
        <time>2022-01-02T09:40:02.926Z</time>
    </trkpt>
    <trkpt lat="42.114744" lon="2.578088">
        <ele>1005.5</ele>
        <time>2022-01-02T09:40:10.926Z</time>
    </trkpt>
    <trkpt lat="42.114744" lon="2.57816">
        <ele>1004.6</ele>
        <time>2022-01-02T09:40:15.926Z</time>
    </trkpt>
    <trkpt lat="42.114748" lon="2.578252">
        <ele>1003.4</ele>
        <time>2022-01-02T09:40:24.926Z</time>
    </trkpt>
    <trkpt lat="42.114724" lon="2.578311">
        <ele>1004.1</ele>
        <time>2022-01-02T09:40:29.926Z</time>
    </trkpt>
    <trkpt lat="42.114702" lon="2.578389">
        <ele>1004.0</ele>
        <time>2022-01-02T09:40:38.926Z</time>
    </trkpt>
    <trkpt lat="42.114686" lon="2.578447">
        <ele>1003.9</ele>
        <time>2022-01-02T09:40:41.926Z</time>
    </trkpt>
    <trkpt lat="42.11467" lon="2.578514">
        <ele>1003.4</ele>
        <time>2022-01-02T09:40:46.926Z</time>
    </trkpt>
    <trkpt lat="42.114661" lon="2.578576">
        <ele>1002.8</ele>
        <time>2022-01-02T09:40:51.926Z</time>
    </trkpt>
    <trkpt lat="42.114648" lon="2.578635">
        <ele>1002.2</ele>
        <time>2022-01-02T09:40:57.926Z</time>
    </trkpt>
    <trkpt lat="42.114638" lon="2.578714">
        <ele>1000.8</ele>
        <time>2022-01-02T09:41:04.926Z</time>
    </trkpt>
    <trkpt lat="42.114636" lon="2.57878">
        <ele>999.4</ele>
        <time>2022-01-02T09:41:11.926Z</time>
    </trkpt>
    <trkpt lat="42.114628" lon="2.578844">
        <ele>998.2</ele>
        <time>2022-01-02T09:41:16.926Z</time>
    </trkpt>
    <trkpt lat="42.114621" lon="2.57891">
        <ele>997.1</ele>
        <time>2022-01-02T09:41:22.926Z</time>
    </trkpt>
    <trkpt lat="42.114635" lon="2.579">
        <ele>995.8</ele>
        <time>2022-01-02T09:41:32.926Z</time>
    </trkpt>
    <trkpt lat="42.114652" lon="2.579063">
        <ele>995.0</ele>
        <time>2022-01-02T09:41:37.926Z</time>
    </trkpt>
    <trkpt lat="42.114676" lon="2.579116">
        <ele>994.0</ele>
        <time>2022-01-02T09:41:41.926Z</time>
    </trkpt>
    <trkpt lat="42.114689" lon="2.579186">
        <ele>993.7</ele>
        <time>2022-01-02T09:41:46.926Z</time>
    </trkpt>
    <trkpt lat="42.114713" lon="2.579265">
        <ele>994.6</ele>
        <time>2022-01-02T09:41:52.926Z</time>
    </trkpt>
    <trkpt lat="42.114725" lon="2.579325">
        <ele>995.2</ele>
        <time>2022-01-02T09:41:57.926Z</time>
    </trkpt>
    <trkpt lat="42.114737" lon="2.579407">
        <ele>996.1</ele>
        <time>2022-01-02T09:42:05.926Z</time>
    </trkpt>
    <trkpt lat="42.114762" lon="2.57947">
        <ele>996.7</ele>
        <time>2022-01-02T09:42:10.926Z</time>
    </trkpt>
    <trkpt lat="42.11478" lon="2.579536">
        <ele>997.8</ele>
        <time>2022-01-02T09:42:22.926Z</time>
    </trkpt>
    <trkpt lat="42.114797" lon="2.579594">
        <ele>998.8</ele>
        <time>2022-01-02T09:42:29.926Z</time>
    </trkpt>
    <trkpt lat="42.114826" lon="2.579643">
        <ele>999.4</ele>
        <time>2022-01-02T09:42:35.926Z</time>
    </trkpt>
    <trkpt lat="42.11486" lon="2.579688">
        <ele>1000.1</ele>
        <time>2022-01-02T09:42:41.926Z</time>
    </trkpt>
    <trkpt lat="42.114886" lon="2.579743">
        <ele>1001.3</ele>
        <time>2022-01-02T09:42:48.926Z</time>
    </trkpt>
    <trkpt lat="42.114906" lon="2.579799">
        <ele>1002.7</ele>
        <time>2022-01-02T09:42:55.926Z</time>
    </trkpt>
    <trkpt lat="42.114921" lon="2.579857">
        <ele>1004.3</ele>
        <time>2022-01-02T09:43:06.926Z</time>
    </trkpt>
    <trkpt lat="42.114949" lon="2.579906">
        <ele>1005.7</ele>
        <time>2022-01-02T09:43:12.926Z</time>
    </trkpt>
    <trkpt lat="42.114977" lon="2.579974">
        <ele>1007.9</ele>
        <time>2022-01-02T09:43:19.926Z</time>
    </trkpt>
    <trkpt lat="42.115008" lon="2.580022">
        <ele>1009.1</ele>
        <time>2022-01-02T09:43:24.926Z</time>
    </trkpt>
    <trkpt lat="42.115049" lon="2.580068">
        <ele>1009.5</ele>
        <time>2022-01-02T09:43:40.926Z</time>
    </trkpt>
    <trkpt lat="42.115087" lon="2.580118">
        <ele>1010.3</ele>
        <time>2022-01-02T09:43:47.926Z</time>
    </trkpt>
    <trkpt lat="42.11511" lon="2.58017">
        <ele>1011.2</ele>
        <time>2022-01-02T09:43:55.926Z</time>
    </trkpt>
    <trkpt lat="42.115154" lon="2.580196">
        <ele>1012.2</ele>
        <time>2022-01-02T09:44:00.926Z</time>
    </trkpt>
    <trkpt lat="42.1152" lon="2.580219">
        <ele>1013.3</ele>
        <time>2022-01-02T09:44:05.926Z</time>
    </trkpt>
    <trkpt lat="42.115244" lon="2.580246">
        <ele>1014.6</ele>
        <time>2022-01-02T09:44:10.926Z</time>
    </trkpt>
    <trkpt lat="42.11527" lon="2.580315">
        <ele>1015.6</ele>
        <time>2022-01-02T09:44:18.926Z</time>
    </trkpt>
    <trkpt lat="42.115314" lon="2.580357">
        <ele>1014.6</ele>
        <time>2022-01-02T09:44:24.926Z</time>
    </trkpt>
    <trkpt lat="42.115355" lon="2.580395">
        <ele>1013.5</ele>
        <time>2022-01-02T09:44:29.926Z</time>
    </trkpt>
    <trkpt lat="42.115382" lon="2.580449">
        <ele>1013.0</ele>
        <time>2022-01-02T09:44:34.926Z</time>
    </trkpt>
    <trkpt lat="42.115391" lon="2.580509">
        <ele>1012.8</ele>
        <time>2022-01-02T09:44:41.926Z</time>
    </trkpt>
    <trkpt lat="42.115396" lon="2.580587">
        <ele>1012.3</ele>
        <time>2022-01-02T09:44:50.926Z</time>
    </trkpt>
    <trkpt lat="42.115357" lon="2.580675">
        <ele>1011.4</ele>
        <time>2022-01-02T09:45:05.926Z</time>
    </trkpt>
    <trkpt lat="42.115325" lon="2.580727">
        <ele>1011.3</ele>
        <time>2022-01-02T09:45:14.926Z</time>
    </trkpt>
    <trkpt lat="42.115295" lon="2.580781">
        <ele>1011.3</ele>
        <time>2022-01-02T09:45:26.926Z</time>
    </trkpt>
    <trkpt lat="42.115265" lon="2.580831">
        <ele>1010.8</ele>
        <time>2022-01-02T09:45:50.926Z</time>
    </trkpt>
    <trkpt lat="42.115234" lon="2.580881">
        <ele>1008.6</ele>
        <time>2022-01-02T09:46:00.926Z</time>
    </trkpt>
    <trkpt lat="42.115194" lon="2.580916">
        <ele>1007.3</ele>
        <time>2022-01-02T09:46:10.926Z</time>
    </trkpt>
    <trkpt lat="42.115191" lon="2.580998">
        <ele>1005.2</ele>
        <time>2022-01-02T09:46:26.926Z</time>
    </trkpt>
    <trkpt lat="42.115141" lon="2.581036">
        <ele>1006.0</ele>
        <time>2022-01-02T09:46:52.926Z</time>
    </trkpt>
    <trkpt lat="42.115102" lon="2.581067">
        <ele>1007.0</ele>
        <time>2022-01-02T09:47:11.926Z</time>
    </trkpt>
    <trkpt lat="42.115057" lon="2.581108">
        <ele>1009.1</ele>
        <time>2022-01-02T09:47:19.926Z</time>
    </trkpt>
    <trkpt lat="42.115023" lon="2.581157">
        <ele>1012.5</ele>
        <time>2022-01-02T09:47:27.926Z</time>
    </trkpt>
    <trkpt lat="42.115004" lon="2.581216">
        <ele>1007.5</ele>
        <time>2022-01-02T09:47:35.561Z</time>
        <extensions>
        <gpxtpx:TrackPointExtension>
        <gpxtpx:Extensions>
            <surface>ground</surface>
        </gpxtpx:Extensions>
        </gpxtpx:TrackPointExtension>
        </extensions>
    </trkpt>
    <trkpt lat="42.114983" lon="2.581268">
        <ele>1007.5</ele>
        <time>2022-01-02T09:47:42.589Z</time>
        <extensions>
        <gpxtpx:TrackPointExtension>
        <gpxtpx:Extensions>
            <surface>ground</surface>
        </gpxtpx:Extensions>
        </gpxtpx:TrackPointExtension>
        </extensions>
    </trkpt>
    <trkpt lat="42.114975" lon="2.581326">
        <ele>1006.8</ele>
        <time>2022-01-02T09:47:49.592Z</time>
        <extensions>
        <gpxtpx:TrackPointExtension>
        <gpxtpx:Extensions>
            <surface>ground</surface>
        </gpxtpx:Extensions>
        </gpxtpx:TrackPointExtension>
        </extensions>
    </trkpt>
    <trkpt lat="42.114973" lon="2.58141">
        <ele>1006.0</ele>
        <time>2022-01-02T09:47:59.569Z</time>
        <extensions>
        <gpxtpx:TrackPointExtension>
        <gpxtpx:Extensions>
            <surface>ground</surface>
        </gpxtpx:Extensions>
        </gpxtpx:TrackPointExtension>
        </extensions>
    </trkpt>
    <trkpt lat="42.114986" lon="2.581484">
        <ele>1005.5</ele>
        <time>2022-01-02T09:48:08.596Z</time>
        <extensions>
        <gpxtpx:TrackPointExtension>
        <gpxtpx:Extensions>
            <surface>ground</surface>
        </gpxtpx:Extensions>
        </gpxtpx:TrackPointExtension>
        </extensions>
    </trkpt>
    <trkpt lat="42.115024" lon="2.581587">
        <ele>1003.0</ele>
        <time>2022-01-02T09:48:22.252Z</time>
        <extensions>
        <gpxtpx:TrackPointExtension>
        <gpxtpx:Extensions>
            <surface>ground</surface>
        </gpxtpx:Extensions>
        </gpxtpx:TrackPointExtension>
        </extensions>
    </trkpt>
    <trkpt lat="42.115007" lon="2.581596">
        <ele>1004.3</ele>
        <time>2022-01-02T09:48:25.174Z</time>
        <extensions>
        <gpxtpx:TrackPointExtension>
        <gpxtpx:Extensions>
            <surface>ground</surface>
        </gpxtpx:Extensions>
        </gpxtpx:TrackPointExtension>
        </extensions>
    </trkpt>
    <trkpt lat="42.114928" lon="2.581639">
        <ele>1004.3</ele>
        <time>2022-01-02T09:48:38.808Z</time>
        <extensions>
        <gpxtpx:TrackPointExtension>
        <gpxtpx:Extensions>
            <surface>ground</surface>
        </gpxtpx:Extensions>
        </gpxtpx:TrackPointExtension>
        </extensions>
    </trkpt>
    <trkpt lat="42.114889" lon="2.581682">
        <ele>1001.3</ele>
        <time>2022-01-02T09:48:46.871Z</time>
        <extensions>
        <gpxtpx:TrackPointExtension>
        <gpxtpx:Extensions>
            <surface>ground</surface>
        </gpxtpx:Extensions>
        </gpxtpx:TrackPointExtension>
        </extensions>
    </trkpt>
    <trkpt lat="42.11486" lon="2.581731">
        <ele>1012.9</ele>
        <time>2022-01-02T09:48:54.312Z</time>
    </trkpt>
    <trkpt lat="42.114833" lon="2.581781">
        <ele>1013.2</ele>
        <time>2022-01-02T09:49:01.312Z</time>
    </trkpt>
    <trkpt lat="42.114788" lon="2.581807">
        <ele>1016.3</ele>
        <time>2022-01-02T09:49:05.312Z</time>
    </trkpt>
    <trkpt lat="42.114757" lon="2.581858">
        <ele>1018.2</ele>
        <time>2022-01-02T09:49:13.312Z</time>
    </trkpt>
    <trkpt lat="42.114711" lon="2.581916">
        <ele>1021.3</ele>
        <time>2022-01-02T09:49:23.312Z</time>
    </trkpt>
    <trkpt lat="42.114682" lon="2.581998">
        <ele>1019.4</ele>
        <time>2022-01-02T09:49:36.312Z</time>
    </trkpt>
    <trkpt lat="42.114676" lon="2.58206">
        <ele>1017.4</ele>
        <time>2022-01-02T09:49:44.312Z</time>
    </trkpt>
    <trkpt lat="42.114661" lon="2.582122">
        <ele>1015.6</ele>
        <time>2022-01-02T09:49:48.312Z</time>
    </trkpt>
    <trkpt lat="42.114645" lon="2.582202">
        <ele>1013.5</ele>
        <time>2022-01-02T09:49:58.312Z</time>
    </trkpt>
    <trkpt lat="42.114633" lon="2.582265">
        <ele>1011.4</ele>
        <time>2022-01-02T09:50:03.312Z</time>
    </trkpt>
    <trkpt lat="42.114648" lon="2.582326">
        <ele>1008.3</ele>
        <time>2022-01-02T09:50:10.312Z</time>
    </trkpt>
    <trkpt lat="42.114648" lon="2.582387">
        <ele>1005.7</ele>
        <time>2022-01-02T09:50:16.312Z</time>
    </trkpt>
    <trkpt lat="42.114602" lon="2.582413">
        <ele>1006.5</ele>
        <time>2022-01-02T09:50:30.312Z</time>
    </trkpt>
    <trkpt lat="42.114561" lon="2.582442">
        <ele>1007.3</ele>
        <time>2022-01-02T09:50:47.312Z</time>
    </trkpt>
    <trkpt lat="42.114516" lon="2.582417">
        <ele>1010.1</ele>
        <time>2022-01-02T09:50:54.312Z</time>
    </trkpt>
    <trkpt lat="42.114475" lon="2.582391">
        <ele>1012.6</ele>
        <time>2022-01-02T09:51:00.312Z</time>
    </trkpt>
    <trkpt lat="42.114453" lon="2.582458">
        <ele>1011.8</ele>
        <time>2022-01-02T09:51:18.312Z</time>
    </trkpt>
    <trkpt lat="42.114463" lon="2.582522">
        <ele>1008.9</ele>
        <time>2022-01-02T09:51:23.312Z</time>
    </trkpt>
    <trkpt lat="42.114469" lon="2.582582">
        <ele>1005.2</ele>
        <time>2022-01-02T09:51:28.312Z</time>
    </trkpt>
    <trkpt lat="42.114471" lon="2.582651">
        <ele>1001.2</ele>
        <time>2022-01-02T09:51:33.312Z</time>
    </trkpt>
    <trkpt lat="42.114472" lon="2.582713">
        <ele>997.5</ele>
        <time>2022-01-02T09:51:39.312Z</time>
    </trkpt>
    <trkpt lat="42.114442" lon="2.582795">
        <ele>995.3</ele>
        <time>2022-01-02T09:51:52.312Z</time>
    </trkpt>
    <trkpt lat="42.114422" lon="2.582853">
        <ele>990.1</ele>
        <time>2022-01-02T09:51:59.312Z</time>
    </trkpt>
    <trkpt lat="42.114403" lon="2.582914">
        <ele>985.3</ele>
        <time>2022-01-02T09:52:07.312Z</time>
    </trkpt>
    <trkpt lat="42.114363" lon="2.582963">
        <ele>983.2</ele>
        <time>2022-01-02T09:52:20.312Z</time>
    </trkpt>
    <trkpt lat="42.114322" lon="2.582998">
        <ele>983.3</ele>
        <time>2022-01-02T09:52:34.312Z</time>
    </trkpt>
    <trkpt lat="42.114284" lon="2.583045">
        <ele>983.2</ele>
        <time>2022-01-02T09:52:57.312Z</time>
    </trkpt>
    <trkpt lat="42.114293" lon="2.583116">
        <ele>977.3</ele>
        <time>2022-01-02T09:53:16.312Z</time>
    </trkpt>
    <trkpt lat="42.11429" lon="2.583181">
        <ele>972.4</ele>
        <time>2022-01-02T09:53:25.312Z</time>
    </trkpt>
    <trkpt lat="42.114247" lon="2.583218">
        <ele>975.6</ele>
        <time>2022-01-02T09:53:41.312Z</time>
    </trkpt>
    <trkpt lat="42.114221" lon="2.583268">
        <ele>976.6</ele>
        <time>2022-01-02T09:53:51.312Z</time>
    </trkpt>
    <trkpt lat="42.114185" lon="2.583312">
        <ele>980.5</ele>
        <time>2022-01-02T09:54:00.312Z</time>
    </trkpt>
    <trkpt lat="42.114165" lon="2.583371">
        <ele>980.1</ele>
        <time>2022-01-02T09:54:06.312Z</time>
    </trkpt>
    <trkpt lat="42.114164" lon="2.583438">
        <ele>974.8</ele>
        <time>2022-01-02T09:54:12.312Z</time>
    </trkpt>
    <trkpt lat="42.114153" lon="2.583503">
        <ele>969.9</ele>
        <time>2022-01-02T09:54:26.312Z</time>
    </trkpt>
    <trkpt lat="42.114112" lon="2.583532">
        <ele>968.6</ele>
        <time>2022-01-02T09:54:38.312Z</time>
    </trkpt>
    <trkpt lat="42.114052" lon="2.583529">
        <ele>970.3</ele>
        <time>2022-01-02T09:54:49.312Z</time>
    </trkpt>
    <trkpt lat="42.114014" lon="2.583563">
        <ele>969.7</ele>
        <time>2022-01-02T09:55:01.312Z</time>
    </trkpt>
    <trkpt lat="42.113962" lon="2.583552">
        <ele>971.8</ele>
        <time>2022-01-02T09:55:10.312Z</time>
    </trkpt>
    <trkpt lat="42.113918" lon="2.58358">
        <ele>972.4</ele>
        <time>2022-01-02T09:55:20.312Z</time>
    </trkpt>
    <trkpt lat="42.113846" lon="2.58358">
        <ele>972.6</ele>
        <time>2022-01-02T09:55:29.312Z</time>
    </trkpt>
    <trkpt lat="42.113787" lon="2.583608">
        <ele>970.6</ele>
        <time>2022-01-02T09:55:36.312Z</time>
    </trkpt>
    <trkpt lat="42.113751" lon="2.583654">
        <ele>968.2</ele>
        <time>2022-01-02T09:55:42.312Z</time>
    </trkpt>
    <trkpt lat="42.113715" lon="2.5837">
        <ele>965.9</ele>
        <time>2022-01-02T09:55:51.312Z</time>
    </trkpt>
    <trkpt lat="42.113705" lon="2.583761">
        <ele>963.8</ele>
        <time>2022-01-02T09:55:56.312Z</time>
    </trkpt>
    <trkpt lat="42.113657" lon="2.583771">
        <ele>962.8</ele>
        <time>2022-01-02T09:56:10.312Z</time>
    </trkpt>
    <trkpt lat="42.113622" lon="2.583847">
        <ele>960.2</ele>
        <time>2022-01-02T09:56:19.312Z</time>
    </trkpt>
    <trkpt lat="42.113616" lon="2.583909">
        <ele>958.7</ele>
        <time>2022-01-02T09:56:24.312Z</time>
    </trkpt>
    <trkpt lat="42.113586" lon="2.583969">
        <ele>957.6</ele>
        <time>2022-01-02T09:56:32.312Z</time>
    </trkpt>
    <trkpt lat="42.113531" lon="2.584023">
        <ele>955.9</ele>
        <time>2022-01-02T09:56:42.312Z</time>
    </trkpt>
    <trkpt lat="42.113484" lon="2.584058">
        <ele>954.3</ele>
        <time>2022-01-02T09:57:03.312Z</time>
    </trkpt>
    <trkpt lat="42.113465" lon="2.584117">
        <ele>952.2</ele>
        <time>2022-01-02T09:57:14.312Z</time>
    </trkpt>
    <trkpt lat="42.113432" lon="2.584165">
        <ele>950.0</ele>
        <time>2022-01-02T09:57:22.312Z</time>
    </trkpt>
    <trkpt lat="42.113457" lon="2.584232">
        <ele>948.9</ele>
        <time>2022-01-02T09:57:29.312Z</time>
    </trkpt>
    <trkpt lat="42.11349" lon="2.584293">
        <ele>948.4</ele>
        <time>2022-01-02T09:57:40.312Z</time>
    </trkpt>
    <trkpt lat="42.113472" lon="2.584351">
        <ele>946.3</ele>
        <time>2022-01-02T09:57:44.312Z</time>
    </trkpt>
    <trkpt lat="42.113424" lon="2.584342">
        <ele>944.9</ele>
        <time>2022-01-02T09:57:53.312Z</time>
    </trkpt>
    <trkpt lat="42.113387" lon="2.584387">
        <ele>942.1</ele>
        <time>2022-01-02T09:58:03.312Z</time>
    </trkpt>
    <trkpt lat="42.113367" lon="2.584444">
        <ele>939.6</ele>
        <time>2022-01-02T09:58:08.312Z</time>
    </trkpt>
    <trkpt lat="42.11331" lon="2.584489">
        <ele>936.5</ele>
        <time>2022-01-02T09:58:18.312Z</time>
    </trkpt>
    <trkpt lat="42.113314" lon="2.584555">
        <ele>933.6</ele>
        <time>2022-01-02T09:58:26.312Z</time>
    </trkpt>
    <trkpt lat="42.113311" lon="2.584618">
        <ele>931.1</ele>
        <time>2022-01-02T09:58:34.312Z</time>
    </trkpt>
    <trkpt lat="42.11327" lon="2.584659">
        <ele>930.3</ele>
        <time>2022-01-02T09:58:42.312Z</time>
    </trkpt>
    <trkpt lat="42.113247" lon="2.584734">
        <ele>927.8</ele>
        <time>2022-01-02T09:58:54.312Z</time>
    </trkpt>
    <trkpt lat="42.113273" lon="2.584785">
        <ele>925.0</ele>
        <time>2022-01-02T09:59:13.312Z</time>
    </trkpt>
    <trkpt lat="42.11331" lon="2.584836">
        <ele>921.8</ele>
        <time>2022-01-02T09:59:18.312Z</time>
    </trkpt>
    <trkpt lat="42.113329" lon="2.584897">
        <ele>918.6</ele>
        <time>2022-01-02T09:59:24.312Z</time>
    </trkpt>
    <trkpt lat="42.113371" lon="2.58494">
        <ele>917.4</ele>
        <time>2022-01-02T09:59:29.312Z</time>
    </trkpt>
    <trkpt lat="42.113365" lon="2.585001">
        <ele>914.6</ele>
        <time>2022-01-02T09:59:38.312Z</time>
    </trkpt>
    <trkpt lat="42.113401" lon="2.585046">
        <ele>913.7</ele>
        <time>2022-01-02T09:59:42.312Z</time>
    </trkpt>
    <trkpt lat="42.113445" lon="2.585085">
        <ele>913.2</ele>
        <time>2022-01-02T09:59:48.312Z</time>
    </trkpt>
    <trkpt lat="42.113466" lon="2.585153">
        <ele>911.2</ele>
        <time>2022-01-02T09:59:55.312Z</time>
    </trkpt>
    <trkpt lat="42.113504" lon="2.585196">
        <ele>910.3</ele>
        <time>2022-01-02T10:00:01.312Z</time>
    </trkpt>
    <trkpt lat="42.113545" lon="2.585234">
        <ele>909.7</ele>
        <time>2022-01-02T10:00:06.312Z</time>
    </trkpt>
    <trkpt lat="42.113582" lon="2.585277">
        <ele>908.7</ele>
        <time>2022-01-02T10:00:10.312Z</time>
    </trkpt>
    <trkpt lat="42.11362" lon="2.585323">
        <ele>907.6</ele>
        <time>2022-01-02T10:00:16.312Z</time>
    </trkpt>
    <trkpt lat="42.113646" lon="2.585374">
        <ele>906.1</ele>
        <time>2022-01-02T10:00:22.312Z</time>
    </trkpt>
    <trkpt lat="42.113688" lon="2.585414">
        <ele>905.1</ele>
        <time>2022-01-02T10:00:26.312Z</time>
    </trkpt>
    <trkpt lat="42.113722" lon="2.585456">
        <ele>904.4</ele>
        <time>2022-01-02T10:00:30.312Z</time>
    </trkpt>
    <trkpt lat="42.113758" lon="2.585498">
        <ele>903.9</ele>
        <time>2022-01-02T10:00:43.312Z</time>
    </trkpt>
    <trkpt lat="42.11378" lon="2.585559">
        <ele>903.0</ele>
        <time>2022-01-02T10:00:49.312Z</time>
    </trkpt>
    <trkpt lat="42.113794" lon="2.585621">
        <ele>902.7</ele>
        <time>2022-01-02T10:00:56.312Z</time>
    </trkpt>
    <trkpt lat="42.113801" lon="2.585682">
        <ele>902.1</ele>
        <time>2022-01-02T10:00:59.312Z</time>
    </trkpt>
    <trkpt lat="42.113809" lon="2.585742">
        <ele>901.8</ele>
        <time>2022-01-02T10:01:04.312Z</time>
    </trkpt>
    <trkpt lat="42.113783" lon="2.585802">
        <ele>900.0</ele>
        <time>2022-01-02T10:01:11.312Z</time>
    </trkpt>
    <trkpt lat="42.113791" lon="2.585863">
        <ele>899.8</ele>
        <time>2022-01-02T10:01:18.312Z</time>
    </trkpt>
    <trkpt lat="42.113795" lon="2.58593">
        <ele>899.5</ele>
        <time>2022-01-02T10:01:23.312Z</time>
    </trkpt>
    <trkpt lat="42.113805" lon="2.585994">
        <ele>899.6</ele>
        <time>2022-01-02T10:01:28.312Z</time>
    </trkpt>
    <trkpt lat="42.113807" lon="2.58606">
        <ele>899.1</ele>
        <time>2022-01-02T10:01:34.312Z</time>
    </trkpt>
    <trkpt lat="42.113809" lon="2.586123">
        <ele>898.6</ele>
        <time>2022-01-02T10:01:39.312Z</time>
    </trkpt>
    <trkpt lat="42.113824" lon="2.586182">
        <ele>898.8</ele>
        <time>2022-01-02T10:01:43.312Z</time>
    </trkpt>
    <trkpt lat="42.113837" lon="2.586241">
        <ele>898.7</ele>
        <time>2022-01-02T10:01:49.312Z</time>
    </trkpt>
    <trkpt lat="42.113832" lon="2.586313">
        <ele>897.2</ele>
        <time>2022-01-02T10:01:53.312Z</time>
    </trkpt>
    <trkpt lat="42.113853" lon="2.586373">
        <ele>897.7</ele>
        <time>2022-01-02T10:01:57.312Z</time>
    </trkpt>
    <trkpt lat="42.113871" lon="2.586445">
        <ele>897.3</ele>
        <time>2022-01-02T10:02:06.312Z</time>
    </trkpt>
    <trkpt lat="42.113902" lon="2.586501">
        <ele>898.2</ele>
        <time>2022-01-02T10:02:18.312Z</time>
    </trkpt>
    <trkpt lat="42.113918" lon="2.586575">
        <ele>897.7</ele>
        <time>2022-01-02T10:02:32.312Z</time>
    </trkpt>
    <trkpt lat="42.113936" lon="2.586637">
        <ele>897.7</ele>
        <time>2022-01-02T10:02:35.312Z</time>
    </trkpt>
    <trkpt lat="42.113944" lon="2.586708">
        <ele>896.7</ele>
        <time>2022-01-02T10:02:42.312Z</time>
    </trkpt>
    <trkpt lat="42.113941" lon="2.586769">
        <ele>895.0</ele>
        <time>2022-01-02T10:02:45.312Z</time>
    </trkpt>
    <trkpt lat="42.113956" lon="2.586829">
        <ele>894.7</ele>
        <time>2022-01-02T10:02:50.312Z</time>
    </trkpt>
    <trkpt lat="42.113962" lon="2.586898">
        <ele>893.4</ele>
        <time>2022-01-02T10:02:55.312Z</time>
    </trkpt>
    <trkpt lat="42.113981" lon="2.586962">
        <ele>893.4</ele>
        <time>2022-01-02T10:02:59.312Z</time>
    </trkpt>
    <trkpt lat="42.113991" lon="2.587045">
        <ele>892.1</ele>
        <time>2022-01-02T10:03:05.312Z</time>
    </trkpt>
    <trkpt lat="42.114027" lon="2.587095">
        <ele>893.4</ele>
        <time>2022-01-02T10:03:17.312Z</time>
    </trkpt>
    <trkpt lat="42.114058" lon="2.587141">
        <ele>894.4</ele>
        <time>2022-01-02T10:03:21.312Z</time>
    </trkpt>
    <trkpt lat="42.114087" lon="2.587198">
        <ele>894.8</ele>
        <time>2022-01-02T10:03:26.312Z</time>
    </trkpt>
    <trkpt lat="42.114097" lon="2.587268">
        <ele>893.5</ele>
        <time>2022-01-02T10:03:30.312Z</time>
    </trkpt>
    <trkpt lat="42.114091" lon="2.587331">
        <ele>891.5</ele>
        <time>2022-01-02T10:03:34.312Z</time>
    </trkpt>
    <trkpt lat="42.1141" lon="2.587398">
        <ele>890.2</ele>
        <time>2022-01-02T10:03:40.312Z</time>
    </trkpt>
    <trkpt lat="42.114124" lon="2.587463">
        <ele>889.5</ele>
        <time>2022-01-02T10:03:45.312Z</time>
    </trkpt>
    <trkpt lat="42.114143" lon="2.58752">
        <ele>888.8</ele>
        <time>2022-01-02T10:03:50.312Z</time>
    </trkpt>
    <trkpt lat="42.114155" lon="2.587579">
        <ele>888.5</ele>
        <time>2022-01-02T10:03:53.312Z</time>
    </trkpt>
    <trkpt lat="42.11418" lon="2.587641">
        <ele>888.5</ele>
        <time>2022-01-02T10:03:57.312Z</time>
    </trkpt>
    <trkpt lat="42.114192" lon="2.587708">
        <ele>887.8</ele>
        <time>2022-01-02T10:04:01.312Z</time>
    </trkpt>
    <trkpt lat="42.114226" lon="2.587779">
        <ele>887.8</ele>
        <time>2022-01-02T10:04:09.312Z</time>
    </trkpt>
    <trkpt lat="42.114263" lon="2.587834">
        <ele>887.9</ele>
        <time>2022-01-02T10:04:13.312Z</time>
    </trkpt>
    <trkpt lat="42.114302" lon="2.587882">
        <ele>888.3</ele>
        <time>2022-01-02T10:04:19.312Z</time>
    </trkpt>
    <trkpt lat="42.114314" lon="2.587945">
        <ele>887.7</ele>
        <time>2022-01-02T10:04:22.312Z</time>
    </trkpt>
    <trkpt lat="42.114319" lon="2.588027">
        <ele>886.4</ele>
        <time>2022-01-02T10:04:26.312Z</time>
    </trkpt>
    <trkpt lat="42.11431" lon="2.588095">
        <ele>884.7</ele>
        <time>2022-01-02T10:04:30.312Z</time>
    </trkpt>
    <trkpt lat="42.114312" lon="2.588162">
        <ele>883.4</ele>
        <time>2022-01-02T10:04:34.312Z</time>
    </trkpt>
    <trkpt lat="42.114344" lon="2.588212">
        <ele>883.7</ele>
        <time>2022-01-02T10:04:39.312Z</time>
    </trkpt>
    <trkpt lat="42.114359" lon="2.588271">
        <ele>883.2</ele>
        <time>2022-01-02T10:04:44.312Z</time>
    </trkpt>
    <trkpt lat="42.114374" lon="2.588337">
        <ele>882.9</ele>
        <time>2022-01-02T10:04:48.312Z</time>
    </trkpt>
    <trkpt lat="42.11438" lon="2.588407">
        <ele>882.6</ele>
        <time>2022-01-02T10:04:53.312Z</time>
    </trkpt>
    <trkpt lat="42.114403" lon="2.588467">
        <ele>883.2</ele>
        <time>2022-01-02T10:04:59.312Z</time>
    </trkpt>
    <trkpt lat="42.1144" lon="2.588541">
        <ele>882.2</ele>
        <time>2022-01-02T10:05:04.312Z</time>
    </trkpt>
    <trkpt lat="42.114402" lon="2.58862">
        <ele>881.3</ele>
        <time>2022-01-02T10:05:08.312Z</time>
    </trkpt>
    <trkpt lat="42.114416" lon="2.588689">
        <ele>880.7</ele>
        <time>2022-01-02T10:05:15.312Z</time>
    </trkpt>
    <trkpt lat="42.114457" lon="2.588723">
        <ele>881.3</ele>
        <time>2022-01-02T10:05:21.312Z</time>
    </trkpt>
    <trkpt lat="42.114469" lon="2.588787">
        <ele>879.2</ele>
        <time>2022-01-02T10:05:28.312Z</time>
    </trkpt>
    <trkpt lat="42.114481" lon="2.588881">
        <ele>876.6</ele>
        <time>2022-01-02T10:05:38.312Z</time>
    </trkpt>
    <trkpt lat="42.114514" lon="2.588935">
        <ele>872.8</ele>
        <time>2022-01-02T10:05:45.312Z</time>
    </trkpt>
    <trkpt lat="42.114529" lon="2.589001">
        <ele>869.4</ele>
        <time>2022-01-02T10:05:52.312Z</time>
    </trkpt>
    <trkpt lat="42.114542" lon="2.589068">
        <ele>866.4</ele>
        <time>2022-01-02T10:05:56.312Z</time>
    </trkpt>
    <trkpt lat="42.114552" lon="2.589132">
        <ele>863.7</ele>
        <time>2022-01-02T10:06:00.312Z</time>
    </trkpt>
    <trkpt lat="42.114562" lon="2.589195">
        <ele>860.5</ele>
        <time>2022-01-02T10:06:07.312Z</time>
    </trkpt>
    <trkpt lat="42.11461" lon="2.589633">
        <ele>843.2</ele>
        <time>2022-01-02T10:12:44.312Z</time>
    </trkpt>
    <trkpt lat="42.114593" lon="2.589702">
        <ele>842.5</ele>
        <time>2022-01-02T10:12:51.312Z</time>
    </trkpt>
    <trkpt lat="42.114562" lon="2.589766">
        <ele>843.0</ele>
        <time>2022-01-02T10:12:57.312Z</time>
    </trkpt>
    <trkpt lat="42.11454" lon="2.589826">
        <ele>843.3</ele>
        <time>2022-01-02T10:13:04.312Z</time>
    </trkpt>
    <trkpt lat="42.114534" lon="2.589889">
        <ele>842.9</ele>
        <time>2022-01-02T10:13:08.312Z</time>
    </trkpt>
    <trkpt lat="42.114532" lon="2.58995">
        <ele>842.5</ele>
        <time>2022-01-02T10:13:16.312Z</time>
    </trkpt>
    <trkpt lat="42.114517" lon="2.590009">
        <ele>842.7</ele>
        <time>2022-01-02T10:13:36.312Z</time>
    </trkpt>
    <trkpt lat="42.114494" lon="2.589953">
        <ele>844.5</ele>
        <time>2022-01-02T10:13:52.312Z</time>
    </trkpt>
    <trkpt lat="42.114468" lon="2.590005">
        <ele>845.7</ele>
        <time>2022-01-02T10:14:38.312Z</time>
    </trkpt>
    <trkpt lat="42.114485" lon="2.590073">
        <ele>844.2</ele>
        <time>2022-01-02T10:14:47.312Z</time>
    </trkpt>
    <trkpt lat="42.114488" lon="2.590141">
        <ele>843.6</ele>
        <time>2022-01-02T10:16:34.312Z</time>
    </trkpt>
    <trkpt lat="42.114456" lon="2.590195">
        <ele>845.5</ele>
        <time>2022-01-02T10:16:38.312Z</time>
    </trkpt>
    <trkpt lat="42.114448" lon="2.590268">
        <ele>845.8</ele>
        <time>2022-01-02T10:16:42.312Z</time>
    </trkpt>
    <trkpt lat="42.114446" lon="2.590332">
        <ele>844.8</ele>
        <time>2022-01-02T10:16:46.312Z</time>
    </trkpt>
    <trkpt lat="42.114412" lon="2.590394">
        <ele>843.7</ele>
        <time>2022-01-02T10:16:50.312Z</time>
    </trkpt>
    <trkpt lat="42.114411" lon="2.590463">
        <ele>842.8</ele>
        <time>2022-01-02T10:16:54.312Z</time>
    </trkpt>
    <trkpt lat="42.114411" lon="2.590537">
        <ele>842.0</ele>
        <time>2022-01-02T10:17:02.312Z</time>
    </trkpt>
    <trkpt lat="42.114437" lon="2.590603">
        <ele>840.2</ele>
        <time>2022-01-02T10:17:08.312Z</time>
    </trkpt>
    <trkpt lat="42.114467" lon="2.590656">
        <ele>837.6</ele>
        <time>2022-01-02T10:17:12.312Z</time>
    </trkpt>
    <trkpt lat="42.114466" lon="2.590727">
        <ele>837.1</ele>
        <time>2022-01-02T10:17:18.312Z</time>
    </trkpt>
    <trkpt lat="42.114477" lon="2.59079">
        <ele>835.8</ele>
        <time>2022-01-02T10:17:26.312Z</time>
    </trkpt>
    <trkpt lat="42.114465" lon="2.590851">
        <ele>836.2</ele>
        <time>2022-01-02T10:17:38.312Z</time>
    </trkpt>
    <trkpt lat="42.114425" lon="2.590883">
        <ele>838.8</ele>
        <time>2022-01-02T10:17:51.312Z</time>
    </trkpt>
    <trkpt lat="42.114386" lon="2.590917">
        <ele>841.2</ele>
        <time>2022-01-02T10:18:01.312Z</time>
    </trkpt>
    <trkpt lat="42.114367" lon="2.590974">
        <ele>841.7</ele>
        <time>2022-01-02T10:18:08.312Z</time>
    </trkpt>
    <trkpt lat="42.114335" lon="2.591023">
        <ele>843.2</ele>
        <time>2022-01-02T10:18:16.312Z</time>
    </trkpt>
    <trkpt lat="42.114294" lon="2.5911">
        <ele>844.5</ele>
        <time>2022-01-02T10:18:26.312Z</time>
    </trkpt>
    <trkpt lat="42.114249" lon="2.591123">
        <ele>847.1</ele>
        <time>2022-01-02T10:18:31.312Z</time>
    </trkpt>
    <trkpt lat="42.114201" lon="2.591118">
        <ele>850.5</ele>
        <time>2022-01-02T10:18:38.312Z</time>
    </trkpt>
    <trkpt lat="42.114152" lon="2.591127">
        <ele>853.1</ele>
        <time>2022-01-02T10:19:14.312Z</time>
    </trkpt>
    <trkpt lat="42.114112" lon="2.591156">
        <ele>853.7</ele>
        <time>2022-01-02T10:19:21.312Z</time>
    </trkpt>
    <trkpt lat="42.114073" lon="2.591197">
        <ele>854.4</ele>
        <time>2022-01-02T10:19:33.312Z</time>
    </trkpt>
    <trkpt lat="42.114035" lon="2.591237">
        <ele>855.5</ele>
        <time>2022-01-02T10:19:43.312Z</time>
    </trkpt>
    <trkpt lat="42.114013" lon="2.591295">
        <ele>856.3</ele>
        <time>2022-01-02T10:19:53.312Z</time>
    </trkpt>
    <trkpt lat="42.113999" lon="2.591358">
        <ele>857.0</ele>
        <time>2022-01-02T10:20:04.312Z</time>
    </trkpt>
    <trkpt lat="42.113964" lon="2.591405">
        <ele>858.9</ele>
        <time>2022-01-02T10:20:17.312Z</time>
    </trkpt>
    <trkpt lat="42.113953" lon="2.591468">
        <ele>858.7</ele>
        <time>2022-01-02T10:20:28.312Z</time>
    </trkpt>
    <trkpt lat="42.113911" lon="2.591497">
        <ele>861.3</ele>
        <time>2022-01-02T10:20:35.312Z</time>
    </trkpt>
    <trkpt lat="42.113902" lon="2.591433">
        <ele>862.6</ele>
        <time>2022-01-02T10:20:46.312Z</time>
    </trkpt>
    <trkpt lat="42.113905" lon="2.591347">
        <ele>862.5</ele>
        <time>2022-01-02T10:20:57.312Z</time>
    </trkpt>
    <trkpt lat="42.113873" lon="2.59139">
        <ele>863.1</ele>
        <time>2022-01-02T10:22:09.312Z</time>
    </trkpt>
    <trkpt lat="42.113842" lon="2.591454">
        <ele>861.2</ele>
        <time>2022-01-02T10:22:17.312Z</time>
    </trkpt>
    <trkpt lat="42.113809" lon="2.591498">
        <ele>859.7</ele>
        <time>2022-01-02T10:22:21.312Z</time>
    </trkpt>
    <trkpt lat="42.113785" lon="2.59156">
        <ele>859.5</ele>
        <time>2022-01-02T10:22:25.312Z</time>
    </trkpt>
    <trkpt lat="42.113768" lon="2.591624">
        <ele>860.0</ele>
        <time>2022-01-02T10:22:32.312Z</time>
    </trkpt>
    <trkpt lat="42.113735" lon="2.591665">
        <ele>860.4</ele>
        <time>2022-01-02T10:22:38.312Z</time>
    </trkpt>
    <trkpt lat="42.113709" lon="2.59172">
        <ele>862.1</ele>
        <time>2022-01-02T10:22:42.312Z</time>
    </trkpt>
    <trkpt lat="42.113682" lon="2.591771">
        <ele>864.3</ele>
        <time>2022-01-02T10:22:50.312Z</time>
    </trkpt>
    <trkpt lat="42.113669" lon="2.591837">
        <ele>867.5</ele>
        <time>2022-01-02T10:22:55.312Z</time>
    </trkpt>
    <trkpt lat="42.113664" lon="2.591902">
        <ele>870.5</ele>
        <time>2022-01-02T10:23:00.312Z</time>
    </trkpt>
    <trkpt lat="42.11366" lon="2.591972">
        <ele>873.3</ele>
        <time>2022-01-02T10:23:08.312Z</time>
    </trkpt>
    <trkpt lat="42.113619" lon="2.592014">
        <ele>877.4</ele>
        <time>2022-01-02T10:23:16.312Z</time>
    </trkpt>
    <trkpt lat="42.113585" lon="2.592066">
        <ele>877.3</ele>
        <time>2022-01-02T10:23:25.312Z</time>
    </trkpt>
    <trkpt lat="42.113562" lon="2.592137">
        <ele>878.2</ele>
        <time>2022-01-02T10:23:30.312Z</time>
    </trkpt>
    <trkpt lat="42.113548" lon="2.592195">
        <ele>879.7</ele>
        <time>2022-01-02T10:23:35.312Z</time>
    </trkpt>
    <trkpt lat="42.113502" lon="2.592236">
        <ele>878.9</ele>
        <time>2022-01-02T10:23:41.312Z</time>
    </trkpt>
    <trkpt lat="42.113454" lon="2.592245">
        <ele>876.9</ele>
        <time>2022-01-02T10:23:47.312Z</time>
    </trkpt>
    <trkpt lat="42.113405" lon="2.592286">
        <ele>876.5</ele>
        <time>2022-01-02T10:23:50.312Z</time>
    </trkpt>
    <trkpt lat="42.113366" lon="2.592339">
        <ele>878.0</ele>
        <time>2022-01-02T10:23:57.312Z</time>
    </trkpt>
    <trkpt lat="42.113336" lon="2.59239">
        <ele>880.3</ele>
        <time>2022-01-02T10:24:03.312Z</time>
    </trkpt>
    <trkpt lat="42.113295" lon="2.592434">
        <ele>879.9</ele>
        <time>2022-01-02T10:24:08.312Z</time>
    </trkpt>
    <trkpt lat="42.113246" lon="2.59246">
        <ele>877.6</ele>
        <time>2022-01-02T10:24:12.312Z</time>
    </trkpt>
    <trkpt lat="42.11321" lon="2.5925">
        <ele>877.3</ele>
        <time>2022-01-02T10:24:17.312Z</time>
    </trkpt>
    <trkpt lat="42.113153" lon="2.592527">
        <ele>874.4</ele>
        <time>2022-01-02T10:24:26.312Z</time>
    </trkpt>
    <trkpt lat="42.113138" lon="2.592584">
        <ele>876.9</ele>
        <time>2022-01-02T10:24:31.312Z</time>
    </trkpt>
    <trkpt lat="42.113095" lon="2.592624">
        <ele>876.6</ele>
        <time>2022-01-02T10:24:39.312Z</time>
    </trkpt>
    <trkpt lat="42.113044" lon="2.592642">
        <ele>875.0</ele>
        <time>2022-01-02T10:24:42.312Z</time>
    </trkpt>
    <trkpt lat="42.11299" lon="2.592665">
        <ele>875.1</ele>
        <time>2022-01-02T10:24:46.312Z</time>
    </trkpt>
    <trkpt lat="42.112943" lon="2.592659">
        <ele>873.2</ele>
        <time>2022-01-02T10:24:49.312Z</time>
    </trkpt>
    <trkpt lat="42.112893" lon="2.592678">
        <ele>873.4</ele>
        <time>2022-01-02T10:24:53.312Z</time>
    </trkpt>
    <trkpt lat="42.112846" lon="2.592688">
        <ele>872.8</ele>
        <time>2022-01-02T10:24:56.312Z</time>
    </trkpt>
    <trkpt lat="42.112778" lon="2.592704">
        <ele>872.4</ele>
        <time>2022-01-02T10:25:00.312Z</time>
    </trkpt>
    <trkpt lat="42.112728" lon="2.592731">
        <ele>873.7</ele>
        <time>2022-01-02T10:25:03.312Z</time>
    </trkpt>
    <trkpt lat="42.112679" lon="2.592734">
        <ele>873.0</ele>
        <time>2022-01-02T10:25:07.312Z</time>
    </trkpt>
    <trkpt lat="42.112636" lon="2.592772">
        <ele>875.4</ele>
        <time>2022-01-02T10:25:11.312Z</time>
    </trkpt>
    <trkpt lat="42.112605" lon="2.592832">
        <ele>877.9</ele>
        <time>2022-01-02T10:25:15.312Z</time>
    </trkpt>
    <trkpt lat="42.112556" lon="2.59282">
        <ele>876.3</ele>
        <time>2022-01-02T10:25:20.312Z</time>
    </trkpt>
    <trkpt lat="42.112512" lon="2.59284">
        <ele>876.2</ele>
        <time>2022-01-02T10:25:26.312Z</time>
    </trkpt>
    <trkpt lat="42.112456" lon="2.592838">
        <ele>874.4</ele>
        <time>2022-01-02T10:25:33.312Z</time>
    </trkpt>
    <trkpt lat="42.112403" lon="2.592848">
        <ele>873.0</ele>
        <time>2022-01-02T10:25:38.312Z</time>
    </trkpt>
    <trkpt lat="42.112361" lon="2.592876">
        <ele>873.0</ele>
        <time>2022-01-02T10:25:45.312Z</time>
    </trkpt>
    <trkpt lat="42.112324" lon="2.592927">
        <ele>874.4</ele>
        <time>2022-01-02T10:25:52.312Z</time>
    </trkpt>
    <trkpt lat="42.112279" lon="2.592923">
        <ele>872.8</ele>
        <time>2022-01-02T10:26:07.312Z</time>
    </trkpt>
    <trkpt lat="42.112235" lon="2.592945">
        <ele>872.4</ele>
        <time>2022-01-02T10:26:24.312Z</time>
    </trkpt>
    <trkpt lat="42.112194" lon="2.592992">
        <ele>873.5</ele>
        <time>2022-01-02T10:26:38.312Z</time>
    </trkpt>
    <trkpt lat="42.112051" lon="2.592969">
        <ele>866.8</ele>
        <time>2022-01-02T10:35:27.312Z</time>
    </trkpt>
    <trkpt lat="42.112001" lon="2.593013">
        <ele>849.5</ele>
        <time>2022-01-02T10:35:51.941Z</time>
    </trkpt>
    <trkpt lat="42.111972" lon="2.59302">
        <ele>849.0</ele>
        <time>2022-01-02T10:36:04.092Z</time>
    </trkpt>
    <trkpt lat="42.111962" lon="2.592998">
        <ele>848.5</ele>
        <time>2022-01-02T10:36:11.986Z</time>
    </trkpt>
    <trkpt lat="42.111919" lon="2.592993">
        <ele>863.4</ele>
        <time>2022-01-02T10:36:29.788Z</time>
    </trkpt>
    <trkpt lat="42.111871" lon="2.593005">
        <ele>862.9</ele>
        <time>2022-01-02T10:36:32.788Z</time>
    </trkpt>
    <trkpt lat="42.111829" lon="2.592983">
        <ele>861.0</ele>
        <time>2022-01-02T10:36:37.788Z</time>
    </trkpt>
    <trkpt lat="42.111773" lon="2.593008">
        <ele>860.9</ele>
        <time>2022-01-02T10:36:43.788Z</time>
    </trkpt>
    <trkpt lat="42.111714" lon="2.593009">
        <ele>859.7</ele>
        <time>2022-01-02T10:36:47.788Z</time>
    </trkpt>
    <trkpt lat="42.11166" lon="2.593027">
        <ele>859.3</ele>
        <time>2022-01-02T10:37:05.788Z</time>
    </trkpt>
    <trkpt lat="42.1117" lon="2.592997">
        <ele>858.8</ele>
        <time>2022-01-02T10:37:43.788Z</time>
    </trkpt>
    <trkpt lat="42.111742" lon="2.592973">
        <ele>858.5</ele>
        <time>2022-01-02T10:37:48.788Z</time>
    </trkpt>
    <trkpt lat="42.111792" lon="2.592986">
        <ele>860.2</ele>
        <time>2022-01-02T10:38:44.788Z</time>
    </trkpt>
    <trkpt lat="42.111833" lon="2.592958">
        <ele>859.8</ele>
        <time>2022-01-02T10:39:11.788Z</time>
    </trkpt>
    <trkpt lat="42.111877" lon="2.592945">
        <ele>860.1</ele>
        <time>2022-01-02T10:39:47.788Z</time>
    </trkpt>
    <trkpt lat="42.112028" lon="2.593033">
        <ele>869.2</ele>
        <time>2022-01-02T10:40:07.788Z</time>
    </trkpt>
    <trkpt lat="42.112048" lon="2.59309">
        <ele>868.2</ele>
        <time>2022-01-02T10:40:15.788Z</time>
    </trkpt>
    <trkpt lat="42.112093" lon="2.593103">
        <ele>868.9</ele>
        <time>2022-01-02T10:40:17.788Z</time>
    </trkpt>
    <trkpt lat="42.112131" lon="2.593063">
        <ele>873.8</ele>
        <time>2022-01-02T10:40:27.788Z</time>
    </trkpt>
    <trkpt lat="42.112179" lon="2.593033">
        <ele>875.2</ele>
        <time>2022-01-02T10:40:34.788Z</time>
    </trkpt>
    <trkpt lat="42.112231" lon="2.593029">
        <ele>876.8</ele>
        <time>2022-01-02T10:40:38.788Z</time>
    </trkpt>
    <trkpt lat="42.112279" lon="2.593033">
        <ele>878.5</ele>
        <time>2022-01-02T10:40:43.788Z</time>
    </trkpt>
    <trkpt lat="42.112341" lon="2.593035">
        <ele>880.4</ele>
        <time>2022-01-02T10:40:59.788Z</time>
    </trkpt>
    <trkpt lat="42.112394" lon="2.593041">
        <ele>882.3</ele>
        <time>2022-01-02T10:44:19.788Z</time>
    </trkpt>
    <trkpt lat="42.11244" lon="2.593">
        <ele>881.6</ele>
        <time>2022-01-02T10:44:23.788Z</time>
    </trkpt>
    <trkpt lat="42.112485" lon="2.592961">
        <ele>881.1</ele>
        <time>2022-01-02T10:45:16.788Z</time>
    </trkpt>
    <trkpt lat="42.112539" lon="2.59296">
        <ele>882.5</ele>
        <time>2022-01-02T10:45:30.788Z</time>
    </trkpt>
    <trkpt lat="42.112588" lon="2.592965">
        <ele>883.9</ele>
        <time>2022-01-02T10:45:41.788Z</time>
    </trkpt>
    <trkpt lat="42.112626" lon="2.593003">
        <ele>886.7</ele>
        <time>2022-01-02T10:45:52.788Z</time>
    </trkpt>
    <trkpt lat="42.112675" lon="2.593018">
        <ele>888.7</ele>
        <time>2022-01-02T10:46:04.788Z</time>
    </trkpt>
    <trkpt lat="42.112721" lon="2.593023">
        <ele>890.1</ele>
        <time>2022-01-02T10:46:11.788Z</time>
    </trkpt>
    <trkpt lat="42.112769" lon="2.593028">
        <ele>891.5</ele>
        <time>2022-01-02T10:46:17.788Z</time>
    </trkpt>
    <trkpt lat="42.112815" lon="2.593028">
        <ele>892.1</ele>
        <time>2022-01-02T10:46:21.788Z</time>
    </trkpt>
    <trkpt lat="42.112862" lon="2.593058">
        <ele>893.8</ele>
        <time>2022-01-02T10:46:26.788Z</time>
    </trkpt>
    <trkpt lat="42.11292" lon="2.593075">
        <ele>893.9</ele>
        <time>2022-01-02T10:46:31.788Z</time>
    </trkpt>
    <trkpt lat="42.112963" lon="2.593103">
        <ele>893.6</ele>
        <time>2022-01-02T10:46:36.788Z</time>
    </trkpt>
    <trkpt lat="42.113011" lon="2.593118">
        <ele>894.2</ele>
        <time>2022-01-02T10:46:45.788Z</time>
    </trkpt>
    <trkpt lat="42.113059" lon="2.593137">
        <ele>894.9</ele>
        <time>2022-01-02T10:46:50.788Z</time>
    </trkpt>
    <trkpt lat="42.1131" lon="2.593181">
        <ele>895.5</ele>
        <time>2022-01-02T10:46:55.788Z</time>
    </trkpt>
    <trkpt lat="42.113134" lon="2.593229">
        <ele>896.2</ele>
        <time>2022-01-02T10:46:59.788Z</time>
    </trkpt>
    <trkpt lat="42.113161" lon="2.593284">
        <ele>896.6</ele>
        <time>2022-01-02T10:47:03.788Z</time>
    </trkpt>
    <trkpt lat="42.113197" lon="2.593331">
        <ele>897.6</ele>
        <time>2022-01-02T10:47:10.788Z</time>
    </trkpt>
    <trkpt lat="42.113209" lon="2.593392">
        <ele>897.6</ele>
        <time>2022-01-02T10:47:15.788Z</time>
    </trkpt>
    <trkpt lat="42.113235" lon="2.593447">
        <ele>898.0</ele>
        <time>2022-01-02T10:47:22.788Z</time>
    </trkpt>
    <trkpt lat="42.113261" lon="2.593497">
        <ele>898.6</ele>
        <time>2022-01-02T10:47:26.788Z</time>
    </trkpt>
    <trkpt lat="42.113283" lon="2.593562">
        <ele>899.1</ele>
        <time>2022-01-02T10:47:32.788Z</time>
    </trkpt>
    <trkpt lat="42.113284" lon="2.593631">
        <ele>898.8</ele>
        <time>2022-01-02T10:47:37.788Z</time>
    </trkpt>
    <trkpt lat="42.113288" lon="2.593697">
        <ele>898.9</ele>
        <time>2022-01-02T10:47:41.788Z</time>
    </trkpt>
    <trkpt lat="42.113294" lon="2.593759">
        <ele>899.2</ele>
        <time>2022-01-02T10:47:45.788Z</time>
    </trkpt>
    <trkpt lat="42.113302" lon="2.593825">
        <ele>899.5</ele>
        <time>2022-01-02T10:47:51.788Z</time>
    </trkpt>
    <trkpt lat="42.113334" lon="2.593886">
        <ele>901.1</ele>
        <time>2022-01-02T10:47:55.788Z</time>
    </trkpt>
    <trkpt lat="42.113363" lon="2.593935">
        <ele>901.2</ele>
        <time>2022-01-02T10:47:59.788Z</time>
    </trkpt>
    <trkpt lat="42.113372" lon="2.594001">
        <ele>901.9</ele>
        <time>2022-01-02T10:48:04.788Z</time>
    </trkpt>
    <trkpt lat="42.113413" lon="2.594039">
        <ele>903.7</ele>
        <time>2022-01-02T10:48:10.788Z</time>
    </trkpt>
    <trkpt lat="42.113422" lon="2.594102">
        <ele>905.3</ele>
        <time>2022-01-02T10:48:15.788Z</time>
    </trkpt>
    <trkpt lat="42.113433" lon="2.594169">
        <ele>907.6</ele>
        <time>2022-01-02T10:48:20.788Z</time>
    </trkpt>
    <trkpt lat="42.113434" lon="2.594242">
        <ele>908.9</ele>
        <time>2022-01-02T10:48:25.788Z</time>
    </trkpt>
    <trkpt lat="42.113461" lon="2.594323">
        <ele>912.7</ele>
        <time>2022-01-02T10:48:38.788Z</time>
    </trkpt>
    <trkpt lat="42.113458" lon="2.594384">
        <ele>913.7</ele>
        <time>2022-01-02T10:48:50.788Z</time>
    </trkpt>
    <trkpt lat="42.113499" lon="2.594429">
        <ele>918.9</ele>
        <time>2022-01-02T10:48:55.788Z</time>
    </trkpt>
    <trkpt lat="42.113519" lon="2.594499">
        <ele>919.1</ele>
        <time>2022-01-02T10:49:05.788Z</time>
    </trkpt>
    <trkpt lat="42.113483" lon="2.594585">
        <ele>912.9</ele>
        <time>2022-01-02T10:49:12.788Z</time>
    </trkpt>
    <trkpt lat="42.11343" lon="2.594632">
        <ele>908.5</ele>
        <time>2022-01-02T10:49:32.788Z</time>
    </trkpt>
    <trkpt lat="42.113439" lon="2.594694">
        <ele>907.8</ele>
        <time>2022-01-02T10:49:43.788Z</time>
    </trkpt>
    <trkpt lat="42.113438" lon="2.594764">
        <ele>906.8</ele>
        <time>2022-01-02T10:49:52.788Z</time>
    </trkpt>
    <trkpt lat="42.113448" lon="2.594831">
        <ele>906.2</ele>
        <time>2022-01-02T10:50:03.788Z</time>
    </trkpt>
    <trkpt lat="42.113444" lon="2.594915">
        <ele>905.4</ele>
        <time>2022-01-02T10:50:13.788Z</time>
    </trkpt>
    <trkpt lat="42.113434" lon="2.594984">
        <ele>905.0</ele>
        <time>2022-01-02T10:50:21.788Z</time>
    </trkpt>
    <trkpt lat="42.113398" lon="2.595043">
        <ele>908.6</ele>
        <time>2022-01-02T10:50:31.788Z</time>
    </trkpt>
    <trkpt lat="42.113388" lon="2.595104">
        <ele>911.7</ele>
        <time>2022-01-02T10:50:40.788Z</time>
    </trkpt>
    <trkpt lat="42.113379" lon="2.595169">
        <ele>914.8</ele>
        <time>2022-01-02T10:50:46.788Z</time>
    </trkpt>
    <trkpt lat="42.11339" lon="2.595232">
        <ele>917.1</ele>
        <time>2022-01-02T10:50:54.788Z</time>
    </trkpt>
    <trkpt lat="42.113348" lon="2.595258">
        <ele>919.8</ele>
        <time>2022-01-02T10:51:03.788Z</time>
    </trkpt>
    <trkpt lat="42.113307" lon="2.595615">
        <ele>939.4</ele>
        <time>2022-01-02T10:58:17.788Z</time>
    </trkpt>
    <trkpt lat="42.113303" lon="2.595677">
        <ele>941.2</ele>
        <time>2022-01-02T10:58:28.788Z</time>
    </trkpt>
    <trkpt lat="42.113315" lon="2.595739">
        <ele>944.9</ele>
        <time>2022-01-02T10:58:37.788Z</time>
    </trkpt>
    <trkpt lat="42.113297" lon="2.595818">
        <ele>946.0</ele>
        <time>2022-01-02T10:59:00.788Z</time>
    </trkpt>
    <trkpt lat="42.113334" lon="2.595861">
        <ele>949.0</ele>
        <time>2022-01-02T10:59:08.788Z</time>
    </trkpt>
    <trkpt lat="42.113338" lon="2.595925">
        <ele>946.5</ele>
        <time>2022-01-02T10:59:16.788Z</time>
    </trkpt>
    <trkpt lat="42.113393" lon="2.596002">
        <ele>904.3</ele>
        <time>2022-01-02T10:59:51.818Z</time>
    </trkpt>
    <trkpt lat="42.113457" lon="2.595969">
        <ele>901.5</ele>
        <time>2022-01-02T11:00:22.089Z</time>
    </trkpt>
    <trkpt lat="42.113435" lon="2.595907">
        <ele>941.2</ele>
        <time>2022-01-02T11:00:44.612Z</time>
    </trkpt>
    <trkpt lat="42.113468" lon="2.595959">
        <ele>937.9</ele>
        <time>2022-01-02T11:04:06.612Z</time>
    </trkpt>
    <trkpt lat="42.113519" lon="2.595962">
        <ele>898.3</ele>
        <time>2022-01-02T11:04:13.867Z</time>
    </trkpt>
    <trkpt lat="42.113457" lon="2.595969">
        <ele>901.5</ele>
        <time>2022-01-02T11:04:22.709Z</time>
    </trkpt>
    <trkpt lat="42.113432" lon="2.595982">
        <ele>905.0</ele>
        <time>2022-01-02T11:04:26.517Z</time>
    </trkpt>
    <trkpt lat="42.113405" lon="2.595996">
        <ele>903.5</ele>
        <time>2022-01-02T11:04:32.654Z</time>
    </trkpt>
    <trkpt lat="42.113376" lon="2.596012">
        <ele>905.0</ele>
        <time>2022-01-02T11:04:39.301Z</time>
    </trkpt>
    <trkpt lat="42.11335" lon="2.596019">
        <ele>906.3</ele>
        <time>2022-01-02T11:04:44.925Z</time>
    </trkpt>
    <trkpt lat="42.113333" lon="2.595909">
        <ele>947.3</ele>
        <time>2022-01-02T11:05:02.608Z</time>
    </trkpt>
    <trkpt lat="42.113321" lon="2.595843">
        <ele>948.5</ele>
        <time>2022-01-02T11:05:19.608Z</time>
    </trkpt>
    <trkpt lat="42.113327" lon="2.595773">
        <ele>947.3</ele>
        <time>2022-01-02T11:05:25.608Z</time>
    </trkpt>
    <trkpt lat="42.113361" lon="2.595733">
        <ele>944.6</ele>
        <time>2022-01-02T11:05:46.608Z</time>
    </trkpt>
    <trkpt lat="42.113358" lon="2.59567">
        <ele>942.6</ele>
        <time>2022-01-02T11:05:59.608Z</time>
    </trkpt>
    <trkpt lat="42.113318" lon="2.595638">
        <ele>941.3</ele>
        <time>2022-01-02T11:06:12.608Z</time>
    </trkpt>
    <trkpt lat="42.113357" lon="2.595273">
        <ele>920.1</ele>
        <time>2022-01-02T11:08:39.608Z</time>
    </trkpt>
    <trkpt lat="42.113394" lon="2.595238">
        <ele>917.1</ele>
        <time>2022-01-02T11:08:59.608Z</time>
    </trkpt>
    <trkpt lat="42.113407" lon="2.595165">
        <ele>913.5</ele>
        <time>2022-01-02T11:09:16.608Z</time>
    </trkpt>
    <trkpt lat="42.113429" lon="2.595107">
        <ele>909.9</ele>
        <time>2022-01-02T11:09:22.608Z</time>
    </trkpt>
    <trkpt lat="42.113469" lon="2.595065">
        <ele>906.2</ele>
        <time>2022-01-02T11:09:31.608Z</time>
    </trkpt>
    <trkpt lat="42.113452" lon="2.594999">
        <ele>904.0</ele>
        <time>2022-01-02T11:09:47.608Z</time>
    </trkpt>
    <trkpt lat="42.113413" lon="2.59496">
        <ele>906.1</ele>
        <time>2022-01-02T11:09:55.608Z</time>
    </trkpt>
    <trkpt lat="42.113426" lon="2.5949">
        <ele>905.9</ele>
        <time>2022-01-02T11:10:08.608Z</time>
    </trkpt>
    <trkpt lat="42.113414" lon="2.594838">
        <ele>906.3</ele>
        <time>2022-01-02T11:10:15.608Z</time>
    </trkpt>
    <trkpt lat="42.113428" lon="2.594772">
        <ele>906.5</ele>
        <time>2022-01-02T11:10:19.608Z</time>
    </trkpt>
    <trkpt lat="42.113459" lon="2.594717">
        <ele>907.8</ele>
        <time>2022-01-02T11:10:24.608Z</time>
    </trkpt>
    <trkpt lat="42.113481" lon="2.594658">
        <ele>910.4</ele>
        <time>2022-01-02T11:10:36.608Z</time>
    </trkpt>
    <trkpt lat="42.113492" lon="2.594596">
        <ele>913.2</ele>
        <time>2022-01-02T11:10:41.608Z</time>
    </trkpt>
    <trkpt lat="42.113456" lon="2.594552">
        <ele>912.0</ele>
        <time>2022-01-02T11:10:52.608Z</time>
    </trkpt>
    <trkpt lat="42.113436" lon="2.594485">
        <ele>912.0</ele>
        <time>2022-01-02T11:10:59.608Z</time>
    </trkpt>
    <trkpt lat="42.113426" lon="2.594421">
        <ele>911.3</ele>
        <time>2022-01-02T11:11:06.608Z</time>
    </trkpt>
    <trkpt lat="42.113464" lon="2.594378">
        <ele>914.3</ele>
        <time>2022-01-02T11:11:10.608Z</time>
    </trkpt>
    <trkpt lat="42.113431" lon="2.594333">
        <ele>910.3</ele>
        <time>2022-01-02T11:11:18.608Z</time>
    </trkpt>
    <trkpt lat="42.113404" lon="2.594281">
        <ele>907.1</ele>
        <time>2022-01-02T11:11:24.608Z</time>
    </trkpt>
    <trkpt lat="42.113396" lon="2.594214">
        <ele>905.7</ele>
        <time>2022-01-02T11:11:27.608Z</time>
    </trkpt>
    <trkpt lat="42.113386" lon="2.594134">
        <ele>904.0</ele>
        <time>2022-01-02T11:11:35.608Z</time>
    </trkpt>
    <trkpt lat="42.113379" lon="2.594066">
        <ele>902.8</ele>
        <time>2022-01-02T11:11:41.608Z</time>
    </trkpt>
    <trkpt lat="42.113359" lon="2.594003">
        <ele>901.6</ele>
        <time>2022-01-02T11:11:50.608Z</time>
    </trkpt>
    <trkpt lat="42.113332" lon="2.593949">
        <ele>900.9</ele>
        <time>2022-01-02T11:11:53.608Z</time>
    </trkpt>
    <trkpt lat="42.113319" lon="2.59389">
        <ele>900.3</ele>
        <time>2022-01-02T11:11:57.608Z</time>
    </trkpt>
    <trkpt lat="42.113304" lon="2.59382">
        <ele>899.6</ele>
        <time>2022-01-02T11:12:02.608Z</time>
    </trkpt>
    <trkpt lat="42.113302" lon="2.593747">
        <ele>899.6</ele>
        <time>2022-01-02T11:12:08.608Z</time>
    </trkpt>
    <trkpt lat="42.113291" lon="2.593681">
        <ele>899.1</ele>
        <time>2022-01-02T11:12:14.608Z</time>
    </trkpt>
    <trkpt lat="42.113272" lon="2.593618">
        <ele>898.1</ele>
        <time>2022-01-02T11:12:21.608Z</time>
    </trkpt>
    <trkpt lat="42.113239" lon="2.593558">
        <ele>897.1</ele>
        <time>2022-01-02T11:12:30.608Z</time>
    </trkpt>
    <trkpt lat="42.113213" lon="2.593496">
        <ele>896.6</ele>
        <time>2022-01-02T11:12:35.608Z</time>
    </trkpt>
    <trkpt lat="42.113198" lon="2.593424">
        <ele>896.8</ele>
        <time>2022-01-02T11:12:39.608Z</time>
    </trkpt>
    <trkpt lat="42.113169" lon="2.593375">
        <ele>896.1</ele>
        <time>2022-01-02T11:12:43.608Z</time>
    </trkpt>
    <trkpt lat="42.113131" lon="2.593316">
        <ele>895.2</ele>
        <time>2022-01-02T11:12:48.608Z</time>
    </trkpt>
    <trkpt lat="42.113087" lon="2.593247">
        <ele>894.3</ele>
        <time>2022-01-02T11:12:51.608Z</time>
    </trkpt>
    <trkpt lat="42.11305" lon="2.593194">
        <ele>893.8</ele>
        <time>2022-01-02T11:12:55.608Z</time>
    </trkpt>
    <trkpt lat="42.113003" lon="2.593158">
        <ele>893.1</ele>
        <time>2022-01-02T11:13:00.608Z</time>
    </trkpt>
    <trkpt lat="42.112959" lon="2.593118">
        <ele>893.0</ele>
        <time>2022-01-02T11:13:05.608Z</time>
    </trkpt>
    <trkpt lat="42.112915" lon="2.593087">
        <ele>893.4</ele>
        <time>2022-01-02T11:13:10.608Z</time>
    </trkpt>
    <trkpt lat="42.112871" lon="2.593064">
        <ele>893.7</ele>
        <time>2022-01-02T11:13:15.608Z</time>
    </trkpt>
    <trkpt lat="42.112829" lon="2.593021">
        <ele>892.0</ele>
        <time>2022-01-02T11:13:24.608Z</time>
    </trkpt>
    <trkpt lat="42.112779" lon="2.593028">
        <ele>891.7</ele>
        <time>2022-01-02T11:13:32.608Z</time>
    </trkpt>
    <trkpt lat="42.112734" lon="2.593047">
        <ele>891.6</ele>
        <time>2022-01-02T11:13:38.608Z</time>
    </trkpt>
    <trkpt lat="42.112696" lon="2.593004">
        <ele>888.5</ele>
        <time>2022-01-02T11:13:59.608Z</time>
    </trkpt>
    <trkpt lat="42.112648" lon="2.593003">
        <ele>887.3</ele>
        <time>2022-01-02T11:16:24.608Z</time>
    </trkpt>
    <trkpt lat="42.112604" lon="2.592972">
        <ele>884.7</ele>
        <time>2022-01-02T11:16:49.608Z</time>
    </trkpt>
    <trkpt lat="42.11256" lon="2.592944">
        <ele>882.2</ele>
        <time>2022-01-02T11:17:07.608Z</time>
    </trkpt>
    <trkpt lat="42.112518" lon="2.592967">
        <ele>882.3</ele>
        <time>2022-01-02T11:17:24.608Z</time>
    </trkpt>
    <trkpt lat="42.11247" lon="2.593004">
        <ele>882.8</ele>
        <time>2022-01-02T11:17:29.608Z</time>
    </trkpt>
    <trkpt lat="42.112459" lon="2.592949">
        <ele>860.3</ele>
        <time>2022-01-02T11:17:39.274Z</time>
    </trkpt>
    <trkpt lat="42.112488" lon="2.592925">
        <ele>860.8</ele>
        <time>2022-01-02T11:17:47.058Z</time>
    </trkpt>
    <trkpt lat="42.112465" lon="2.592914">
        <ele>858.5</ele>
        <time>2022-01-02T11:17:52.640Z</time>
    </trkpt>
    <trkpt lat="42.112429" lon="2.592877">
        <ele>875.4</ele>
        <time>2022-01-02T11:18:02.995Z</time>
    </trkpt>
    <trkpt lat="42.112467" lon="2.592836">
        <ele>874.6</ele>
        <time>2022-01-02T11:18:29.995Z</time>
    </trkpt>
    <trkpt lat="42.112507" lon="2.592793">
        <ele>873.9</ele>
        <time>2022-01-02T11:18:44.995Z</time>
    </trkpt>
    <trkpt lat="42.112547" lon="2.592755">
        <ele>872.1</ele>
        <time>2022-01-02T11:18:50.995Z</time>
    </trkpt>
    <trkpt lat="42.112594" lon="2.592737">
        <ele>871.5</ele>
        <time>2022-01-02T11:19:00.995Z</time>
    </trkpt>
    <trkpt lat="42.112629" lon="2.592692">
        <ele>868.2</ele>
        <time>2022-01-02T11:19:04.995Z</time>
    </trkpt>
    <trkpt lat="42.112642" lon="2.59262">
        <ele>862.1</ele>
        <time>2022-01-02T11:19:10.995Z</time>
    </trkpt>
    <trkpt lat="42.112684" lon="2.592643">
        <ele>865.0</ele>
        <time>2022-01-02T11:19:36.995Z</time>
    </trkpt>
    <trkpt lat="42.112731" lon="2.592607">
        <ele>862.8</ele>
        <time>2022-01-02T11:19:44.995Z</time>
    </trkpt>
    <trkpt lat="42.112777" lon="2.592615">
        <ele>864.4</ele>
        <time>2022-01-02T11:19:49.995Z</time>
    </trkpt>
    <trkpt lat="42.112839" lon="2.592605">
        <ele>865.6</ele>
        <time>2022-01-02T11:19:55.995Z</time>
    </trkpt>
    <trkpt lat="42.112877" lon="2.592571">
        <ele>864.0</ele>
        <time>2022-01-02T11:20:01.995Z</time>
    </trkpt>
    <trkpt lat="42.11293" lon="2.592549">
        <ele>864.1</ele>
        <time>2022-01-02T11:20:05.995Z</time>
    </trkpt>
    <trkpt lat="42.112978" lon="2.592482">
        <ele>860.8</ele>
        <time>2022-01-02T11:20:13.995Z</time>
    </trkpt>
    <trkpt lat="42.113005" lon="2.59243">
        <ele>858.3</ele>
        <time>2022-01-02T11:20:17.995Z</time>
    </trkpt>
    <trkpt lat="42.113055" lon="2.592394">
        <ele>857.8</ele>
        <time>2022-01-02T11:20:21.995Z</time>
    </trkpt>
    <trkpt lat="42.113102" lon="2.592356">
        <ele>859.0</ele>
        <time>2022-01-02T11:20:25.995Z</time>
    </trkpt>
    <trkpt lat="42.113155" lon="2.592329">
        <ele>861.6</ele>
        <time>2022-01-02T11:20:34.995Z</time>
    </trkpt>
    <trkpt lat="42.113204" lon="2.592328">
        <ele>865.7</ele>
        <time>2022-01-02T11:20:37.995Z</time>
    </trkpt>
    <trkpt lat="42.113261" lon="2.592329">
        <ele>870.6</ele>
        <time>2022-01-02T11:20:40.995Z</time>
    </trkpt>
    <trkpt lat="42.113282" lon="2.592266">
        <ele>868.4</ele>
        <time>2022-01-02T11:20:44.995Z</time>
    </trkpt>
    <trkpt lat="42.113317" lon="2.59222">
        <ele>868.5</ele>
        <time>2022-01-02T11:20:48.995Z</time>
    </trkpt>
    <trkpt lat="42.113364" lon="2.59221">
        <ele>870.6</ele>
        <time>2022-01-02T11:20:52.995Z</time>
    </trkpt>
    <trkpt lat="42.113412" lon="2.59219">
        <ele>871.7</ele>
        <time>2022-01-02T11:20:56.995Z</time>
    </trkpt>
    <trkpt lat="42.11346" lon="2.592161">
        <ele>872.7</ele>
        <time>2022-01-02T11:21:00.995Z</time>
    </trkpt>
    <trkpt lat="42.113495" lon="2.592121">
        <ele>872.7</ele>
        <time>2022-01-02T11:21:04.995Z</time>
    </trkpt>
    <trkpt lat="42.113532" lon="2.592062">
        <ele>872.6</ele>
        <time>2022-01-02T11:21:10.995Z</time>
    </trkpt>
    <trkpt lat="42.113569" lon="2.592012">
        <ele>874.0</ele>
        <time>2022-01-02T11:21:14.995Z</time>
    </trkpt>
    <trkpt lat="42.113582" lon="2.591944">
        <ele>872.7</ele>
        <time>2022-01-02T11:21:20.995Z</time>
    </trkpt>
    <trkpt lat="42.113602" lon="2.591883">
        <ele>871.4</ele>
        <time>2022-01-02T11:21:23.995Z</time>
    </trkpt>
    <trkpt lat="42.113622" lon="2.591828">
        <ele>868.9</ele>
        <time>2022-01-02T11:21:31.995Z</time>
    </trkpt>
    <trkpt lat="42.113664" lon="2.591798">
        <ele>866.1</ele>
        <time>2022-01-02T11:21:35.995Z</time>
    </trkpt>
    <trkpt lat="42.113703" lon="2.591753">
        <ele>863.3</ele>
        <time>2022-01-02T11:21:41.995Z</time>
    </trkpt>
    <trkpt lat="42.11372" lon="2.59168">
        <ele>860.8</ele>
        <time>2022-01-02T11:21:45.995Z</time>
    </trkpt>
    <trkpt lat="42.113745" lon="2.591611">
        <ele>859.5</ele>
        <time>2022-01-02T11:21:48.995Z</time>
    </trkpt>
    <trkpt lat="42.113748" lon="2.591546">
        <ele>858.4</ele>
        <time>2022-01-02T11:21:52.995Z</time>
    </trkpt>
    <trkpt lat="42.113769" lon="2.591485">
        <ele>858.0</ele>
        <time>2022-01-02T11:22:00.995Z</time>
    </trkpt>
    <trkpt lat="42.113796" lon="2.591394">
        <ele>858.5</ele>
        <time>2022-01-02T11:22:10.995Z</time>
    </trkpt>
    <trkpt lat="42.113849" lon="2.591401">
        <ele>844.3</ele>
        <time>2022-01-02T11:22:24.193Z</time>
        <extensions>
        <gpxtpx:TrackPointExtension>
        <gpxtpx:Extensions>
            <surface>ground</surface>
        </gpxtpx:Extensions>
        </gpxtpx:TrackPointExtension>
        </extensions>
    </trkpt>
    <trkpt lat="42.113847" lon="2.591398">
        <ele>844.3</ele>
        <time>2022-01-02T11:22:24.934Z</time>
        <extensions>
        <gpxtpx:TrackPointExtension>
        <gpxtpx:Extensions>
            <surface>ground</surface>
        </gpxtpx:Extensions>
        </gpxtpx:TrackPointExtension>
        </extensions>
    </trkpt>
    <trkpt lat="42.113881" lon="2.591332">
        <ele>843.8</ele>
        <time>2022-01-02T11:22:39.706Z</time>
        <extensions>
        <gpxtpx:TrackPointExtension>
        <gpxtpx:Extensions>
            <surface>ground</surface>
        </gpxtpx:Extensions>
        </gpxtpx:TrackPointExtension>
        </extensions>
    </trkpt>
    <trkpt lat="42.113943" lon="2.591292">
        <ele>859.8</ele>
        <time>2022-01-02T11:22:56.741Z</time>
    </trkpt>
    <trkpt lat="42.113982" lon="2.59125">
        <ele>857.9</ele>
        <time>2022-01-02T11:23:00.741Z</time>
    </trkpt>
    <trkpt lat="42.114018" lon="2.591209">
        <ele>856.4</ele>
        <time>2022-01-02T11:23:05.741Z</time>
    </trkpt>
    <trkpt lat="42.114071" lon="2.59119">
        <ele>854.6</ele>
        <time>2022-01-02T11:23:11.741Z</time>
    </trkpt>
    <trkpt lat="42.114113" lon="2.591138">
        <ele>854.0</ele>
        <time>2022-01-02T11:23:21.741Z</time>
    </trkpt>
    <trkpt lat="42.114133" lon="2.591083">
        <ele>854.4</ele>
        <time>2022-01-02T11:23:26.741Z</time>
    </trkpt>
    <trkpt lat="42.114178" lon="2.591072">
        <ele>853.2</ele>
        <time>2022-01-02T11:23:34.741Z</time>
    </trkpt>
    <trkpt lat="42.114207" lon="2.591143">
        <ele>849.6</ele>
        <time>2022-01-02T11:23:44.741Z</time>
    </trkpt>
    <trkpt lat="42.114253" lon="2.591124">
        <ele>846.9</ele>
        <time>2022-01-02T11:24:06.741Z</time>
    </trkpt>
    <trkpt lat="42.114272" lon="2.591068">
        <ele>846.8</ele>
        <time>2022-01-02T11:24:11.741Z</time>
    </trkpt>
    <trkpt lat="42.114309" lon="2.591026">
        <ele>845.0</ele>
        <time>2022-01-02T11:24:17.741Z</time>
    </trkpt>
    <trkpt lat="42.114349" lon="2.590979">
        <ele>842.9</ele>
        <time>2022-01-02T11:24:24.741Z</time>
    </trkpt>
    <trkpt lat="42.114377" lon="2.590926">
        <ele>841.8</ele>
        <time>2022-01-02T11:24:33.741Z</time>
    </trkpt>
    <trkpt lat="42.114403" lon="2.590856">
        <ele>840.9</ele>
        <time>2022-01-02T11:24:57.741Z</time>
    </trkpt>
    <trkpt lat="42.11444" lon="2.590809">
        <ele>838.5</ele>
        <time>2022-01-02T11:25:03.741Z</time>
    </trkpt>
    <trkpt lat="42.114457" lon="2.590747">
        <ele>837.7</ele>
        <time>2022-01-02T11:25:10.741Z</time>
    </trkpt>
    <trkpt lat="42.114483" lon="2.59068">
        <ele>836.0</ele>
        <time>2022-01-02T11:25:17.741Z</time>
    </trkpt>
    <trkpt lat="42.114497" lon="2.590615">
        <ele>835.5</ele>
        <time>2022-01-02T11:25:24.741Z</time>
    </trkpt>
    <trkpt lat="42.114543" lon="2.590571">
        <ele>832.2</ele>
        <time>2022-01-02T11:25:32.741Z</time>
    </trkpt>
    <trkpt lat="42.114561" lon="2.590505">
        <ele>832.0</ele>
        <time>2022-01-02T11:25:39.741Z</time>
    </trkpt>
    <trkpt lat="42.114585" lon="2.590448">
        <ele>831.2</ele>
        <time>2022-01-02T11:25:44.741Z</time>
    </trkpt>
    <trkpt lat="42.11463" lon="2.590402">
        <ele>828.7</ele>
        <time>2022-01-02T11:25:51.741Z</time>
    </trkpt>
    <trkpt lat="42.114645" lon="2.590336">
        <ele>828.9</ele>
        <time>2022-01-02T11:25:59.741Z</time>
    </trkpt>
    <trkpt lat="42.114679" lon="2.590285">
        <ele>827.3</ele>
        <time>2022-01-02T11:26:04.741Z</time>
    </trkpt>
    <trkpt lat="42.114715" lon="2.590233">
        <ele>825.7</ele>
        <time>2022-01-02T11:26:09.741Z</time>
    </trkpt>
    <trkpt lat="42.114754" lon="2.590179">
        <ele>824.6</ele>
        <time>2022-01-02T11:26:15.741Z</time>
    </trkpt>
    <trkpt lat="42.114777" lon="2.590121">
        <ele>824.6</ele>
        <time>2022-01-02T11:26:21.741Z</time>
    </trkpt>
    <trkpt lat="42.11482" lon="2.590069">
        <ele>822.8</ele>
        <time>2022-01-02T11:26:30.741Z</time>
    </trkpt>
    <trkpt lat="42.114864" lon="2.590004">
        <ele>821.2</ele>
        <time>2022-01-02T11:26:41.741Z</time>
    </trkpt>
    <trkpt lat="42.114903" lon="2.589965">
        <ele>819.3</ele>
        <time>2022-01-02T11:26:50.741Z</time>
    </trkpt>
    <trkpt lat="42.114904" lon="2.589895">
        <ele>820.4</ele>
        <time>2022-01-02T11:26:55.741Z</time>
    </trkpt>
    <trkpt lat="42.114944" lon="2.589851">
        <ele>818.3</ele>
        <time>2022-01-02T11:27:01.741Z</time>
    </trkpt>
    <trkpt lat="42.114967" lon="2.589783">
        <ele>817.7</ele>
        <time>2022-01-02T11:27:06.741Z</time>
    </trkpt>
    <trkpt lat="42.114976" lon="2.589719">
        <ele>817.9</ele>
        <time>2022-01-02T11:27:11.741Z</time>
    </trkpt>
    <trkpt lat="42.115011" lon="2.589664">
        <ele>816.7</ele>
        <time>2022-01-02T11:27:16.741Z</time>
    </trkpt>
    <trkpt lat="42.115037" lon="2.589596">
        <ele>816.6</ele>
        <time>2022-01-02T11:27:22.741Z</time>
    </trkpt>
    <trkpt lat="42.115057" lon="2.589528">
        <ele>816.8</ele>
        <time>2022-01-02T11:27:28.741Z</time>
    </trkpt>
    <trkpt lat="42.115101" lon="2.589487">
        <ele>815.1</ele>
        <time>2022-01-02T11:27:33.741Z</time>
    </trkpt>
    <trkpt lat="42.115135" lon="2.589444">
        <ele>813.8</ele>
        <time>2022-01-02T11:27:39.741Z</time>
    </trkpt>
    <trkpt lat="42.115188" lon="2.589395">
        <ele>811.0</ele>
        <time>2022-01-02T11:27:46.741Z</time>
    </trkpt>
    <trkpt lat="42.11522" lon="2.589347">
        <ele>809.5</ele>
        <time>2022-01-02T11:27:50.741Z</time>
    </trkpt>
    <trkpt lat="42.115245" lon="2.589287">
        <ele>808.4</ele>
        <time>2022-01-02T11:27:53.741Z</time>
    </trkpt>
    <trkpt lat="42.115265" lon="2.589222">
        <ele>807.6</ele>
        <time>2022-01-02T11:27:56.741Z</time>
    </trkpt>
    <trkpt lat="42.115263" lon="2.58916">
        <ele>808.2</ele>
        <time>2022-01-02T11:28:03.741Z</time>
    </trkpt>
    <trkpt lat="42.115285" lon="2.589086">
        <ele>807.5</ele>
        <time>2022-01-02T11:28:08.741Z</time>
    </trkpt>
    <trkpt lat="42.115291" lon="2.589021">
        <ele>807.8</ele>
        <time>2022-01-02T11:28:12.741Z</time>
    </trkpt>
    <trkpt lat="42.115301" lon="2.588954">
        <ele>808.1</ele>
        <time>2022-01-02T11:28:17.741Z</time>
    </trkpt>
    <trkpt lat="42.115305" lon="2.588879">
        <ele>808.7</ele>
        <time>2022-01-02T11:28:22.741Z</time>
    </trkpt>
    <trkpt lat="42.115343" lon="2.588836">
        <ele>807.5</ele>
        <time>2022-01-02T11:28:26.741Z</time>
    </trkpt>
    <trkpt lat="42.115386" lon="2.588782">
        <ele>806.5</ele>
        <time>2022-01-02T11:28:31.741Z</time>
    </trkpt>
    <trkpt lat="42.115423" lon="2.588733">
        <ele>805.6</ele>
        <time>2022-01-02T11:28:36.741Z</time>
    </trkpt>
    <trkpt lat="42.115444" lon="2.588676">
        <ele>805.9</ele>
        <time>2022-01-02T11:28:40.741Z</time>
    </trkpt>
    <trkpt lat="42.115484" lon="2.588627">
        <ele>805.2</ele>
        <time>2022-01-02T11:28:46.741Z</time>
    </trkpt>
    <trkpt lat="42.115529" lon="2.588588">
        <ele>804.3</ele>
        <time>2022-01-02T11:28:49.741Z</time>
    </trkpt>
    <trkpt lat="42.115579" lon="2.588554">
        <ele>803.4</ele>
        <time>2022-01-02T11:28:53.741Z</time>
    </trkpt>
    <trkpt lat="42.115622" lon="2.588513">
        <ele>803.4</ele>
        <time>2022-01-02T11:28:58.741Z</time>
    </trkpt>
    <trkpt lat="42.115647" lon="2.588453">
        <ele>804.8</ele>
        <time>2022-01-02T11:29:03.741Z</time>
    </trkpt>
    <trkpt lat="42.115677" lon="2.588395">
        <ele>805.6</ele>
        <time>2022-01-02T11:29:10.741Z</time>
    </trkpt>
    <trkpt lat="42.115712" lon="2.588349">
        <ele>805.9</ele>
        <time>2022-01-02T11:29:15.741Z</time>
    </trkpt>
    <trkpt lat="42.115749" lon="2.588308">
        <ele>805.8</ele>
        <time>2022-01-02T11:29:20.741Z</time>
    </trkpt>
    <trkpt lat="42.115791" lon="2.588263">
        <ele>805.6</ele>
        <time>2022-01-02T11:29:25.741Z</time>
    </trkpt>
    <trkpt lat="42.115823" lon="2.588216">
        <ele>805.9</ele>
        <time>2022-01-02T11:29:31.741Z</time>
    </trkpt>
    <trkpt lat="42.115862" lon="2.588185">
        <ele>805.8</ele>
        <time>2022-01-02T11:29:36.741Z</time>
    </trkpt>
    <trkpt lat="42.115917" lon="2.588204">
        <ele>804.4</ele>
        <time>2022-01-02T11:29:41.741Z</time>
    </trkpt>
    <trkpt lat="42.115958" lon="2.588238">
        <ele>802.9</ele>
        <time>2022-01-02T11:29:45.741Z</time>
    </trkpt>
    <trkpt lat="42.115974" lon="2.588302">
        <ele>801.6</ele>
        <time>2022-01-02T11:30:30.741Z</time>
    </trkpt>
    <trkpt lat="42.116021" lon="2.588312">
        <ele>801.1</ele>
        <time>2022-01-02T11:30:41.741Z</time>
    </trkpt>
    <trkpt lat="42.116063" lon="2.588282">
        <ele>801.0</ele>
        <time>2022-01-02T11:30:48.741Z</time>
    </trkpt>
    <trkpt lat="42.116091" lon="2.588219">
        <ele>801.1</ele>
        <time>2022-01-02T11:30:53.741Z</time>
    </trkpt>
    <trkpt lat="42.116078" lon="2.58816">
        <ele>801.9</ele>
        <time>2022-01-02T11:30:57.741Z</time>
    </trkpt>
    <trkpt lat="42.116103" lon="2.588106">
        <ele>801.8</ele>
        <time>2022-01-02T11:31:09.741Z</time>
    </trkpt>
    <trkpt lat="42.116118" lon="2.588041">
        <ele>801.7</ele>
        <time>2022-01-02T11:31:17.741Z</time>
    </trkpt>
    <trkpt lat="42.116117" lon="2.587957">
        <ele>800.5</ele>
        <time>2022-01-02T11:31:29.741Z</time>
    </trkpt>
    <trkpt lat="42.116124" lon="2.587896">
        <ele>799.6</ele>
        <time>2022-01-02T11:31:33.741Z</time>
    </trkpt>
    <trkpt lat="42.116104" lon="2.587832">
        <ele>799.1</ele>
        <time>2022-01-02T11:31:38.741Z</time>
    </trkpt>
    <trkpt lat="42.116099" lon="2.587738">
        <ele>797.9</ele>
        <time>2022-01-02T11:31:45.741Z</time>
    </trkpt>
    <trkpt lat="42.11609" lon="2.587663">
        <ele>797.0</ele>
        <time>2022-01-02T11:31:50.741Z</time>
    </trkpt>
    <trkpt lat="42.116062" lon="2.587599">
        <ele>797.2</ele>
        <time>2022-01-02T11:31:55.741Z</time>
    </trkpt>
    <trkpt lat="42.116101" lon="2.587638">
        <ele>796.0</ele>
        <time>2022-01-02T11:32:06.741Z</time>
    </trkpt>
    <trkpt lat="42.116153" lon="2.587648">
        <ele>794.8</ele>
        <time>2022-01-02T11:32:10.741Z</time>
    </trkpt>
    <trkpt lat="42.116198" lon="2.587653">
        <ele>794.0</ele>
        <time>2022-01-02T11:32:16.741Z</time>
    </trkpt>
    <trkpt lat="42.116239" lon="2.587702">
        <ele>794.0</ele>
        <time>2022-01-02T11:32:23.741Z</time>
    </trkpt>
    <trkpt lat="42.116283" lon="2.587721">
        <ele>793.4</ele>
        <time>2022-01-02T11:32:30.741Z</time>
    </trkpt>
    <trkpt lat="42.116315" lon="2.587679">
        <ele>791.8</ele>
        <time>2022-01-02T11:32:34.741Z</time>
    </trkpt>
    <trkpt lat="42.116337" lon="2.587618">
        <ele>790.2</ele>
        <time>2022-01-02T11:32:38.741Z</time>
    </trkpt>
    <trkpt lat="42.116387" lon="2.587613">
        <ele>789.1</ele>
        <time>2022-01-02T11:33:06.741Z</time>
    </trkpt>
    <trkpt lat="42.116421" lon="2.58757">
        <ele>788.6</ele>
        <time>2022-01-02T11:33:35.741Z</time>
    </trkpt>
    <trkpt lat="42.116393" lon="2.587517">
        <ele>787.4</ele>
        <time>2022-01-02T11:33:41.741Z</time>
    </trkpt>
    <trkpt lat="42.116371" lon="2.587458">
        <ele>786.7</ele>
        <time>2022-01-02T11:33:46.741Z</time>
    </trkpt>
    <trkpt lat="42.116373" lon="2.587394">
        <ele>785.4</ele>
        <time>2022-01-02T11:33:51.741Z</time>
    </trkpt>
    <trkpt lat="42.11638" lon="2.587322">
        <ele>784.0</ele>
        <time>2022-01-02T11:33:56.741Z</time>
    </trkpt>
    <trkpt lat="42.116378" lon="2.587248">
        <ele>782.8</ele>
        <time>2022-01-02T11:34:00.741Z</time>
    </trkpt>
    <trkpt lat="42.116367" lon="2.587174">
        <ele>781.9</ele>
        <time>2022-01-02T11:34:03.741Z</time>
    </trkpt>
    <trkpt lat="42.116356" lon="2.587107">
        <ele>781.1</ele>
        <time>2022-01-02T11:34:07.741Z</time>
    </trkpt>
    <trkpt lat="42.116317" lon="2.587064">
        <ele>781.0</ele>
        <time>2022-01-02T11:34:14.741Z</time>
    </trkpt>
    <trkpt lat="42.116285" lon="2.587018">
        <ele>780.8</ele>
        <time>2022-01-02T11:34:20.741Z</time>
    </trkpt>
    <trkpt lat="42.116252" lon="2.586949">
        <ele>780.1</ele>
        <time>2022-01-02T11:34:28.741Z</time>
    </trkpt>
    <trkpt lat="42.116222" lon="2.586882">
        <ele>778.2</ele>
        <time>2022-01-02T11:34:34.741Z</time>
    </trkpt>
    <trkpt lat="42.116197" lon="2.586825">
        <ele>776.3</ele>
        <time>2022-01-02T11:34:38.741Z</time>
    </trkpt>
    <trkpt lat="42.11618" lon="2.58676">
        <ele>774.1</ele>
        <time>2022-01-02T11:34:45.741Z</time>
    </trkpt>
    <trkpt lat="42.116145" lon="2.586702">
        <ele>772.1</ele>
        <time>2022-01-02T11:34:51.741Z</time>
    </trkpt>
    <trkpt lat="42.116112" lon="2.586653">
        <ele>770.5</ele>
        <time>2022-01-02T11:35:00.741Z</time>
    </trkpt>
    <trkpt lat="42.116075" lon="2.586599">
        <ele>769.8</ele>
        <time>2022-01-02T11:35:08.741Z</time>
    </trkpt>
    <trkpt lat="42.116072" lon="2.586536">
        <ele>767.6</ele>
        <time>2022-01-02T11:35:14.741Z</time>
    </trkpt>
    <trkpt lat="42.116067" lon="2.586469">
        <ele>765.2</ele>
        <time>2022-01-02T11:35:22.741Z</time>
    </trkpt>
    <trkpt lat="42.116071" lon="2.586392">
        <ele>762.2</ele>
        <time>2022-01-02T11:35:29.741Z</time>
    </trkpt>
    <trkpt lat="42.116054" lon="2.586331">
        <ele>762.2</ele>
        <time>2022-01-02T11:35:38.741Z</time>
    </trkpt>
    <trkpt lat="42.116093" lon="2.586287">
        <ele>759.5</ele>
        <time>2022-01-02T11:35:43.741Z</time>
    </trkpt>
    <trkpt lat="42.116115" lon="2.586233">
        <ele>757.6</ele>
        <time>2022-01-02T11:35:50.741Z</time>
    </trkpt>
    <trkpt lat="42.116133" lon="2.586166">
        <ele>756.0</ele>
        <time>2022-01-02T11:35:55.741Z</time>
    </trkpt>
    <trkpt lat="42.116159" lon="2.586103">
        <ele>753.9</ele>
        <time>2022-01-02T11:36:02.741Z</time>
    </trkpt>
    <trkpt lat="42.116181" lon="2.58603">
        <ele>753.2</ele>
        <time>2022-01-02T11:36:08.741Z</time>
    </trkpt>
    <trkpt lat="42.116198" lon="2.585972">
        <ele>752.7</ele>
        <time>2022-01-02T11:36:12.741Z</time>
    </trkpt>
    <trkpt lat="42.116238" lon="2.585918">
        <ele>750.6</ele>
        <time>2022-01-02T11:36:18.741Z</time>
    </trkpt>
    <trkpt lat="42.11622" lon="2.585856">
        <ele>752.0</ele>
        <time>2022-01-02T11:36:21.741Z</time>
    </trkpt>
    <trkpt lat="42.116229" lon="2.585792">
        <ele>751.4</ele>
        <time>2022-01-02T11:36:25.741Z</time>
    </trkpt>
    <trkpt lat="42.116231" lon="2.585728">
        <ele>751.4</ele>
        <time>2022-01-02T11:36:31.741Z</time>
    </trkpt>
    <trkpt lat="42.116249" lon="2.585662">
        <ele>750.8</ele>
        <time>2022-01-02T11:36:37.741Z</time>
    </trkpt>
    <trkpt lat="42.11625" lon="2.585585">
        <ele>751.0</ele>
        <time>2022-01-02T11:36:45.741Z</time>
    </trkpt>
    <trkpt lat="42.116234" lon="2.5855">
        <ele>749.8</ele>
        <time>2022-01-02T11:36:52.741Z</time>
    </trkpt>
    <trkpt lat="42.116213" lon="2.585446">
        <ele>748.8</ele>
        <time>2022-01-02T11:36:59.741Z</time>
    </trkpt>
    <trkpt lat="42.116234" lon="2.58539">
        <ele>746.3</ele>
        <time>2022-01-02T11:37:13.741Z</time>
    </trkpt>
    <trkpt lat="42.116279" lon="2.585388">
        <ele>744.6</ele>
        <time>2022-01-02T11:37:31.741Z</time>
    </trkpt>
    <trkpt lat="42.116333" lon="2.585384">
        <ele>742.6</ele>
        <time>2022-01-02T11:37:41.741Z</time>
    </trkpt>
    <trkpt lat="42.116384" lon="2.585409">
        <ele>741.4</ele>
        <time>2022-01-02T11:37:48.741Z</time>
    </trkpt>
    <trkpt lat="42.116435" lon="2.585427">
        <ele>739.6</ele>
        <time>2022-01-02T11:37:58.741Z</time>
    </trkpt>
    <trkpt lat="42.116482" lon="2.585447">
        <ele>737.6</ele>
        <time>2022-01-02T11:38:04.741Z</time>
    </trkpt>
    <trkpt lat="42.11653" lon="2.585475">
        <ele>735.5</ele>
        <time>2022-01-02T11:38:14.741Z</time>
    </trkpt>
    <trkpt lat="42.116579" lon="2.585479">
        <ele>732.8</ele>
        <time>2022-01-02T11:38:19.741Z</time>
    </trkpt>
    <trkpt lat="42.116631" lon="2.585461">
        <ele>729.7</ele>
        <time>2022-01-02T11:38:24.741Z</time>
    </trkpt>
    <trkpt lat="42.116661" lon="2.585405">
        <ele>727.8</ele>
        <time>2022-01-02T11:38:30.741Z</time>
    </trkpt>
    <trkpt lat="42.116643" lon="2.585338">
        <ele>728.2</ele>
        <time>2022-01-02T11:38:45.741Z</time>
    </trkpt>
    <trkpt lat="42.116616" lon="2.585282">
        <ele>728.9</ele>
        <time>2022-01-02T11:38:50.741Z</time>
    </trkpt>
    <trkpt lat="42.1166" lon="2.585225">
        <ele>729.7</ele>
        <time>2022-01-02T11:38:54.741Z</time>
    </trkpt>
    <trkpt lat="42.116645" lon="2.58521">
        <ele>728.0</ele>
        <time>2022-01-02T11:39:28.741Z</time>
    </trkpt>
    <trkpt lat="42.116678" lon="2.585164">
        <ele>726.5</ele>
        <time>2022-01-02T11:39:38.741Z</time>
    </trkpt>
    <trkpt lat="42.116715" lon="2.585115">
        <ele>724.2</ele>
        <time>2022-01-02T11:39:43.741Z</time>
    </trkpt>
    <trkpt lat="42.116742" lon="2.585062">
        <ele>722.2</ele>
        <time>2022-01-02T11:39:48.741Z</time>
    </trkpt>
    <trkpt lat="42.116786" lon="2.585025">
        <ele>718.8</ele>
        <time>2022-01-02T11:40:00.741Z</time>
    </trkpt>
    <trkpt lat="42.116803" lon="2.584961">
        <ele>718.9</ele>
        <time>2022-01-02T11:40:10.741Z</time>
    </trkpt>
    <trkpt lat="42.11683" lon="2.584904">
        <ele>719.3</ele>
        <time>2022-01-02T11:40:17.741Z</time>
    </trkpt>
    <trkpt lat="42.116876" lon="2.584884">
        <ele>716.7</ele>
        <time>2022-01-02T11:40:23.741Z</time>
    </trkpt>
    <trkpt lat="42.116931" lon="2.584862">
        <ele>713.6</ele>
        <time>2022-01-02T11:40:30.741Z</time>
    </trkpt>
    <trkpt lat="42.116965" lon="2.58481">
        <ele>713.0</ele>
        <time>2022-01-02T11:40:44.741Z</time>
    </trkpt>
    <trkpt lat="42.116993" lon="2.584865">
        <ele>708.9</ele>
        <time>2022-01-02T11:41:02.741Z</time>
    </trkpt>
    <trkpt lat="42.11698" lon="2.584928">
        <ele>707.6</ele>
        <time>2022-01-02T11:41:30.741Z</time>
    </trkpt>
    <trkpt lat="42.116979" lon="2.58503">
        <ele>705.7</ele>
        <time>2022-01-02T11:41:40.741Z</time>
    </trkpt>
    <trkpt lat="42.117031" lon="2.58502">
        <ele>702.3</ele>
        <time>2022-01-02T11:41:56.741Z</time>
    </trkpt>
    <trkpt lat="42.117066" lon="2.584963">
        <ele>700.8</ele>
        <time>2022-01-02T11:42:04.741Z</time>
    </trkpt>
    <trkpt lat="42.117072" lon="2.584899">
        <ele>702.3</ele>
        <time>2022-01-02T11:42:12.741Z</time>
    </trkpt>
    <trkpt lat="42.117123" lon="2.584937">
        <ele>697.8</ele>
        <time>2022-01-02T11:42:28.741Z</time>
    </trkpt>
    <trkpt lat="42.117175" lon="2.584926">
        <ele>694.6</ele>
        <time>2022-01-02T11:42:40.741Z</time>
    </trkpt>
    <trkpt lat="42.117204" lon="2.584878">
        <ele>693.6</ele>
        <time>2022-01-02T11:42:48.741Z</time>
    </trkpt>
    <trkpt lat="42.117234" lon="2.58493">
        <ele>690.8</ele>
        <time>2022-01-02T11:42:58.741Z</time>
    </trkpt>
    <trkpt lat="42.117249" lon="2.58487">
        <ele>691.0</ele>
        <time>2022-01-02T11:43:13.741Z</time>
    </trkpt>
    <trkpt lat="42.117266" lon="2.584814">
        <ele>690.9</ele>
        <time>2022-01-02T11:43:26.741Z</time>
    </trkpt>
    <trkpt lat="42.11731" lon="2.584778">
        <ele>688.8</ele>
        <time>2022-01-02T11:43:31.741Z</time>
    </trkpt>
    <trkpt lat="42.117355" lon="2.584795">
        <ele>686.1</ele>
        <time>2022-01-02T11:43:49.741Z</time>
    </trkpt>
    <trkpt lat="42.117413" lon="2.584817">
        <ele>682.7</ele>
        <time>2022-01-02T11:44:00.741Z</time>
    </trkpt>
    <trkpt lat="42.117451" lon="2.584777">
        <ele>680.3</ele>
        <time>2022-01-02T11:44:09.741Z</time>
    </trkpt>
    <trkpt lat="42.117498" lon="2.584754">
        <ele>677.4</ele>
        <time>2022-01-02T11:44:13.741Z</time>
    </trkpt>
    <trkpt lat="42.117544" lon="2.584742">
        <ele>675.6</ele>
        <time>2022-01-02T11:44:20.741Z</time>
    </trkpt>
    <trkpt lat="42.117592" lon="2.584754">
        <ele>673.8</ele>
        <time>2022-01-02T11:44:29.741Z</time>
    </trkpt>
    <trkpt lat="42.11764" lon="2.584724">
        <ele>671.6</ele>
        <time>2022-01-02T11:44:43.741Z</time>
    </trkpt>
    <trkpt lat="42.117669" lon="2.584668">
        <ele>672.4</ele>
        <time>2022-01-02T11:44:55.741Z</time>
    </trkpt>
    <trkpt lat="42.117712" lon="2.584646">
        <ele>671.2</ele>
        <time>2022-01-02T11:44:59.741Z</time>
    </trkpt>
    <trkpt lat="42.11776" lon="2.58463">
        <ele>669.5</ele>
        <time>2022-01-02T11:45:04.741Z</time>
    </trkpt>
    <trkpt lat="42.117805" lon="2.58464">
        <ele>667.3</ele>
        <time>2022-01-02T11:45:08.741Z</time>
    </trkpt>
    <trkpt lat="42.11786" lon="2.584653">
        <ele>665.0</ele>
        <time>2022-01-02T11:45:16.741Z</time>
    </trkpt>
    <trkpt lat="42.117908" lon="2.584636">
        <ele>663.6</ele>
        <time>2022-01-02T11:45:22.741Z</time>
    </trkpt>
    <trkpt lat="42.117947" lon="2.584602">
        <ele>662.8</ele>
        <time>2022-01-02T11:45:27.741Z</time>
    </trkpt>
    <trkpt lat="42.117992" lon="2.584575">
        <ele>661.3</ele>
        <time>2022-01-02T11:45:33.741Z</time>
    </trkpt>
    <trkpt lat="42.118035" lon="2.584517">
        <ele>660.2</ele>
        <time>2022-01-02T11:45:41.741Z</time>
    </trkpt>
    <trkpt lat="42.118066" lon="2.584465">
        <ele>659.4</ele>
        <time>2022-01-02T11:45:46.741Z</time>
    </trkpt>
    <trkpt lat="42.118105" lon="2.58443">
        <ele>659.1</ele>
        <time>2022-01-02T11:45:50.741Z</time>
    </trkpt>
    <trkpt lat="42.118158" lon="2.584463">
        <ele>656.6</ele>
        <time>2022-01-02T11:45:54.741Z</time>
    </trkpt>
    <trkpt lat="42.118207" lon="2.584483">
        <ele>654.8</ele>
        <time>2022-01-02T11:45:58.741Z</time>
    </trkpt>
    <trkpt lat="42.11825" lon="2.584503">
        <ele>653.3</ele>
        <time>2022-01-02T11:46:01.741Z</time>
    </trkpt>
    <trkpt lat="42.118295" lon="2.58452">
        <ele>651.7</ele>
        <time>2022-01-02T11:46:04.741Z</time>
    </trkpt>
    <trkpt lat="42.118337" lon="2.584549">
        <ele>650.1</ele>
        <time>2022-01-02T11:46:07.741Z</time>
    </trkpt>
    <trkpt lat="42.11835" lon="2.584611">
        <ele>649.3</ele>
        <time>2022-01-02T11:46:13.741Z</time>
    </trkpt>
    <trkpt lat="42.118404" lon="2.584638">
        <ele>647.6</ele>
        <time>2022-01-02T11:46:18.741Z</time>
    </trkpt>
    <trkpt lat="42.118378" lon="2.584709">
        <ele>647.8</ele>
        <time>2022-01-02T11:46:30.741Z</time>
    </trkpt>
    <trkpt lat="42.118421" lon="2.584726">
        <ele>646.6</ele>
        <time>2022-01-02T11:46:42.741Z</time>
    </trkpt>
    <trkpt lat="42.118475" lon="2.58471">
        <ele>645.0</ele>
        <time>2022-01-02T11:47:13.741Z</time>
    </trkpt>
    <trkpt lat="42.118527" lon="2.584714">
        <ele>643.5</ele>
        <time>2022-01-02T11:48:04.741Z</time>
    </trkpt>
    <trkpt lat="42.118461" lon="2.584679">
        <ele>645.8</ele>
        <time>2022-01-02T11:48:39.741Z</time>
    </trkpt>
    <trkpt lat="42.11851" lon="2.584689">
        <ele>644.3</ele>
        <time>2022-01-02T11:49:08.741Z</time>
    </trkpt>
    <trkpt lat="42.118547" lon="2.584727">
        <ele>643.1</ele>
        <time>2022-01-02T11:49:18.741Z</time>
    </trkpt>
    <trkpt lat="42.118604" lon="2.584755">
        <ele>642.6</ele>
        <time>2022-01-02T11:49:25.741Z</time>
    </trkpt>
    <trkpt lat="42.118651" lon="2.584759">
        <ele>641.7</ele>
        <time>2022-01-02T11:49:31.741Z</time>
    </trkpt>
    <trkpt lat="42.118701" lon="2.584784">
        <ele>641.4</ele>
        <time>2022-01-02T11:49:36.741Z</time>
    </trkpt>
    <trkpt lat="42.118745" lon="2.584802">
        <ele>641.0</ele>
        <time>2022-01-02T11:49:42.741Z</time>
    </trkpt>
    <trkpt lat="42.118793" lon="2.584823">
        <ele>640.6</ele>
        <time>2022-01-02T11:49:47.741Z</time>
    </trkpt>
    <trkpt lat="42.118844" lon="2.584833">
        <ele>639.8</ele>
        <time>2022-01-02T11:49:51.741Z</time>
    </trkpt>
    <trkpt lat="42.118896" lon="2.58484">
        <ele>638.7</ele>
        <time>2022-01-02T11:49:58.741Z</time>
    </trkpt>
    <trkpt lat="42.118938" lon="2.584868">
        <ele>638.5</ele>
        <time>2022-01-02T11:50:01.741Z</time>
    </trkpt>
    <trkpt lat="42.118993" lon="2.584884">
        <ele>637.6</ele>
        <time>2022-01-02T11:50:05.741Z</time>
    </trkpt>
    <trkpt lat="42.119044" lon="2.584895">
        <ele>636.6</ele>
        <time>2022-01-02T11:50:10.741Z</time>
    </trkpt>
    <trkpt lat="42.119088" lon="2.584918">
        <ele>636.0</ele>
        <time>2022-01-02T11:50:16.741Z</time>
    </trkpt>
    <trkpt lat="42.119132" lon="2.584935">
        <ele>635.4</ele>
        <time>2022-01-02T11:50:21.741Z</time>
    </trkpt>
    <trkpt lat="42.119178" lon="2.584938">
        <ele>634.1</ele>
        <time>2022-01-02T11:50:26.741Z</time>
    </trkpt>
    <trkpt lat="42.119212" lon="2.584887">
        <ele>632.0</ele>
        <time>2022-01-02T11:50:33.741Z</time>
    </trkpt>
    <trkpt lat="42.119244" lon="2.584838">
        <ele>629.8</ele>
        <time>2022-01-02T11:50:37.741Z</time>
    </trkpt>
    <trkpt lat="42.119276" lon="2.584783">
        <ele>627.5</ele>
        <time>2022-01-02T11:50:42.741Z</time>
    </trkpt>
    <trkpt lat="42.119269" lon="2.584701">
        <ele>626.2</ele>
        <time>2022-01-02T11:50:51.741Z</time>
    </trkpt>
    <trkpt lat="42.11927" lon="2.584638">
        <ele>626.7</ele>
        <time>2022-01-02T11:50:55.741Z</time>
    </trkpt>
    <trkpt lat="42.11928" lon="2.584562">
        <ele>626.8</ele>
        <time>2022-01-02T11:50:59.741Z</time>
    </trkpt>
    <trkpt lat="42.119327" lon="2.584529">
        <ele>626.0</ele>
        <time>2022-01-02T11:51:06.741Z</time>
    </trkpt>
    <trkpt lat="42.119373" lon="2.584545">
        <ele>624.7</ele>
        <time>2022-01-02T11:51:12.741Z</time>
    </trkpt>
    <trkpt lat="42.119427" lon="2.584546">
        <ele>623.3</ele>
        <time>2022-01-02T11:51:18.741Z</time>
    </trkpt>
    <trkpt lat="42.119478" lon="2.584545">
        <ele>622.2</ele>
        <time>2022-01-02T11:51:24.741Z</time>
    </trkpt>
    <trkpt lat="42.119529" lon="2.58453">
        <ele>621.5</ele>
        <time>2022-01-02T11:51:29.741Z</time>
    </trkpt>
    <trkpt lat="42.119576" lon="2.584504">
        <ele>620.8</ele>
        <time>2022-01-02T11:51:38.741Z</time>
    </trkpt>
    <trkpt lat="42.119625" lon="2.584487">
        <ele>620.1</ele>
        <time>2022-01-02T11:51:42.741Z</time>
    </trkpt>
    <trkpt lat="42.11967" lon="2.584472">
        <ele>619.5</ele>
        <time>2022-01-02T11:51:47.741Z</time>
    </trkpt>
    <trkpt lat="42.119716" lon="2.584457">
        <ele>618.9</ele>
        <time>2022-01-02T11:51:51.741Z</time>
    </trkpt>
    <trkpt lat="42.119765" lon="2.584442">
        <ele>618.6</ele>
        <time>2022-01-02T11:51:55.741Z</time>
    </trkpt>
    <trkpt lat="42.119815" lon="2.584441">
        <ele>618.2</ele>
        <time>2022-01-02T11:52:01.741Z</time>
    </trkpt>
    <trkpt lat="42.119867" lon="2.584421">
        <ele>618.2</ele>
        <time>2022-01-02T11:52:07.741Z</time>
    </trkpt>
    <trkpt lat="42.119918" lon="2.58441">
        <ele>618.2</ele>
        <time>2022-01-02T11:52:12.741Z</time>
    </trkpt>
    <trkpt lat="42.119966" lon="2.584415">
        <ele>617.6</ele>
        <time>2022-01-02T11:52:17.741Z</time>
    </trkpt>
    <trkpt lat="42.120017" lon="2.584425">
        <ele>616.8</ele>
        <time>2022-01-02T11:52:21.741Z</time>
    </trkpt>
    <trkpt lat="42.120065" lon="2.584438">
        <ele>615.9</ele>
        <time>2022-01-02T11:52:25.741Z</time>
    </trkpt>
    <trkpt lat="42.120112" lon="2.584461">
        <ele>614.9</ele>
        <time>2022-01-02T11:52:28.741Z</time>
    </trkpt>
    <trkpt lat="42.120153" lon="2.584485">
        <ele>613.9</ele>
        <time>2022-01-02T11:52:33.741Z</time>
    </trkpt>
    <trkpt lat="42.120207" lon="2.584508">
        <ele>612.8</ele>
        <time>2022-01-02T11:52:41.741Z</time>
    </trkpt>
    <trkpt lat="42.12026" lon="2.584528">
        <ele>611.7</ele>
        <time>2022-01-02T11:52:46.741Z</time>
    </trkpt>
    <trkpt lat="42.12032" lon="2.584537">
        <ele>611.2</ele>
        <time>2022-01-02T11:52:53.741Z</time>
    </trkpt>
    <trkpt lat="42.120367" lon="2.584564">
        <ele>610.3</ele>
        <time>2022-01-02T11:52:59.741Z</time>
    </trkpt>
    <trkpt lat="42.120413" lon="2.584585">
        <ele>609.5</ele>
        <time>2022-01-02T11:53:03.741Z</time>
    </trkpt>
    <trkpt lat="42.120462" lon="2.584607">
        <ele>608.8</ele>
        <time>2022-01-02T11:53:08.741Z</time>
    </trkpt>
    <trkpt lat="42.120506" lon="2.584627">
        <ele>607.9</ele>
        <time>2022-01-02T11:53:12.741Z</time>
    </trkpt>
    <trkpt lat="42.120549" lon="2.584658">
        <ele>607.0</ele>
        <time>2022-01-02T11:53:17.741Z</time>
    </trkpt>
    <trkpt lat="42.120605" lon="2.584672">
        <ele>606.4</ele>
        <time>2022-01-02T11:53:21.741Z</time>
    </trkpt>
    <trkpt lat="42.120642" lon="2.584707">
        <ele>605.2</ele>
        <time>2022-01-02T11:53:26.741Z</time>
    </trkpt>
    <trkpt lat="42.120683" lon="2.584736">
        <ele>604.3</ele>
        <time>2022-01-02T11:53:32.741Z</time>
    </trkpt>
    <trkpt lat="42.120736" lon="2.584741">
        <ele>603.9</ele>
        <time>2022-01-02T11:53:38.741Z</time>
    </trkpt>
    <trkpt lat="42.120778" lon="2.584764">
        <ele>603.2</ele>
        <time>2022-01-02T11:53:42.741Z</time>
    </trkpt>
    <trkpt lat="42.120831" lon="2.584794">
        <ele>602.2</ele>
        <time>2022-01-02T11:53:47.741Z</time>
    </trkpt>
    <trkpt lat="42.120876" lon="2.584801">
        <ele>601.4</ele>
        <time>2022-01-02T11:53:52.741Z</time>
    </trkpt>
    <trkpt lat="42.120926" lon="2.584781">
        <ele>601.4</ele>
        <time>2022-01-02T11:53:58.741Z</time>
    </trkpt>
    <trkpt lat="42.120968" lon="2.584725">
        <ele>602.1</ele>
        <time>2022-01-02T11:54:05.741Z</time>
    </trkpt>
    <trkpt lat="42.121026" lon="2.584698">
        <ele>602.0</ele>
        <time>2022-01-02T11:54:11.741Z</time>
    </trkpt>
    <trkpt lat="42.121067" lon="2.584662">
        <ele>602.5</ele>
        <time>2022-01-02T11:54:16.741Z</time>
    </trkpt>
    <trkpt lat="42.121113" lon="2.584648">
        <ele>602.2</ele>
        <time>2022-01-02T11:54:22.741Z</time>
    </trkpt>
    <trkpt lat="42.121159" lon="2.584631">
        <ele>601.4</ele>
        <time>2022-01-02T11:54:26.741Z</time>
    </trkpt>
    <trkpt lat="42.121205" lon="2.584605">
        <ele>600.8</ele>
        <time>2022-01-02T11:54:29.741Z</time>
    </trkpt>
    <trkpt lat="42.121242" lon="2.584559">
        <ele>600.8</ele>
        <time>2022-01-02T11:54:33.741Z</time>
    </trkpt>
    <trkpt lat="42.121282" lon="2.584515">
        <ele>600.8</ele>
        <time>2022-01-02T11:54:37.741Z</time>
    </trkpt>
    <trkpt lat="42.121302" lon="2.584452">
        <ele>601.6</ele>
        <time>2022-01-02T11:54:42.741Z</time>
    </trkpt>
    <trkpt lat="42.12132" lon="2.584393">
        <ele>602.1</ele>
        <time>2022-01-02T11:54:47.741Z</time>
    </trkpt>
    <trkpt lat="42.121332" lon="2.58433">
        <ele>602.7</ele>
        <time>2022-01-02T11:54:51.741Z</time>
    </trkpt>
    <trkpt lat="42.121362" lon="2.584285">
        <ele>602.4</ele>
        <time>2022-01-02T11:54:54.741Z</time>
    </trkpt>
    <trkpt lat="42.121391" lon="2.584216">
        <ele>602.3</ele>
        <time>2022-01-02T11:54:59.741Z</time>
    </trkpt>
    <trkpt lat="42.121433" lon="2.584178">
        <ele>601.7</ele>
        <time>2022-01-02T11:55:02.741Z</time>
    </trkpt>
    <trkpt lat="42.121488" lon="2.584166">
        <ele>600.2</ele>
        <time>2022-01-02T11:55:10.741Z</time>
    </trkpt>
    <trkpt lat="42.121532" lon="2.584149">
        <ele>599.1</ele>
        <time>2022-01-02T11:55:14.741Z</time>
    </trkpt>
    <trkpt lat="42.121568" lon="2.584102">
        <ele>598.8</ele>
        <time>2022-01-02T11:55:19.741Z</time>
    </trkpt>
    <trkpt lat="42.121615" lon="2.58408">
        <ele>597.8</ele>
        <time>2022-01-02T11:55:23.741Z</time>
    </trkpt>
    <trkpt lat="42.121668" lon="2.584107">
        <ele>596.0</ele>
        <time>2022-01-02T11:55:27.741Z</time>
    </trkpt>
    <trkpt lat="42.121729" lon="2.584124">
        <ele>595.6</ele>
        <time>2022-01-02T11:55:31.741Z</time>
    </trkpt>
    <trkpt lat="42.121774" lon="2.584154">
        <ele>594.9</ele>
        <time>2022-01-02T11:55:34.741Z</time>
    </trkpt>
    <trkpt lat="42.121817" lon="2.58417">
        <ele>594.4</ele>
        <time>2022-01-02T11:55:37.741Z</time>
    </trkpt>
    <trkpt lat="42.121866" lon="2.584185">
        <ele>593.9</ele>
        <time>2022-01-02T11:55:41.741Z</time>
    </trkpt>
    <trkpt lat="42.121898" lon="2.584229">
        <ele>592.9</ele>
        <time>2022-01-02T11:55:45.741Z</time>
    </trkpt>
    <trkpt lat="42.121938" lon="2.58426">
        <ele>592.1</ele>
        <time>2022-01-02T11:55:50.741Z</time>
    </trkpt>
    <trkpt lat="42.121972" lon="2.584312">
        <ele>591.0</ele>
        <time>2022-01-02T11:55:55.741Z</time>
    </trkpt>
    <trkpt lat="42.122028" lon="2.584317">
        <ele>591.0</ele>
        <time>2022-01-02T11:56:00.741Z</time>
    </trkpt>
    <trkpt lat="42.122087" lon="2.584324">
        <ele>590.8</ele>
        <time>2022-01-02T11:56:05.741Z</time>
    </trkpt>
    <trkpt lat="42.122136" lon="2.584333">
        <ele>590.7</ele>
        <time>2022-01-02T11:56:08.741Z</time>
    </trkpt>
    <trkpt lat="42.122178" lon="2.584384">
        <ele>589.6</ele>
        <time>2022-01-02T11:56:12.741Z</time>
    </trkpt>
    <trkpt lat="42.122205" lon="2.584435">
        <ele>588.3</ele>
        <time>2022-01-02T11:56:15.741Z</time>
    </trkpt>
    <trkpt lat="42.122257" lon="2.58444">
        <ele>588.0</ele>
        <time>2022-01-02T11:56:21.741Z</time>
    </trkpt>
    <trkpt lat="42.122302" lon="2.584432">
        <ele>588.2</ele>
        <time>2022-01-02T11:56:26.741Z</time>
    </trkpt>
    <trkpt lat="42.122351" lon="2.584414">
        <ele>588.4</ele>
        <time>2022-01-02T11:56:35.741Z</time>
    </trkpt>
    <trkpt lat="42.122396" lon="2.584399">
        <ele>588.7</ele>
        <time>2022-01-02T11:56:40.741Z</time>
    </trkpt>
    <trkpt lat="42.122443" lon="2.584387">
        <ele>589.1</ele>
        <time>2022-01-02T11:56:45.741Z</time>
    </trkpt>
    <trkpt lat="42.1225" lon="2.584378">
        <ele>589.3</ele>
        <time>2022-01-02T11:56:49.741Z</time>
    </trkpt>
    <trkpt lat="42.122548" lon="2.584367">
        <ele>588.6</ele>
        <time>2022-01-02T11:56:52.741Z</time>
    </trkpt>
    <trkpt lat="42.122599" lon="2.584376">
        <ele>587.3</ele>
        <time>2022-01-02T11:57:01.741Z</time>
    </trkpt>
    <trkpt lat="42.122648" lon="2.584365">
        <ele>586.8</ele>
        <time>2022-01-02T11:57:07.741Z</time>
    </trkpt>
    <trkpt lat="42.122691" lon="2.584337">
        <ele>587.3</ele>
        <time>2022-01-02T11:57:11.741Z</time>
    </trkpt>
    <trkpt lat="42.122738" lon="2.584294">
        <ele>588.2</ele>
        <time>2022-01-02T11:57:15.741Z</time>
    </trkpt>
    <trkpt lat="42.122784" lon="2.584281">
        <ele>588.1</ele>
        <time>2022-01-02T11:57:18.741Z</time>
    </trkpt>
    <trkpt lat="42.122836" lon="2.58427">
        <ele>587.8</ele>
        <time>2022-01-02T11:57:21.741Z</time>
    </trkpt>
    <trkpt lat="42.122884" lon="2.584229">
        <ele>589.0</ele>
        <time>2022-01-02T11:57:25.741Z</time>
    </trkpt>
    <trkpt lat="42.122934" lon="2.584206">
        <ele>589.1</ele>
        <time>2022-01-02T11:57:29.741Z</time>
    </trkpt>
    <trkpt lat="42.122988" lon="2.584165">
        <ele>590.0</ele>
        <time>2022-01-02T11:57:33.741Z</time>
    </trkpt>
    <trkpt lat="42.123042" lon="2.584155">
        <ele>589.8</ele>
        <time>2022-01-02T11:57:38.741Z</time>
    </trkpt>
    <trkpt lat="42.123091" lon="2.584141">
        <ele>589.7</ele>
        <time>2022-01-02T11:57:42.741Z</time>
    </trkpt>
    <trkpt lat="42.123138" lon="2.584129">
        <ele>589.7</ele>
        <time>2022-01-02T11:57:45.741Z</time>
    </trkpt>
    <trkpt lat="42.123192" lon="2.584111">
        <ele>590.0</ele>
        <time>2022-01-02T11:57:49.741Z</time>
    </trkpt>
    <trkpt lat="42.123246" lon="2.584095">
        <ele>590.2</ele>
        <time>2022-01-02T11:57:53.741Z</time>
    </trkpt>
    <trkpt lat="42.123293" lon="2.584064">
        <ele>591.2</ele>
        <time>2022-01-02T11:57:59.741Z</time>
    </trkpt>
    <trkpt lat="42.123344" lon="2.584041">
        <ele>591.8</ele>
        <time>2022-01-02T11:58:07.741Z</time>
    </trkpt>
    <trkpt lat="42.123397" lon="2.584009">
        <ele>592.5</ele>
        <time>2022-01-02T11:58:11.741Z</time>
    </trkpt>
    <trkpt lat="42.123454" lon="2.584006">
        <ele>591.7</ele>
        <time>2022-01-02T11:58:17.741Z</time>
    </trkpt>
    <trkpt lat="42.123501" lon="2.583997">
        <ele>591.4</ele>
        <time>2022-01-02T11:58:20.741Z</time>
    </trkpt>
    <trkpt lat="42.123549" lon="2.583974">
        <ele>591.6</ele>
        <time>2022-01-02T11:58:26.741Z</time>
    </trkpt>
    <trkpt lat="42.123589" lon="2.58394">
        <ele>592.3</ele>
        <time>2022-01-02T11:58:31.741Z</time>
    </trkpt>
    <trkpt lat="42.123643" lon="2.583925">
        <ele>592.0</ele>
        <time>2022-01-02T11:58:36.741Z</time>
    </trkpt>
    <trkpt lat="42.123686" lon="2.583897">
        <ele>592.1</ele>
        <time>2022-01-02T11:58:40.741Z</time>
    </trkpt>
    <trkpt lat="42.12373" lon="2.583871">
        <ele>592.2</ele>
        <time>2022-01-02T11:58:46.741Z</time>
    </trkpt>
    <trkpt lat="42.123773" lon="2.583848">
        <ele>592.1</ele>
        <time>2022-01-02T11:58:51.741Z</time>
    </trkpt>
    <trkpt lat="42.123821" lon="2.583826">
        <ele>592.1</ele>
        <time>2022-01-02T11:58:54.741Z</time>
    </trkpt>
    <trkpt lat="42.123874" lon="2.583797">
        <ele>592.0</ele>
        <time>2022-01-02T11:58:57.741Z</time>
    </trkpt>
    <trkpt lat="42.123923" lon="2.583764">
        <ele>592.3</ele>
        <time>2022-01-02T11:59:00.741Z</time>
    </trkpt>
    <trkpt lat="42.123967" lon="2.583786">
        <ele>590.7</ele>
        <time>2022-01-02T11:59:04.741Z</time>
    </trkpt>
    <trkpt lat="42.124025" lon="2.583811">
        <ele>589.0</ele>
        <time>2022-01-02T11:59:09.741Z</time>
    </trkpt>
    <trkpt lat="42.124087" lon="2.583818">
        <ele>587.6</ele>
        <time>2022-01-02T11:59:13.741Z</time>
    </trkpt>
    <trkpt lat="42.124138" lon="2.583813">
        <ele>586.9</ele>
        <time>2022-01-02T11:59:16.741Z</time>
    </trkpt>
    <trkpt lat="42.124185" lon="2.5838">
        <ele>586.9</ele>
        <time>2022-01-02T11:59:21.741Z</time>
    </trkpt>
    <trkpt lat="42.124222" lon="2.583762">
        <ele>588.0</ele>
        <time>2022-01-02T11:59:25.741Z</time>
    </trkpt>
    <trkpt lat="42.12427" lon="2.583731">
        <ele>588.6</ele>
        <time>2022-01-02T11:59:30.741Z</time>
    </trkpt>
    <trkpt lat="42.124316" lon="2.583719">
        <ele>588.8</ele>
        <time>2022-01-02T11:59:33.741Z</time>
    </trkpt>
    <trkpt lat="42.124363" lon="2.58371">
        <ele>588.8</ele>
        <time>2022-01-02T11:59:36.741Z</time>
    </trkpt>
    <trkpt lat="42.124408" lon="2.583677">
        <ele>589.1</ele>
        <time>2022-01-02T11:59:41.741Z</time>
    </trkpt>
    <trkpt lat="42.124459" lon="2.583676">
        <ele>588.7</ele>
        <time>2022-01-02T11:59:45.741Z</time>
    </trkpt>
    <trkpt lat="42.124506" lon="2.583678">
        <ele>588.2</ele>
        <time>2022-01-02T11:59:48.741Z</time>
    </trkpt>
    <trkpt lat="42.124552" lon="2.583698">
        <ele>587.4</ele>
        <time>2022-01-02T11:59:51.741Z</time>
    </trkpt>
    <trkpt lat="42.124599" lon="2.583711">
        <ele>586.5</ele>
        <time>2022-01-02T11:59:55.741Z</time>
    </trkpt>
    <trkpt lat="42.12466" lon="2.583724">
        <ele>585.6</ele>
        <time>2022-01-02T11:59:59.741Z</time>
    </trkpt>
    <trkpt lat="42.124708" lon="2.583722">
        <ele>585.2</ele>
        <time>2022-01-02T12:00:03.741Z</time>
    </trkpt>
    <trkpt lat="42.124757" lon="2.583708">
        <ele>585.2</ele>
        <time>2022-01-02T12:00:08.741Z</time>
    </trkpt>
    <trkpt lat="42.124824" lon="2.583713">
        <ele>584.9</ele>
        <time>2022-01-02T12:00:15.741Z</time>
    </trkpt>
    <trkpt lat="42.124871" lon="2.583702">
        <ele>585.0</ele>
        <time>2022-01-02T12:00:18.741Z</time>
    </trkpt>
    <trkpt lat="42.124941" lon="2.583726">
        <ele>584.4</ele>
        <time>2022-01-02T12:00:25.741Z</time>
    </trkpt>
    <trkpt lat="42.12499" lon="2.583722">
        <ele>584.2</ele>
        <time>2022-01-02T12:00:29.741Z</time>
    </trkpt>
    <trkpt lat="42.125042" lon="2.58372">
        <ele>584.1</ele>
        <time>2022-01-02T12:00:33.741Z</time>
    </trkpt>
    <trkpt lat="42.125094" lon="2.583718">
        <ele>584.1</ele>
        <time>2022-01-02T12:00:37.741Z</time>
    </trkpt>
    <trkpt lat="42.125154" lon="2.583711">
        <ele>584.0</ele>
        <time>2022-01-02T12:00:41.741Z</time>
    </trkpt>
    <trkpt lat="42.125207" lon="2.58371">
        <ele>583.9</ele>
        <time>2022-01-02T12:00:44.741Z</time>
    </trkpt>
    <trkpt lat="42.125266" lon="2.583727">
        <ele>583.2</ele>
        <time>2022-01-02T12:00:47.741Z</time>
    </trkpt>
    <trkpt lat="42.12532" lon="2.583733">
        <ele>583.5</ele>
        <time>2022-01-02T12:00:50.741Z</time>
    </trkpt>
    <trkpt lat="42.125373" lon="2.583731">
        <ele>584.2</ele>
        <time>2022-01-02T12:00:53.741Z</time>
    </trkpt>
    <trkpt lat="42.125419" lon="2.583743">
        <ele>584.5</ele>
        <time>2022-01-02T12:00:56.741Z</time>
    </trkpt>
    <trkpt lat="42.125476" lon="2.583743">
        <ele>585.2</ele>
        <time>2022-01-02T12:00:59.741Z</time>
    </trkpt>
    <trkpt lat="42.125528" lon="2.583732">
        <ele>586.3</ele>
        <time>2022-01-02T12:01:02.741Z</time>
    </trkpt>
    <trkpt lat="42.12558" lon="2.583725">
        <ele>587.1</ele>
        <time>2022-01-02T12:01:05.741Z</time>
    </trkpt>
    <trkpt lat="42.125636" lon="2.583722">
        <ele>587.3</ele>
        <time>2022-01-02T12:01:08.741Z</time>
    </trkpt>
    <trkpt lat="42.125691" lon="2.583721">
        <ele>587.6</ele>
        <time>2022-01-02T12:01:11.741Z</time>
    </trkpt>
    <trkpt lat="42.125746" lon="2.583719">
        <ele>587.8</ele>
        <time>2022-01-02T12:01:14.741Z</time>
    </trkpt>
    <trkpt lat="42.125803" lon="2.583742">
        <ele>587.3</ele>
        <time>2022-01-02T12:01:18.741Z</time>
    </trkpt>
    <trkpt lat="42.125849" lon="2.583766">
        <ele>586.4</ele>
        <time>2022-01-02T12:01:21.741Z</time>
    </trkpt>
    <trkpt lat="42.125899" lon="2.58374">
        <ele>587.2</ele>
        <time>2022-01-02T12:01:27.741Z</time>
    </trkpt>
    <trkpt lat="42.125947" lon="2.583734">
        <ele>587.0</ele>
        <time>2022-01-02T12:01:33.741Z</time>
    </trkpt>
    <trkpt lat="42.125997" lon="2.583734">
        <ele>586.8</ele>
        <time>2022-01-02T12:01:39.741Z</time>
    </trkpt>
    <trkpt lat="42.126051" lon="2.583748">
        <ele>586.3</ele>
        <time>2022-01-02T12:01:43.741Z</time>
    </trkpt>
    <trkpt lat="42.126097" lon="2.583755">
        <ele>586.0</ele>
        <time>2022-01-02T12:01:46.741Z</time>
    </trkpt>
    <trkpt lat="42.126163" lon="2.583756">
        <ele>585.7</ele>
        <time>2022-01-02T12:01:50.741Z</time>
    </trkpt>
    <trkpt lat="42.126216" lon="2.58375">
        <ele>585.7</ele>
        <time>2022-01-02T12:01:53.741Z</time>
    </trkpt>
    <trkpt lat="42.126278" lon="2.583725">
        <ele>585.6</ele>
        <time>2022-01-02T12:01:57.741Z</time>
    </trkpt>
    <trkpt lat="42.126335" lon="2.583705">
        <ele>585.4</ele>
        <time>2022-01-02T12:02:01.741Z</time>
    </trkpt>
    <trkpt lat="42.12638" lon="2.583702">
        <ele>585.2</ele>
        <time>2022-01-02T12:02:04.741Z</time>
    </trkpt>
    <trkpt lat="42.126434" lon="2.583724">
        <ele>584.5</ele>
        <time>2022-01-02T12:02:08.741Z</time>
    </trkpt>
    <trkpt lat="42.126484" lon="2.583755">
        <ele>583.8</ele>
        <time>2022-01-02T12:02:12.741Z</time>
    </trkpt>
    <trkpt lat="42.126528" lon="2.583794">
        <ele>583.6</ele>
        <time>2022-01-02T12:02:16.741Z</time>
    </trkpt>
    <trkpt lat="42.126569" lon="2.583828">
        <ele>583.4</ele>
        <time>2022-01-02T12:02:20.741Z</time>
    </trkpt>
    <trkpt lat="42.12662" lon="2.583834">
        <ele>582.8</ele>
        <time>2022-01-02T12:02:25.741Z</time>
    </trkpt>
    <trkpt lat="42.126665" lon="2.583796">
        <ele>582.0</ele>
        <time>2022-01-02T12:02:32.741Z</time>
    </trkpt>
    <trkpt lat="42.126711" lon="2.583797">
        <ele>581.1</ele>
        <time>2022-01-02T12:02:37.741Z</time>
    </trkpt>
    <trkpt lat="42.126764" lon="2.583821">
        <ele>580.3</ele>
        <time>2022-01-02T12:02:41.741Z</time>
    </trkpt>
    <trkpt lat="42.126818" lon="2.583843">
        <ele>579.4</ele>
        <time>2022-01-02T12:02:46.741Z</time>
    </trkpt>
    <trkpt lat="42.126864" lon="2.58386">
        <ele>578.9</ele>
        <time>2022-01-02T12:02:49.741Z</time>
    </trkpt>
    <trkpt lat="42.126916" lon="2.583889">
        <ele>578.6</ele>
        <time>2022-01-02T12:02:53.741Z</time>
    </trkpt>
    <trkpt lat="42.126962" lon="2.583915">
        <ele>577.2</ele>
        <time>2022-01-02T12:02:57.741Z</time>
    </trkpt>
    <trkpt lat="42.127008" lon="2.583924">
        <ele>576.1</ele>
        <time>2022-01-02T12:03:01.741Z</time>
    </trkpt>
    <trkpt lat="42.127044" lon="2.58397">
        <ele>575.0</ele>
        <time>2022-01-02T12:03:05.741Z</time>
    </trkpt>
    <trkpt lat="42.127073" lon="2.584032">
        <ele>574.3</ele>
        <time>2022-01-02T12:03:10.741Z</time>
    </trkpt>
    <trkpt lat="42.127084" lon="2.584091">
        <ele>574.0</ele>
        <time>2022-01-02T12:03:14.741Z</time>
    </trkpt>
    <trkpt lat="42.12713" lon="2.584116">
        <ele>573.5</ele>
        <time>2022-01-02T12:03:17.741Z</time>
    </trkpt>
    <trkpt lat="42.127178" lon="2.584086">
        <ele>572.7</ele>
        <time>2022-01-02T12:03:22.741Z</time>
    </trkpt>
    <trkpt lat="42.127229" lon="2.584091">
        <ele>572.0</ele>
        <time>2022-01-02T12:03:29.741Z</time>
    </trkpt>
    <trkpt lat="42.127269" lon="2.584139">
        <ele>571.9</ele>
        <time>2022-01-02T12:03:34.741Z</time>
    </trkpt>
    <trkpt lat="42.127319" lon="2.584115">
        <ele>570.7</ele>
        <time>2022-01-02T12:03:42.741Z</time>
    </trkpt>
    <trkpt lat="42.127362" lon="2.584077">
        <ele>569.3</ele>
        <time>2022-01-02T12:03:55.741Z</time>
    </trkpt>
    <trkpt lat="42.127406" lon="2.584056">
        <ele>568.1</ele>
        <time>2022-01-02T12:04:00.741Z</time>
    </trkpt>
    <trkpt lat="42.127408" lon="2.583991">
        <ele>567.0</ele>
        <time>2022-01-02T12:05:17.741Z</time>
    </trkpt>
    <trkpt lat="42.127381" lon="2.583935">
        <ele>566.8</ele>
        <time>2022-01-02T12:05:28.741Z</time>
    </trkpt>
    <trkpt lat="42.127416" lon="2.583884">
        <ele>565.0</ele>
        <time>2022-01-02T12:05:50.741Z</time>
    </trkpt>
    <trkpt lat="42.12743" lon="2.583821">
        <ele>563.2</ele>
        <time>2022-01-02T12:05:55.741Z</time>
    </trkpt>
    <trkpt lat="42.127453" lon="2.583765">
        <ele>561.5</ele>
        <time>2022-01-02T12:06:05.741Z</time>
    </trkpt>
    <trkpt lat="42.127497" lon="2.583798">
        <ele>561.1</ele>
        <time>2022-01-02T12:06:58.741Z</time>
    </trkpt>
    <trkpt lat="42.127531" lon="2.583841">
        <ele>560.6</ele>
        <time>2022-01-02T12:07:02.741Z</time>
    </trkpt>
    <trkpt lat="42.127566" lon="2.583884">
        <ele>560.0</ele>
        <time>2022-01-02T12:07:30.741Z</time>
    </trkpt>
    <trkpt lat="42.127604" lon="2.583925">
        <ele>559.2</ele>
        <time>2022-01-02T12:07:36.741Z</time>
    </trkpt>
    <trkpt lat="42.127643" lon="2.583975">
        <ele>558.6</ele>
        <time>2022-01-02T12:07:43.741Z</time>
    </trkpt>
    <trkpt lat="42.127671" lon="2.584032">
        <ele>558.6</ele>
        <time>2022-01-02T12:07:51.741Z</time>
    </trkpt>
    <trkpt lat="42.127697" lon="2.584083">
        <ele>558.5</ele>
        <time>2022-01-02T12:07:56.741Z</time>
    </trkpt>
    <trkpt lat="42.127718" lon="2.584027">
        <ele>556.5</ele>
        <time>2022-01-02T12:08:06.741Z</time>
    </trkpt>
    <trkpt lat="42.127681" lon="2.58399">
        <ele>557.2</ele>
        <time>2022-01-02T12:08:22.741Z</time>
    </trkpt>
    <trkpt lat="42.127654" lon="2.58394">
        <ele>557.4</ele>
        <time>2022-01-02T12:08:28.741Z</time>
    </trkpt>
    <trkpt lat="42.127642" lon="2.583879">
        <ele>556.7</ele>
        <time>2022-01-02T12:08:32.741Z</time>
    </trkpt>
    <trkpt lat="42.127629" lon="2.583814">
        <ele>556.0</ele>
        <time>2022-01-02T12:08:47.741Z</time>
    </trkpt>
    <trkpt lat="42.127601" lon="2.583765">
        <ele>556.1</ele>
        <time>2022-01-02T12:09:03.741Z</time>
    </trkpt>
    <trkpt lat="42.127603" lon="2.583702">
        <ele>554.8</ele>
        <time>2022-01-02T12:09:12.741Z</time>
    </trkpt>
    <trkpt lat="42.127591" lon="2.583635">
        <ele>554.0</ele>
        <time>2022-01-02T12:09:19.741Z</time>
    </trkpt>
    <trkpt lat="42.127558" lon="2.583589">
        <ele>554.2</ele>
        <time>2022-01-02T12:09:22.741Z</time>
    </trkpt>
    <trkpt lat="42.127513" lon="2.583542">
        <ele>554.9</ele>
        <time>2022-01-02T12:09:26.741Z</time>
    </trkpt>
    <trkpt lat="42.127467" lon="2.583499">
        <ele>554.7</ele>
        <time>2022-01-02T12:09:30.741Z</time>
    </trkpt>
    <trkpt lat="42.127431" lon="2.583461">
        <ele>554.4</ele>
        <time>2022-01-02T12:09:34.741Z</time>
    </trkpt>
    <trkpt lat="42.127397" lon="2.583417">
        <ele>553.8</ele>
        <time>2022-01-02T12:09:40.741Z</time>
    </trkpt>
    <trkpt lat="42.127369" lon="2.583364">
        <ele>552.8</ele>
        <time>2022-01-02T12:10:20.741Z</time>
    </trkpt>
    <trkpt lat="42.127324" lon="2.583344">
        <ele>552.9</ele>
        <time>2022-01-02T12:10:26.741Z</time>
    </trkpt>
    <trkpt lat="42.127286" lon="2.583307">
        <ele>552.3</ele>
        <time>2022-01-02T12:10:32.741Z</time>
    </trkpt>
    <trkpt lat="42.127244" lon="2.583283">
        <ele>552.3</ele>
        <time>2022-01-02T12:10:37.741Z</time>
    </trkpt>
    <trkpt lat="42.127201" lon="2.583257">
        <ele>552.4</ele>
        <time>2022-01-02T12:10:43.741Z</time>
    </trkpt>
    <trkpt lat="42.127154" lon="2.583213">
        <ele>552.6</ele>
        <time>2022-01-02T12:10:48.741Z</time>
    </trkpt>
    <trkpt lat="42.127121" lon="2.583167">
        <ele>552.3</ele>
        <time>2022-01-02T12:10:52.741Z</time>
    </trkpt>
    <trkpt lat="42.127096" lon="2.583116">
        <ele>551.8</ele>
        <time>2022-01-02T12:10:56.741Z</time>
    </trkpt>
    <trkpt lat="42.127059" lon="2.583081">
        <ele>552.0</ele>
        <time>2022-01-02T12:11:00.741Z</time>
    </trkpt>
    <trkpt lat="42.127031" lon="2.583014">
        <ele>551.0</ele>
        <time>2022-01-02T12:11:04.741Z</time>
    </trkpt>
    <trkpt lat="42.12701" lon="2.582942">
        <ele>549.8</ele>
        <time>2022-01-02T12:11:09.741Z</time>
    </trkpt>
    <trkpt lat="42.126984" lon="2.582883">
        <ele>548.9</ele>
        <time>2022-01-02T12:11:13.741Z</time>
    </trkpt>
    <trkpt lat="42.126941" lon="2.58284">
        <ele>549.0</ele>
        <time>2022-01-02T12:11:17.741Z</time>
    </trkpt>
    <trkpt lat="42.126902" lon="2.582804">
        <ele>549.0</ele>
        <time>2022-01-02T12:11:21.741Z</time>
    </trkpt>
    <trkpt lat="42.126876" lon="2.582743">
        <ele>548.2</ele>
        <time>2022-01-02T12:11:26.741Z</time>
    </trkpt>
    <trkpt lat="42.126846" lon="2.582694">
        <ele>547.9</ele>
        <time>2022-01-02T12:11:30.741Z</time>
    </trkpt>
    <trkpt lat="42.12681" lon="2.58264">
        <ele>547.6</ele>
        <time>2022-01-02T12:11:35.741Z</time>
    </trkpt>
    <trkpt lat="42.126771" lon="2.582576">
        <ele>547.4</ele>
        <time>2022-01-02T12:11:39.741Z</time>
    </trkpt>
    <trkpt lat="42.126749" lon="2.582519">
        <ele>546.9</ele>
        <time>2022-01-02T12:11:42.741Z</time>
    </trkpt>
    <trkpt lat="42.126712" lon="2.582459">
        <ele>546.8</ele>
        <time>2022-01-02T12:11:46.741Z</time>
    </trkpt>
    <trkpt lat="42.126681" lon="2.5824">
        <ele>546.5</ele>
        <time>2022-01-02T12:11:51.741Z</time>
    </trkpt>
    <trkpt lat="42.126644" lon="2.58236">
        <ele>547.0</ele>
        <time>2022-01-02T12:11:57.741Z</time>
    </trkpt>
    <trkpt lat="42.126619" lon="2.582309">
        <ele>546.9</ele>
        <time>2022-01-02T12:12:02.741Z</time>
    </trkpt>
    <trkpt lat="42.126605" lon="2.58224">
        <ele>546.0</ele>
        <time>2022-01-02T12:12:07.741Z</time>
    </trkpt>
    <trkpt lat="42.126615" lon="2.582175">
        <ele>545.7</ele>
        <time>2022-01-02T12:12:11.741Z</time>
    </trkpt>
    <trkpt lat="42.12666" lon="2.582146">
        <ele>544.3</ele>
        <time>2022-01-02T12:12:20.741Z</time>
    </trkpt>
    <trkpt lat="42.126703" lon="2.582178">
        <ele>543.3</ele>
        <time>2022-01-02T12:12:27.741Z</time>
    </trkpt>
    <trkpt lat="42.126755" lon="2.582178">
        <ele>542.6</ele>
        <time>2022-01-02T12:12:32.741Z</time>
    </trkpt>
    <trkpt lat="42.126805" lon="2.582185">
        <ele>541.7</ele>
        <time>2022-01-02T12:12:37.741Z</time>
    </trkpt>
    <trkpt lat="42.126864" lon="2.582208">
        <ele>540.5</ele>
        <time>2022-01-02T12:12:42.741Z</time>
    </trkpt>
    <trkpt lat="42.126906" lon="2.582235">
        <ele>539.6</ele>
        <time>2022-01-02T12:12:45.741Z</time>
    </trkpt>
    <trkpt lat="42.126955" lon="2.582261">
        <ele>539.1</ele>
        <time>2022-01-02T12:12:49.741Z</time>
    </trkpt>
    <trkpt lat="42.126995" lon="2.582291">
        <ele>538.9</ele>
        <time>2022-01-02T12:12:53.741Z</time>
    </trkpt>
    <trkpt lat="42.127042" lon="2.582312">
        <ele>538.4</ele>
        <time>2022-01-02T12:12:57.741Z</time>
    </trkpt>
    <trkpt lat="42.127092" lon="2.582307">
        <ele>538.0</ele>
        <time>2022-01-02T12:13:01.741Z</time>
    </trkpt>
    <trkpt lat="42.127148" lon="2.582286">
        <ele>537.7</ele>
        <time>2022-01-02T12:13:05.741Z</time>
    </trkpt>
    <trkpt lat="42.127199" lon="2.582274">
        <ele>537.4</ele>
        <time>2022-01-02T12:13:12.741Z</time>
    </trkpt>
    <trkpt lat="42.127243" lon="2.582252">
        <ele>537.5</ele>
        <time>2022-01-02T12:13:16.741Z</time>
    </trkpt>
    <trkpt lat="42.127299" lon="2.58225">
        <ele>537.1</ele>
        <time>2022-01-02T12:13:21.741Z</time>
    </trkpt>
    <trkpt lat="42.12734" lon="2.582291">
        <ele>536.2</ele>
        <time>2022-01-02T12:13:26.741Z</time>
    </trkpt>
    <trkpt lat="42.127391" lon="2.582333">
        <ele>535.2</ele>
        <time>2022-01-02T12:13:30.741Z</time>
    </trkpt>
    <trkpt lat="42.127439" lon="2.58237">
        <ele>534.3</ele>
        <time>2022-01-02T12:13:34.741Z</time>
    </trkpt>
    <trkpt lat="42.127482" lon="2.58242">
        <ele>533.3</ele>
        <time>2022-01-02T12:13:38.741Z</time>
    </trkpt>
    <trkpt lat="42.127517" lon="2.582462">
        <ele>532.6</ele>
        <time>2022-01-02T12:13:43.741Z</time>
    </trkpt>
    <trkpt lat="42.127554" lon="2.582502">
        <ele>531.9</ele>
        <time>2022-01-02T12:13:46.741Z</time>
    </trkpt>
    <trkpt lat="42.127592" lon="2.582535">
        <ele>532.0</ele>
        <time>2022-01-02T12:13:50.741Z</time>
    </trkpt>
    <trkpt lat="42.127627" lon="2.582591">
        <ele>532.2</ele>
        <time>2022-01-02T12:13:55.741Z</time>
    </trkpt>
    <trkpt lat="42.127673" lon="2.582626">
        <ele>532.0</ele>
        <time>2022-01-02T12:13:59.741Z</time>
    </trkpt>
    <trkpt lat="42.127717" lon="2.582667">
        <ele>531.6</ele>
        <time>2022-01-02T12:14:04.741Z</time>
    </trkpt>
    <trkpt lat="42.127771" lon="2.582679">
        <ele>531.1</ele>
        <time>2022-01-02T12:14:08.741Z</time>
    </trkpt>
    <trkpt lat="42.127825" lon="2.582692">
        <ele>530.5</ele>
        <time>2022-01-02T12:14:12.741Z</time>
    </trkpt>
    <trkpt lat="42.127885" lon="2.582699">
        <ele>529.7</ele>
        <time>2022-01-02T12:14:14.741Z</time>
    </trkpt>
    <trkpt lat="42.127956" lon="2.582693">
        <ele>528.8</ele>
        <time>2022-01-02T12:14:17.741Z</time>
    </trkpt>
    <trkpt lat="42.128001" lon="2.582699">
        <ele>528.1</ele>
        <time>2022-01-02T12:14:20.741Z</time>
    </trkpt>
    <trkpt lat="42.128046" lon="2.582713">
        <ele>527.4</ele>
        <time>2022-01-02T12:14:25.741Z</time>
    </trkpt>
    <trkpt lat="42.128088" lon="2.582692">
        <ele>527.2</ele>
        <time>2022-01-02T12:14:30.741Z</time>
    </trkpt>
    <trkpt lat="42.128137" lon="2.582685">
        <ele>527.0</ele>
        <time>2022-01-02T12:14:34.741Z</time>
    </trkpt>
    <trkpt lat="42.128191" lon="2.582703">
        <ele>526.1</ele>
        <time>2022-01-02T12:14:39.741Z</time>
    </trkpt>
    <trkpt lat="42.128236" lon="2.582729">
        <ele>525.0</ele>
        <time>2022-01-02T12:14:45.741Z</time>
    </trkpt>
    <trkpt lat="42.128285" lon="2.58274">
        <ele>524.3</ele>
        <time>2022-01-02T12:14:51.741Z</time>
    </trkpt>
    <trkpt lat="42.128333" lon="2.582733">
        <ele>524.0</ele>
        <time>2022-01-02T12:14:54.741Z</time>
    </trkpt>
    <trkpt lat="42.128378" lon="2.582732">
        <ele>523.8</ele>
        <time>2022-01-02T12:14:58.741Z</time>
    </trkpt>
    <trkpt lat="42.128425" lon="2.58276">
        <ele>523.1</ele>
        <time>2022-01-02T12:15:04.741Z</time>
    </trkpt>
    <trkpt lat="42.128472" lon="2.582769">
        <ele>522.7</ele>
        <time>2022-01-02T12:15:08.741Z</time>
    </trkpt>
    <trkpt lat="42.128545" lon="2.582779">
        <ele>522.2</ele>
        <time>2022-01-02T12:15:11.741Z</time>
    </trkpt>
    <trkpt lat="42.128609" lon="2.582794">
        <ele>521.8</ele>
        <time>2022-01-02T12:15:37.741Z</time>
    </trkpt>
    <trkpt lat="42.128656" lon="2.582817">
        <ele>521.3</ele>
        <time>2022-01-02T12:16:37.741Z</time>
    </trkpt>
    <trkpt lat="42.128702" lon="2.582849">
        <ele>520.6</ele>
        <time>2022-01-02T12:16:44.741Z</time>
    </trkpt>
    <trkpt lat="42.128751" lon="2.582843">
        <ele>520.4</ele>
        <time>2022-01-02T12:16:49.741Z</time>
    </trkpt>
    <trkpt lat="42.1288" lon="2.582813">
        <ele>520.7</ele>
        <time>2022-01-02T12:16:53.741Z</time>
    </trkpt>
    <trkpt lat="42.128855" lon="2.582789">
        <ele>521.0</ele>
        <time>2022-01-02T12:16:57.741Z</time>
    </trkpt>
    <trkpt lat="42.128903" lon="2.582773">
        <ele>521.0</ele>
        <time>2022-01-02T12:17:02.741Z</time>
    </trkpt>
    <trkpt lat="42.128951" lon="2.582769">
        <ele>521.0</ele>
        <time>2022-01-02T12:17:06.741Z</time>
    </trkpt>
    <trkpt lat="42.128999" lon="2.58273">
        <ele>521.1</ele>
        <time>2022-01-02T12:17:11.741Z</time>
    </trkpt>
    <trkpt lat="42.129033" lon="2.582686">
        <ele>521.5</ele>
        <time>2022-01-02T12:17:14.741Z</time>
    </trkpt>
    <trkpt lat="42.129079" lon="2.582655">
        <ele>521.6</ele>
        <time>2022-01-02T12:17:19.741Z</time>
    </trkpt>
    <trkpt lat="42.129124" lon="2.58263">
        <ele>521.8</ele>
        <time>2022-01-02T12:17:24.741Z</time>
    </trkpt>
    <trkpt lat="42.129171" lon="2.582609">
        <ele>521.8</ele>
        <time>2022-01-02T12:17:28.741Z</time>
    </trkpt>
    <trkpt lat="42.129218" lon="2.582581">
        <ele>522.0</ele>
        <time>2022-01-02T12:17:33.741Z</time>
    </trkpt>
    <trkpt lat="42.129264" lon="2.582561">
        <ele>522.1</ele>
        <time>2022-01-02T12:17:37.741Z</time>
    </trkpt>
    <trkpt lat="42.129311" lon="2.582543">
        <ele>522.1</ele>
        <time>2022-01-02T12:17:41.741Z</time>
    </trkpt>
    <trkpt lat="42.129357" lon="2.582533">
        <ele>522.0</ele>
        <time>2022-01-02T12:17:45.741Z</time>
    </trkpt>
    <trkpt lat="42.129408" lon="2.582521">
        <ele>522.0</ele>
        <time>2022-01-02T12:17:50.741Z</time>
    </trkpt>
    <trkpt lat="42.129453" lon="2.582501">
        <ele>521.9</ele>
        <time>2022-01-02T12:17:54.741Z</time>
    </trkpt>
    <trkpt lat="42.129498" lon="2.582463">
        <ele>522.4</ele>
        <time>2022-01-02T12:18:00.741Z</time>
    </trkpt>
    <trkpt lat="42.129535" lon="2.582416">
        <ele>523.0</ele>
        <time>2022-01-02T12:18:05.741Z</time>
    </trkpt>
    <trkpt lat="42.129585" lon="2.582389">
        <ele>523.0</ele>
        <time>2022-01-02T12:18:11.741Z</time>
    </trkpt>
    <trkpt lat="42.129632" lon="2.582373">
        <ele>522.9</ele>
        <time>2022-01-02T12:18:15.741Z</time>
    </trkpt>
    <trkpt lat="42.129676" lon="2.582347">
        <ele>523.1</ele>
        <time>2022-01-02T12:18:19.741Z</time>
    </trkpt>
    <trkpt lat="42.129723" lon="2.582325">
        <ele>523.1</ele>
        <time>2022-01-02T12:18:25.741Z</time>
    </trkpt>
    <trkpt lat="42.12977" lon="2.582309">
        <ele>523.0</ele>
        <time>2022-01-02T12:18:30.741Z</time>
    </trkpt>
    <trkpt lat="42.129849" lon="2.582287">
        <ele>522.5</ele>
        <time>2022-01-02T12:18:39.741Z</time>
    </trkpt>
    <trkpt lat="42.129905" lon="2.582269">
        <ele>522.1</ele>
        <time>2022-01-02T12:18:46.741Z</time>
    </trkpt>
    <trkpt lat="42.129957" lon="2.582265">
        <ele>521.7</ele>
        <time>2022-01-02T12:18:52.741Z</time>
    </trkpt>
    <trkpt lat="42.130002" lon="2.582293">
        <ele>520.6</ele>
        <time>2022-01-02T12:18:58.741Z</time>
    </trkpt>
    <trkpt lat="42.130061" lon="2.582327">
        <ele>520.6</ele>
        <time>2022-01-02T12:19:05.741Z</time>
    </trkpt>
    <trkpt lat="42.130102" lon="2.582357">
        <ele>520.4</ele>
        <time>2022-01-02T12:19:09.741Z</time>
    </trkpt>
    <trkpt lat="42.130142" lon="2.582396">
        <ele>520.1</ele>
        <time>2022-01-02T12:19:13.741Z</time>
    </trkpt>
    <trkpt lat="42.130187" lon="2.582433">
        <ele>519.7</ele>
        <time>2022-01-02T12:19:17.741Z</time>
    </trkpt>
    <trkpt lat="42.130235" lon="2.582463">
        <ele>519.5</ele>
        <time>2022-01-02T12:19:21.741Z</time>
    </trkpt>
    <trkpt lat="42.130279" lon="2.582488">
        <ele>519.3</ele>
        <time>2022-01-02T12:19:24.741Z</time>
    </trkpt>
    <trkpt lat="42.13032" lon="2.582519">
        <ele>519.4</ele>
        <time>2022-01-02T12:19:27.741Z</time>
    </trkpt>
    <trkpt lat="42.130379" lon="2.582545">
        <ele>520.1</ele>
        <time>2022-01-02T12:19:32.741Z</time>
    </trkpt>
    <trkpt lat="42.130433" lon="2.582557">
        <ele>520.8</ele>
        <time>2022-01-02T12:19:35.741Z</time>
    </trkpt>
    <trkpt lat="42.130484" lon="2.58256">
        <ele>521.6</ele>
        <time>2022-01-02T12:19:43.741Z</time>
    </trkpt>
    <trkpt lat="42.130532" lon="2.582559">
        <ele>522.5</ele>
        <time>2022-01-02T12:19:48.741Z</time>
    </trkpt>
    <trkpt lat="42.130592" lon="2.58257">
        <ele>523.3</ele>
        <time>2022-01-02T12:19:51.741Z</time>
    </trkpt>
    <trkpt lat="42.130644" lon="2.582585">
        <ele>523.8</ele>
        <time>2022-01-02T12:19:59.741Z</time>
    </trkpt>
    <trkpt lat="42.130692" lon="2.582591">
        <ele>524.4</ele>
        <time>2022-01-02T12:20:03.741Z</time>
    </trkpt>
    <trkpt lat="42.13074" lon="2.58258">
        <ele>525.3</ele>
        <time>2022-01-02T12:20:14.741Z</time>
    </trkpt>
    <trkpt lat="42.130794" lon="2.582568">
        <ele>526.4</ele>
        <time>2022-01-02T12:20:18.741Z</time>
    </trkpt>
    <trkpt lat="42.13085" lon="2.582621">
        <ele>525.6</ele>
        <time>2022-01-02T12:20:25.741Z</time>
    </trkpt>
    <trkpt lat="42.130891" lon="2.582648">
        <ele>525.2</ele>
        <time>2022-01-02T12:20:30.741Z</time>
    </trkpt>
    <trkpt lat="42.130936" lon="2.582658">
        <ele>525.2</ele>
        <time>2022-01-02T12:20:37.741Z</time>
    </trkpt>
    <trkpt lat="42.130986" lon="2.582671">
        <ele>525.2</ele>
        <time>2022-01-02T12:20:42.741Z</time>
    </trkpt>
    <trkpt lat="42.131038" lon="2.582692">
        <ele>524.9</ele>
        <time>2022-01-02T12:20:46.741Z</time>
    </trkpt>
    <trkpt lat="42.131094" lon="2.582718">
        <ele>524.6</ele>
        <time>2022-01-02T12:20:50.741Z</time>
    </trkpt>
    <trkpt lat="42.131141" lon="2.582741">
        <ele>524.0</ele>
        <time>2022-01-02T12:20:55.741Z</time>
    </trkpt>
    <trkpt lat="42.13119" lon="2.582736">
        <ele>523.8</ele>
        <time>2022-01-02T12:21:00.741Z</time>
    </trkpt>
    <trkpt lat="42.131231" lon="2.582697">
        <ele>524.9</ele>
        <time>2022-01-02T12:21:05.741Z</time>
    </trkpt>
    <trkpt lat="42.131273" lon="2.582657">
        <ele>526.2</ele>
        <time>2022-01-02T12:21:11.741Z</time>
    </trkpt>
    <trkpt lat="42.131323" lon="2.582635">
        <ele>526.9</ele>
        <time>2022-01-02T12:21:15.741Z</time>
    </trkpt>
    <trkpt lat="42.131378" lon="2.582631">
        <ele>526.9</ele>
        <time>2022-01-02T12:21:18.741Z</time>
    </trkpt>
    <trkpt lat="42.131425" lon="2.582654">
        <ele>526.1</ele>
        <time>2022-01-02T12:21:21.741Z</time>
    </trkpt>
    <trkpt lat="42.131472" lon="2.582678">
        <ele>525.4</ele>
        <time>2022-01-02T12:21:24.741Z</time>
    </trkpt>
    <trkpt lat="42.131514" lon="2.582718">
        <ele>524.2</ele>
        <time>2022-01-02T12:21:32.741Z</time>
    </trkpt>
    <trkpt lat="42.131583" lon="2.582729">
        <ele>524.2</ele>
        <time>2022-01-02T12:21:52.741Z</time>
    </trkpt>
    <trkpt lat="42.131621" lon="2.582764">
        <ele>523.3</ele>
        <time>2022-01-02T12:22:15.741Z</time>
    </trkpt>
    <trkpt lat="42.131674" lon="2.582744">
        <ele>524.3</ele>
        <time>2022-01-02T12:22:25.741Z</time>
    </trkpt>
    <trkpt lat="42.131728" lon="2.582733">
        <ele>525.7</ele>
        <time>2022-01-02T12:22:29.741Z</time>
    </trkpt>
    <trkpt lat="42.131776" lon="2.582766">
        <ele>525.4</ele>
        <time>2022-01-02T12:22:33.741Z</time>
    </trkpt>
    <trkpt lat="42.131811" lon="2.582814">
        <ele>524.6</ele>
        <time>2022-01-02T12:22:42.741Z</time>
    </trkpt>
    <trkpt lat="42.131849" lon="2.582859">
        <ele>523.8</ele>
        <time>2022-01-02T12:22:46.741Z</time>
    </trkpt>
    <trkpt lat="42.131894" lon="2.582902">
        <ele>523.2</ele>
        <time>2022-01-02T12:22:51.741Z</time>
    </trkpt>
    <trkpt lat="42.131938" lon="2.582928">
        <ele>523.0</ele>
        <time>2022-01-02T12:22:55.741Z</time>
    </trkpt>
    <trkpt lat="42.131981" lon="2.582958">
        <ele>523.0</ele>
        <time>2022-01-02T12:22:59.741Z</time>
    </trkpt>
    <trkpt lat="42.132041" lon="2.58295">
        <ele>524.7</ele>
        <time>2022-01-02T12:23:07.741Z</time>
    </trkpt>
    <trkpt lat="42.13209" lon="2.582961">
        <ele>525.6</ele>
        <time>2022-01-02T12:23:11.741Z</time>
    </trkpt>
    <trkpt lat="42.132132" lon="2.582988">
        <ele>525.8</ele>
        <time>2022-01-02T12:23:16.741Z</time>
    </trkpt>
    <trkpt lat="42.13217" lon="2.583042">
        <ele>525.1</ele>
        <time>2022-01-02T12:23:21.741Z</time>
    </trkpt>
    <trkpt lat="42.132222" lon="2.583071">
        <ele>525.6</ele>
        <time>2022-01-02T12:23:25.741Z</time>
    </trkpt>
    <trkpt lat="42.132271" lon="2.583092">
        <ele>525.2</ele>
        <time>2022-01-02T12:23:30.741Z</time>
    </trkpt>
    <trkpt lat="42.132316" lon="2.583079">
        <ele>525.8</ele>
        <time>2022-01-02T12:23:38.741Z</time>
    </trkpt>
    <trkpt lat="42.132363" lon="2.583063">
        <ele>526.4</ele>
        <time>2022-01-02T12:23:43.741Z</time>
    </trkpt>
    <trkpt lat="42.132418" lon="2.583053">
        <ele>526.9</ele>
        <time>2022-01-02T12:23:50.741Z</time>
    </trkpt>
    <trkpt lat="42.132464" lon="2.583037">
        <ele>527.5</ele>
        <time>2022-01-02T12:23:55.741Z</time>
    </trkpt>
    <trkpt lat="42.132512" lon="2.583005">
        <ele>528.6</ele>
        <time>2022-01-02T12:24:01.741Z</time>
    </trkpt>
    <trkpt lat="42.13254" lon="2.582955">
        <ele>530.2</ele>
        <time>2022-01-02T12:24:07.741Z</time>
    </trkpt>
    <trkpt lat="42.13259" lon="2.582919">
        <ele>531.1</ele>
        <time>2022-01-02T12:24:16.741Z</time>
    </trkpt>
    <trkpt lat="42.132634" lon="2.582894">
        <ele>531.8</ele>
        <time>2022-01-02T12:24:22.741Z</time>
    </trkpt>
    <trkpt lat="42.132683" lon="2.582903">
        <ele>531.4</ele>
        <time>2022-01-02T12:24:29.741Z</time>
    </trkpt>
    <trkpt lat="42.132711" lon="2.582955">
        <ele>529.3</ele>
        <time>2022-01-02T12:24:38.741Z</time>
    </trkpt>
    <trkpt lat="42.132749" lon="2.582913">
        <ele>530.8</ele>
        <time>2022-01-02T12:24:49.741Z</time>
    </trkpt>
    <trkpt lat="42.1328" lon="2.582886">
        <ele>531.9</ele>
        <time>2022-01-02T12:24:59.741Z</time>
    </trkpt>
    <trkpt lat="42.132833" lon="2.582839">
        <ele>534.1</ele>
        <time>2022-01-02T12:25:03.741Z</time>
    </trkpt>
    <trkpt lat="42.13287" lon="2.582801">
        <ele>535.8</ele>
        <time>2022-01-02T12:25:08.741Z</time>
    </trkpt>
    <trkpt lat="42.132916" lon="2.58279">
        <ele>536.6</ele>
        <time>2022-01-02T12:25:12.741Z</time>
    </trkpt>
    <trkpt lat="42.132962" lon="2.582802">
        <ele>536.4</ele>
        <time>2022-01-02T12:25:19.741Z</time>
    </trkpt>
    <trkpt lat="42.133007" lon="2.582774">
        <ele>537.8</ele>
        <time>2022-01-02T12:25:24.741Z</time>
    </trkpt>
    <trkpt lat="42.133054" lon="2.582794">
        <ele>537.3</ele>
        <time>2022-01-02T12:25:30.741Z</time>
    </trkpt>
    <trkpt lat="42.133106" lon="2.582796">
        <ele>537.5</ele>
        <time>2022-01-02T12:25:34.741Z</time>
    </trkpt>
    <trkpt lat="42.133152" lon="2.582806">
        <ele>537.5</ele>
        <time>2022-01-02T12:25:43.741Z</time>
    </trkpt>
    <trkpt lat="42.133198" lon="2.582815">
        <ele>537.5</ele>
        <time>2022-01-02T12:25:47.741Z</time>
    </trkpt>
    <trkpt lat="42.133248" lon="2.582842">
        <ele>537.4</ele>
        <time>2022-01-02T12:25:51.741Z</time>
    </trkpt>
    <trkpt lat="42.133291" lon="2.582879">
        <ele>537.0</ele>
        <time>2022-01-02T12:25:57.741Z</time>
    </trkpt>
    <trkpt lat="42.133336" lon="2.582919">
        <ele>536.9</ele>
        <time>2022-01-02T12:26:01.741Z</time>
    </trkpt>
    <trkpt lat="42.133388" lon="2.582953">
        <ele>535.5</ele>
        <time>2022-01-02T12:26:05.741Z</time>
    </trkpt>
    <trkpt lat="42.133424" lon="2.582994">
        <ele>534.5</ele>
        <time>2022-01-02T12:26:12.741Z</time>
    </trkpt>
    <trkpt lat="42.133475" lon="2.58297">
        <ele>533.7</ele>
        <time>2022-01-02T12:26:20.741Z</time>
    </trkpt>
    <trkpt lat="42.133506" lon="2.582925">
        <ele>533.5</ele>
        <time>2022-01-02T12:26:27.741Z</time>
    </trkpt>
    <trkpt lat="42.133518" lon="2.582859">
        <ele>533.9</ele>
        <time>2022-01-02T12:26:35.741Z</time>
    </trkpt>
    <trkpt lat="42.13351" lon="2.582792">
        <ele>534.4</ele>
        <time>2022-01-02T12:26:42.741Z</time>
    </trkpt>
    <trkpt lat="42.133525" lon="2.582734">
        <ele>533.6</ele>
        <time>2022-01-02T12:26:50.741Z</time>
    </trkpt>
    <trkpt lat="42.13352" lon="2.582672">
        <ele>532.9</ele>
        <time>2022-01-02T12:26:54.741Z</time>
    </trkpt>
    <trkpt lat="42.133537" lon="2.582606">
        <ele>531.5</ele>
        <time>2022-01-02T12:27:00.741Z</time>
    </trkpt>
    <trkpt lat="42.133542" lon="2.582546">
        <ele>530.5</ele>
        <time>2022-01-02T12:27:08.741Z</time>
    </trkpt>
    <trkpt lat="42.133533" lon="2.582478">
        <ele>529.7</ele>
        <time>2022-01-02T12:27:13.741Z</time>
    </trkpt>
    <trkpt lat="42.133518" lon="2.582412">
        <ele>529.1</ele>
        <time>2022-01-02T12:27:19.741Z</time>
    </trkpt>
    <trkpt lat="42.133495" lon="2.582346">
        <ele>528.8</ele>
        <time>2022-01-02T12:27:25.741Z</time>
    </trkpt>
    <trkpt lat="42.13349" lon="2.582275">
        <ele>527.7</ele>
        <time>2022-01-02T12:27:32.741Z</time>
    </trkpt>
    <trkpt lat="42.133484" lon="2.582211">
        <ele>526.8</ele>
        <time>2022-01-02T12:27:38.741Z</time>
    </trkpt>
    <trkpt lat="42.133487" lon="2.582145">
        <ele>525.1</ele>
        <time>2022-01-02T12:27:44.741Z</time>
    </trkpt>
    <trkpt lat="42.133469" lon="2.582075">
        <ele>524.2</ele>
        <time>2022-01-02T12:27:49.741Z</time>
    </trkpt>
    <trkpt lat="42.133446" lon="2.58202">
        <ele>523.9</ele>
        <time>2022-01-02T12:27:54.741Z</time>
    </trkpt>
    <trkpt lat="42.133419" lon="2.581968">
        <ele>523.9</ele>
        <time>2022-01-02T12:27:59.741Z</time>
    </trkpt>
    <trkpt lat="42.133401" lon="2.581909">
        <ele>523.1</ele>
        <time>2022-01-02T12:28:04.741Z</time>
    </trkpt>
    <trkpt lat="42.133368" lon="2.581867">
        <ele>523.3</ele>
        <time>2022-01-02T12:28:12.741Z</time>
    </trkpt>
    <trkpt lat="42.133362" lon="2.581801">
        <ele>521.8</ele>
        <time>2022-01-02T12:28:17.741Z</time>
    </trkpt>
    <trkpt lat="42.133366" lon="2.581735">
        <ele>519.8</ele>
        <time>2022-01-02T12:28:22.741Z</time>
    </trkpt>
    <trkpt lat="42.133361" lon="2.581664">
        <ele>518.0</ele>
        <time>2022-01-02T12:28:26.741Z</time>
    </trkpt>
    <trkpt lat="42.133357" lon="2.581589">
        <ele>517.2</ele>
        <time>2022-01-02T12:28:29.741Z</time>
    </trkpt>
    <trkpt lat="42.133344" lon="2.581518">
        <ele>516.6</ele>
        <time>2022-01-02T12:28:34.741Z</time>
    </trkpt>
    <trkpt lat="42.13336" lon="2.581446">
        <ele>515.1</ele>
        <time>2022-01-02T12:28:38.741Z</time>
    </trkpt>
    <trkpt lat="42.133363" lon="2.581377">
        <ele>514.3</ele>
        <time>2022-01-02T12:28:42.741Z</time>
    </trkpt>
    <trkpt lat="42.133373" lon="2.581303">
        <ele>514.4</ele>
        <time>2022-01-02T12:28:47.741Z</time>
    </trkpt>
    <trkpt lat="42.133402" lon="2.581242">
        <ele>513.8</ele>
        <time>2022-01-02T12:28:50.741Z</time>
    </trkpt>
    <trkpt lat="42.133442" lon="2.581203">
        <ele>513.1</ele>
        <time>2022-01-02T12:28:54.741Z</time>
    </trkpt>
    <trkpt lat="42.13348" lon="2.581165">
        <ele>512.4</ele>
        <time>2022-01-02T12:28:58.741Z</time>
    </trkpt>
    <trkpt lat="42.133516" lon="2.581121">
        <ele>512.0</ele>
        <time>2022-01-02T12:29:02.741Z</time>
    </trkpt>
    <trkpt lat="42.133552" lon="2.581077">
        <ele>512.0</ele>
        <time>2022-01-02T12:29:06.741Z</time>
    </trkpt>
    <trkpt lat="42.133597" lon="2.581037">
        <ele>512.0</ele>
        <time>2022-01-02T12:29:16.741Z</time>
    </trkpt>
    <trkpt lat="42.133629" lon="2.580992">
        <ele>512.6</ele>
        <time>2022-01-02T12:29:20.741Z</time>
    </trkpt>
    <trkpt lat="42.133676" lon="2.580953">
        <ele>513.2</ele>
        <time>2022-01-02T12:29:24.741Z</time>
    </trkpt>
    <trkpt lat="42.133715" lon="2.580918">
        <ele>513.8</ele>
        <time>2022-01-02T12:29:30.741Z</time>
    </trkpt>
    <trkpt lat="42.133726" lon="2.580859">
        <ele>515.1</ele>
        <time>2022-01-02T12:29:34.741Z</time>
    </trkpt>
    <trkpt lat="42.133768" lon="2.580826">
        <ele>515.8</ele>
        <time>2022-01-02T12:29:38.741Z</time>
    </trkpt>
    <trkpt lat="42.133819" lon="2.580827">
        <ele>515.6</ele>
        <time>2022-01-02T12:29:44.741Z</time>
    </trkpt>
    <trkpt lat="42.133868" lon="2.580838">
        <ele>515.0</ele>
        <time>2022-01-02T12:29:48.741Z</time>
    </trkpt>
    <trkpt lat="42.133912" lon="2.58082">
        <ele>515.5</ele>
        <time>2022-01-02T12:29:52.741Z</time>
    </trkpt>
    <trkpt lat="42.133996" lon="2.580809">
        <ele>516.0</ele>
        <time>2022-01-02T12:29:59.741Z</time>
    </trkpt>
    <trkpt lat="42.134054" lon="2.580802">
        <ele>516.3</ele>
        <time>2022-01-02T12:30:05.741Z</time>
    </trkpt>
    <trkpt lat="42.134105" lon="2.58078">
        <ele>517.3</ele>
        <time>2022-01-02T12:30:10.741Z</time>
    </trkpt>
    <trkpt lat="42.134153" lon="2.580785">
        <ele>517.2</ele>
        <time>2022-01-02T12:30:18.741Z</time>
    </trkpt>
    <trkpt lat="42.134196" lon="2.58076">
        <ele>518.2</ele>
        <time>2022-01-02T12:30:21.741Z</time>
    </trkpt>
    <trkpt lat="42.134241" lon="2.580751">
        <ele>518.3</ele>
        <time>2022-01-02T12:30:25.741Z</time>
    </trkpt>
    <trkpt lat="42.13429" lon="2.580748">
        <ele>518.3</ele>
        <time>2022-01-02T12:30:30.741Z</time>
    </trkpt>
    <trkpt lat="42.134351" lon="2.580762">
        <ele>517.5</ele>
        <time>2022-01-02T12:30:37.741Z</time>
    </trkpt>
    <trkpt lat="42.134396" lon="2.580788">
        <ele>516.2</ele>
        <time>2022-01-02T12:30:45.741Z</time>
    </trkpt>
    <trkpt lat="42.134444" lon="2.580785">
        <ele>516.2</ele>
        <time>2022-01-02T12:30:49.741Z</time>
    </trkpt>
    <trkpt lat="42.134495" lon="2.580786">
        <ele>516.4</ele>
        <time>2022-01-02T12:30:54.741Z</time>
    </trkpt>
    <trkpt lat="42.134541" lon="2.580777">
        <ele>517.1</ele>
        <time>2022-01-02T12:31:00.741Z</time>
    </trkpt>
    <trkpt lat="42.134589" lon="2.580802">
        <ele>516.3</ele>
        <time>2022-01-02T12:31:07.741Z</time>
    </trkpt>
    <trkpt lat="42.13464" lon="2.580831">
        <ele>515.6</ele>
        <time>2022-01-02T12:31:11.741Z</time>
    </trkpt>
    <trkpt lat="42.134684" lon="2.5808">
        <ele>517.1</ele>
        <time>2022-01-02T12:31:20.741Z</time>
    </trkpt>
    <trkpt lat="42.134754" lon="2.580764">
        <ele>518.7</ele>
        <time>2022-01-02T12:31:29.741Z</time>
    </trkpt>
    <trkpt lat="42.13481" lon="2.580744">
        <ele>519.4</ele>
        <time>2022-01-02T12:31:33.741Z</time>
    </trkpt>
    <trkpt lat="42.134865" lon="2.580739">
        <ele>519.6</ele>
        <time>2022-01-02T12:31:37.741Z</time>
    </trkpt>
    <trkpt lat="42.134917" lon="2.580738">
        <ele>519.6</ele>
        <time>2022-01-02T12:31:40.741Z</time>
    </trkpt>
    <trkpt lat="42.134966" lon="2.580707">
        <ele>520.6</ele>
        <time>2022-01-02T12:31:44.741Z</time>
    </trkpt>
    <trkpt lat="42.135011" lon="2.580686">
        <ele>521.5</ele>
        <time>2022-01-02T12:31:48.741Z</time>
    </trkpt>
    <trkpt lat="42.135057" lon="2.580694">
        <ele>522.1</ele>
        <time>2022-01-02T12:31:52.741Z</time>
    </trkpt>
    <trkpt lat="42.135111" lon="2.580698">
        <ele>523.2</ele>
        <time>2022-01-02T12:31:57.741Z</time>
    </trkpt>
    <trkpt lat="42.135165" lon="2.580699">
        <ele>524.1</ele>
        <time>2022-01-02T12:32:02.741Z</time>
    </trkpt>
    <trkpt lat="42.135211" lon="2.580709">
        <ele>524.6</ele>
        <time>2022-01-02T12:32:06.741Z</time>
    </trkpt>
    <trkpt lat="42.135259" lon="2.580734">
        <ele>524.6</ele>
        <time>2022-01-02T12:32:11.741Z</time>
    </trkpt>
    <trkpt lat="42.135314" lon="2.580738">
        <ele>524.9</ele>
        <time>2022-01-02T12:32:17.741Z</time>
    </trkpt>
    <trkpt lat="42.13537" lon="2.580759">
        <ele>524.0</ele>
        <time>2022-01-02T12:32:26.741Z</time>
    </trkpt>
    <trkpt lat="42.135418" lon="2.58077">
        <ele>523.7</ele>
        <time>2022-01-02T12:32:43.741Z</time>
    </trkpt>
    <trkpt lat="42.13546" lon="2.580742">
        <ele>524.9</ele>
        <time>2022-01-02T12:32:53.741Z</time>
    </trkpt>
    <trkpt lat="42.135508" lon="2.58069">
        <ele>527.1</ele>
        <time>2022-01-02T12:32:59.741Z</time>
    </trkpt>
    <trkpt lat="42.135554" lon="2.58063">
        <ele>529.9</ele>
        <time>2022-01-02T12:33:06.741Z</time>
    </trkpt>
    <trkpt lat="42.135598" lon="2.58061">
        <ele>529.0</ele>
        <time>2022-01-02T12:33:12.741Z</time>
    </trkpt>
    <trkpt lat="42.135649" lon="2.580566">
        <ele>528.9</ele>
        <time>2022-01-02T12:33:19.741Z</time>
    </trkpt>
    <trkpt lat="42.135691" lon="2.580524">
        <ele>528.8</ele>
        <time>2022-01-02T12:33:24.741Z</time>
    </trkpt>
    <trkpt lat="42.13573" lon="2.580482">
        <ele>528.8</ele>
        <time>2022-01-02T12:33:28.741Z</time>
    </trkpt>
    <trkpt lat="42.135765" lon="2.580434">
        <ele>529.2</ele>
        <time>2022-01-02T12:33:31.741Z</time>
    </trkpt>
    <trkpt lat="42.135802" lon="2.580393">
        <ele>529.3</ele>
        <time>2022-01-02T12:33:35.741Z</time>
    </trkpt>
    <trkpt lat="42.135841" lon="2.580356">
        <ele>528.9</ele>
        <time>2022-01-02T12:33:40.741Z</time>
    </trkpt>
    <trkpt lat="42.135885" lon="2.580341">
        <ele>527.6</ele>
        <time>2022-01-02T12:33:45.741Z</time>
    </trkpt>
    <trkpt lat="42.135933" lon="2.580327">
        <ele>526.1</ele>
        <time>2022-01-02T12:33:50.741Z</time>
    </trkpt>
    <trkpt lat="42.135976" lon="2.5803">
        <ele>525.2</ele>
        <time>2022-01-02T12:33:54.741Z</time>
    </trkpt>
    <trkpt lat="42.136025" lon="2.580274">
        <ele>523.9</ele>
        <time>2022-01-02T12:33:58.741Z</time>
    </trkpt>
    <trkpt lat="42.136071" lon="2.580273">
        <ele>521.9</ele>
        <time>2022-01-02T12:34:02.741Z</time>
    </trkpt>
    <trkpt lat="42.136114" lon="2.580238">
        <ele>521.6</ele>
        <time>2022-01-02T12:34:05.741Z</time>
    </trkpt>
    <trkpt lat="42.136152" lon="2.580198">
        <ele>522.4</ele>
        <time>2022-01-02T12:34:08.741Z</time>
    </trkpt>
    <trkpt lat="42.136184" lon="2.580148">
        <ele>523.5</ele>
        <time>2022-01-02T12:34:12.741Z</time>
    </trkpt>
    <trkpt lat="42.136231" lon="2.580099">
        <ele>524.1</ele>
        <time>2022-01-02T12:34:15.741Z</time>
    </trkpt>
    <trkpt lat="42.136268" lon="2.580048">
        <ele>525.0</ele>
        <time>2022-01-02T12:34:18.741Z</time>
    </trkpt>
    <trkpt lat="42.136315" lon="2.580004">
        <ele>525.3</ele>
        <time>2022-01-02T12:34:22.741Z</time>
    </trkpt>
    <trkpt lat="42.136363" lon="2.579982">
        <ele>524.6</ele>
        <time>2022-01-02T12:34:25.741Z</time>
    </trkpt>
    <trkpt lat="42.1364" lon="2.579943">
        <ele>524.8</ele>
        <time>2022-01-02T12:34:28.741Z</time>
    </trkpt>
    <trkpt lat="42.136447" lon="2.579903">
        <ele>524.6</ele>
        <time>2022-01-02T12:34:33.741Z</time>
    </trkpt>
    <trkpt lat="42.136504" lon="2.579875">
        <ele>523.6</ele>
        <time>2022-01-02T12:34:36.741Z</time>
    </trkpt>
    <trkpt lat="42.136545" lon="2.579845">
        <ele>523.4</ele>
        <time>2022-01-02T12:34:40.741Z</time>
    </trkpt>
    <trkpt lat="42.13659" lon="2.579807">
        <ele>523.2</ele>
        <time>2022-01-02T12:34:43.741Z</time>
    </trkpt>
    <trkpt lat="42.136637" lon="2.579785">
        <ele>522.6</ele>
        <time>2022-01-02T12:34:46.741Z</time>
    </trkpt>
    <trkpt lat="42.136686" lon="2.579741">
        <ele>522.4</ele>
        <time>2022-01-02T12:34:50.741Z</time>
    </trkpt>
    <trkpt lat="42.136722" lon="2.579704">
        <ele>522.0</ele>
        <time>2022-01-02T12:34:53.741Z</time>
    </trkpt>
    <trkpt lat="42.13676" lon="2.579636">
        <ele>521.9</ele>
        <time>2022-01-02T12:34:58.741Z</time>
    </trkpt>
    <trkpt lat="42.136791" lon="2.579591">
        <ele>521.5</ele>
        <time>2022-01-02T12:35:01.741Z</time>
    </trkpt>
    <trkpt lat="42.136821" lon="2.579531">
        <ele>521.5</ele>
        <time>2022-01-02T12:35:06.741Z</time>
    </trkpt>
    <trkpt lat="42.136851" lon="2.579481">
        <ele>521.0</ele>
        <time>2022-01-02T12:35:11.741Z</time>
    </trkpt>
    <trkpt lat="42.136886" lon="2.579427">
        <ele>520.2</ele>
        <time>2022-01-02T12:35:15.741Z</time>
    </trkpt>
    <trkpt lat="42.136909" lon="2.579361">
        <ele>520.1</ele>
        <time>2022-01-02T12:35:20.741Z</time>
    </trkpt>
    <trkpt lat="42.136941" lon="2.579303">
        <ele>519.3</ele>
        <time>2022-01-02T12:35:24.741Z</time>
    </trkpt>
    <trkpt lat="42.136984" lon="2.579254">
        <ele>519.3</ele>
        <time>2022-01-02T12:35:29.741Z</time>
    </trkpt>
    <trkpt lat="42.137002" lon="2.579194">
        <ele>519.9</ele>
        <time>2022-01-02T12:35:33.741Z</time>
    </trkpt>
    <trkpt lat="42.137015" lon="2.579125">
        <ele>520.2</ele>
        <time>2022-01-02T12:35:38.741Z</time>
    </trkpt>
    <trkpt lat="42.137032" lon="2.579064">
        <ele>520.3</ele>
        <time>2022-01-02T12:35:41.741Z</time>
    </trkpt>
    <trkpt lat="42.137059" lon="2.579012">
        <ele>520.1</ele>
        <time>2022-01-02T12:35:45.741Z</time>
    </trkpt>
    <trkpt lat="42.137083" lon="2.578947">
        <ele>519.8</ele>
        <time>2022-01-02T12:35:49.741Z</time>
    </trkpt>
    <trkpt lat="42.137118" lon="2.578874">
        <ele>519.2</ele>
        <time>2022-01-02T12:35:53.741Z</time>
    </trkpt>
    <trkpt lat="42.137142" lon="2.578814">
        <ele>518.4</ele>
        <time>2022-01-02T12:35:56.741Z</time>
    </trkpt>
    <trkpt lat="42.137156" lon="2.578751">
        <ele>517.9</ele>
        <time>2022-01-02T12:35:59.741Z</time>
    </trkpt>
    <trkpt lat="42.137167" lon="2.578685">
        <ele>517.3</ele>
        <time>2022-01-02T12:36:03.741Z</time>
    </trkpt>
    <trkpt lat="42.137195" lon="2.578633">
        <ele>516.0</ele>
        <time>2022-01-02T12:36:06.741Z</time>
    </trkpt>
    <trkpt lat="42.13724" lon="2.578581">
        <ele>514.6</ele>
        <time>2022-01-02T12:36:09.741Z</time>
    </trkpt>
    <trkpt lat="42.137276" lon="2.578544">
        <ele>514.2</ele>
        <time>2022-01-02T12:36:12.741Z</time>
    </trkpt>
    <trkpt lat="42.137326" lon="2.57851">
        <ele>513.9</ele>
        <time>2022-01-02T12:36:17.741Z</time>
    </trkpt>
    <trkpt lat="42.137368" lon="2.578483">
        <ele>513.5</ele>
        <time>2022-01-02T12:36:20.741Z</time>
    </trkpt>
    <trkpt lat="42.137408" lon="2.578452">
        <ele>513.0</ele>
        <time>2022-01-02T12:36:24.741Z</time>
    </trkpt>
    <trkpt lat="42.137431" lon="2.578394">
        <ele>512.1</ele>
        <time>2022-01-02T12:36:30.741Z</time>
    </trkpt>
    <trkpt lat="42.137465" lon="2.57834">
        <ele>511.1</ele>
        <time>2022-01-02T12:36:34.741Z</time>
    </trkpt>
    <trkpt lat="42.137495" lon="2.578288">
        <ele>510.2</ele>
        <time>2022-01-02T12:36:37.741Z</time>
    </trkpt>
    <trkpt lat="42.137524" lon="2.578239">
        <ele>509.8</ele>
        <time>2022-01-02T12:36:43.741Z</time>
    </trkpt>
    <trkpt lat="42.137563" lon="2.578197">
        <ele>509.6</ele>
        <time>2022-01-02T12:36:47.741Z</time>
    </trkpt>
    <trkpt lat="42.137594" lon="2.578142">
        <ele>509.1</ele>
        <time>2022-01-02T12:36:52.741Z</time>
    </trkpt>
    <trkpt lat="42.137628" lon="2.578094">
        <ele>508.7</ele>
        <time>2022-01-02T12:36:55.741Z</time>
    </trkpt>
    <trkpt lat="42.137669" lon="2.578048">
        <ele>508.3</ele>
        <time>2022-01-02T12:37:00.741Z</time>
    </trkpt>
    <trkpt lat="42.137717" lon="2.578004">
        <ele>508.5</ele>
        <time>2022-01-02T12:37:05.741Z</time>
    </trkpt>
    <trkpt lat="42.137754" lon="2.577959">
        <ele>508.4</ele>
        <time>2022-01-02T12:37:09.741Z</time>
    </trkpt>
    <trkpt lat="42.137793" lon="2.577909">
        <ele>508.8</ele>
        <time>2022-01-02T12:37:14.741Z</time>
    </trkpt>
    <trkpt lat="42.137819" lon="2.577854">
        <ele>509.1</ele>
        <time>2022-01-02T12:37:19.741Z</time>
    </trkpt>
    <trkpt lat="42.137852" lon="2.577798">
        <ele>509.8</ele>
        <time>2022-01-02T12:37:24.741Z</time>
    </trkpt>
    <trkpt lat="42.137862" lon="2.577731">
        <ele>509.2</ele>
        <time>2022-01-02T12:37:27.741Z</time>
    </trkpt>
    <trkpt lat="42.137903" lon="2.577695">
        <ele>510.3</ele>
        <time>2022-01-02T12:37:30.741Z</time>
    </trkpt>
    <trkpt lat="42.137923" lon="2.577628">
        <ele>509.9</ele>
        <time>2022-01-02T12:37:35.741Z</time>
    </trkpt>
    <trkpt lat="42.137942" lon="2.57757">
        <ele>509.3</ele>
        <time>2022-01-02T12:37:38.741Z</time>
    </trkpt>
    <trkpt lat="42.137983" lon="2.577524">
        <ele>509.6</ele>
        <time>2022-01-02T12:37:43.741Z</time>
    </trkpt>
    <trkpt lat="42.137994" lon="2.57746">
        <ele>508.3</ele>
        <time>2022-01-02T12:37:46.741Z</time>
    </trkpt>
    <trkpt lat="42.138021" lon="2.577393">
        <ele>507.5</ele>
        <time>2022-01-02T12:37:49.741Z</time>
    </trkpt>
    <trkpt lat="42.138038" lon="2.577325">
        <ele>506.2</ele>
        <time>2022-01-02T12:37:52.741Z</time>
    </trkpt>
    <trkpt lat="42.138048" lon="2.577264">
        <ele>505.0</ele>
        <time>2022-01-02T12:37:54.741Z</time>
    </trkpt>
    <trkpt lat="42.138063" lon="2.577199">
        <ele>503.8</ele>
        <time>2022-01-02T12:37:58.741Z</time>
    </trkpt>
    <trkpt lat="42.138062" lon="2.577129">
        <ele>502.3</ele>
        <time>2022-01-02T12:38:01.741Z</time>
    </trkpt>
    <trkpt lat="42.138074" lon="2.577068">
        <ele>501.3</ele>
        <time>2022-01-02T12:38:04.741Z</time>
    </trkpt>
    <trkpt lat="42.138082" lon="2.577002">
        <ele>500.0</ele>
        <time>2022-01-02T12:38:09.741Z</time>
    </trkpt>
    <trkpt lat="42.138094" lon="2.576928">
        <ele>499.0</ele>
        <time>2022-01-02T12:38:15.741Z</time>
    </trkpt>
    <trkpt lat="42.138106" lon="2.576866">
        <ele>498.7</ele>
        <time>2022-01-02T12:38:19.741Z</time>
    </trkpt>
    <trkpt lat="42.138101" lon="2.576805">
        <ele>498.1</ele>
        <time>2022-01-02T12:38:24.741Z</time>
    </trkpt>
    <trkpt lat="42.138111" lon="2.576734">
        <ele>497.7</ele>
        <time>2022-01-02T12:38:28.741Z</time>
    </trkpt>
    <trkpt lat="42.138127" lon="2.576667">
        <ele>497.4</ele>
        <time>2022-01-02T12:38:32.741Z</time>
    </trkpt>
    <trkpt lat="42.138146" lon="2.576587">
        <ele>497.1</ele>
        <time>2022-01-02T12:38:36.741Z</time>
    </trkpt>
    <trkpt lat="42.138169" lon="2.576519">
        <ele>496.8</ele>
        <time>2022-01-02T12:38:40.741Z</time>
    </trkpt>
    <trkpt lat="42.138188" lon="2.57646">
        <ele>496.5</ele>
        <time>2022-01-02T12:38:43.741Z</time>
    </trkpt>
    <trkpt lat="42.138215" lon="2.576411">
        <ele>496.6</ele>
        <time>2022-01-02T12:38:46.741Z</time>
    </trkpt>
    <trkpt lat="42.138241" lon="2.576352">
        <ele>496.1</ele>
        <time>2022-01-02T12:38:50.741Z</time>
    </trkpt>
    <trkpt lat="42.13826" lon="2.576292">
        <ele>495.6</ele>
        <time>2022-01-02T12:38:54.741Z</time>
    </trkpt>
    <trkpt lat="42.138287" lon="2.576239">
        <ele>494.9</ele>
        <time>2022-01-02T12:38:57.741Z</time>
    </trkpt>
    <trkpt lat="42.138315" lon="2.576166">
        <ele>493.9</ele>
        <time>2022-01-02T12:39:00.741Z</time>
    </trkpt>
    <trkpt lat="42.13833" lon="2.576106">
        <ele>492.9</ele>
        <time>2022-01-02T12:39:02.741Z</time>
    </trkpt>
    <trkpt lat="42.138347" lon="2.576028">
        <ele>492.0</ele>
        <time>2022-01-02T12:39:05.741Z</time>
    </trkpt>
    <trkpt lat="42.138366" lon="2.575962">
        <ele>491.2</ele>
        <time>2022-01-02T12:39:09.741Z</time>
    </trkpt>
    <trkpt lat="42.138381" lon="2.575901">
        <ele>490.4</ele>
        <time>2022-01-02T12:39:13.741Z</time>
    </trkpt>
    <trkpt lat="42.138413" lon="2.575843">
        <ele>489.8</ele>
        <time>2022-01-02T12:39:18.741Z</time>
    </trkpt>
    <trkpt lat="42.138454" lon="2.5758">
        <ele>489.2</ele>
        <time>2022-01-02T12:39:23.741Z</time>
    </trkpt>
    <trkpt lat="42.138487" lon="2.57574">
        <ele>488.2</ele>
        <time>2022-01-02T12:39:27.741Z</time>
    </trkpt>
    <trkpt lat="42.138526" lon="2.57568">
        <ele>487.3</ele>
        <time>2022-01-02T12:39:31.741Z</time>
    </trkpt>
    <trkpt lat="42.138574" lon="2.575641">
        <ele>486.7</ele>
        <time>2022-01-02T12:39:34.741Z</time>
    </trkpt>
    <trkpt lat="42.138611" lon="2.575593">
        <ele>485.8</ele>
        <time>2022-01-02T12:39:38.741Z</time>
    </trkpt>
    <trkpt lat="42.138655" lon="2.575556">
        <ele>485.2</ele>
        <time>2022-01-02T12:39:42.741Z</time>
    </trkpt>
    <trkpt lat="42.138694" lon="2.575519">
        <ele>484.5</ele>
        <time>2022-01-02T12:39:45.741Z</time>
    </trkpt>
    <trkpt lat="42.138733" lon="2.575479">
        <ele>483.9</ele>
        <time>2022-01-02T12:39:49.741Z</time>
    </trkpt>
    <trkpt lat="42.138771" lon="2.575437">
        <ele>483.1</ele>
        <time>2022-01-02T12:39:56.741Z</time>
    </trkpt>
    <trkpt lat="42.138823" lon="2.575408">
        <ele>482.6</ele>
        <time>2022-01-02T12:40:01.741Z</time>
    </trkpt>
    <trkpt lat="42.138873" lon="2.575398">
        <ele>482.6</ele>
        <time>2022-01-02T12:40:05.741Z</time>
    </trkpt>
    <trkpt lat="42.138924" lon="2.575402">
        <ele>482.5</ele>
        <time>2022-01-02T12:40:10.741Z</time>
    </trkpt>
    <trkpt lat="42.13898" lon="2.575395">
        <ele>481.8</ele>
        <time>2022-01-02T12:40:14.741Z</time>
    </trkpt>
    <trkpt lat="42.139021" lon="2.575359">
        <ele>480.5</ele>
        <time>2022-01-02T12:40:19.741Z</time>
    </trkpt>
    <trkpt lat="42.139076" lon="2.575324">
        <ele>479.2</ele>
        <time>2022-01-02T12:40:24.741Z</time>
    </trkpt>
    <trkpt lat="42.139128" lon="2.575309">
        <ele>478.2</ele>
        <time>2022-01-02T12:40:27.741Z</time>
    </trkpt>
    <trkpt lat="42.139183" lon="2.575316">
        <ele>477.9</ele>
        <time>2022-01-02T12:40:32.741Z</time>
    </trkpt>
    <trkpt lat="42.139236" lon="2.575329">
        <ele>477.5</ele>
        <time>2022-01-02T12:40:37.741Z</time>
    </trkpt>
    <trkpt lat="42.139283" lon="2.575327">
        <ele>477.0</ele>
        <time>2022-01-02T12:40:41.741Z</time>
    </trkpt>
    <trkpt lat="42.139344" lon="2.575344">
        <ele>476.8</ele>
        <time>2022-01-02T12:40:47.741Z</time>
    </trkpt>
    <trkpt lat="42.139389" lon="2.575348">
        <ele>476.4</ele>
        <time>2022-01-02T12:40:50.741Z</time>
    </trkpt>
    <trkpt lat="42.139434" lon="2.575364">
        <ele>476.3</ele>
        <time>2022-01-02T12:40:53.741Z</time>
    </trkpt>
    <trkpt lat="42.139486" lon="2.575379">
        <ele>476.0</ele>
        <time>2022-01-02T12:40:57.741Z</time>
    </trkpt>
    <trkpt lat="42.139556" lon="2.575382">
        <ele>475.1</ele>
        <time>2022-01-02T12:41:00.741Z</time>
    </trkpt>
    <trkpt lat="42.139602" lon="2.575406">
        <ele>474.8</ele>
        <time>2022-01-02T12:41:05.741Z</time>
    </trkpt>
    <trkpt lat="42.139658" lon="2.575412">
        <ele>474.0</ele>
        <time>2022-01-02T12:41:09.741Z</time>
    </trkpt>
    <trkpt lat="42.139707" lon="2.575436">
        <ele>473.5</ele>
        <time>2022-01-02T12:41:13.741Z</time>
    </trkpt>
    <trkpt lat="42.139753" lon="2.575466">
        <ele>473.3</ele>
        <time>2022-01-02T12:41:18.741Z</time>
    </trkpt>
    <trkpt lat="42.139802" lon="2.575492">
        <ele>472.9</ele>
        <time>2022-01-02T12:41:22.741Z</time>
    </trkpt>
    <trkpt lat="42.13986" lon="2.575484">
        <ele>472.0</ele>
        <time>2022-01-02T12:41:26.741Z</time>
    </trkpt>
    <trkpt lat="42.139905" lon="2.57548">
        <ele>471.3</ele>
        <time>2022-01-02T12:41:29.741Z</time>
    </trkpt>
    <trkpt lat="42.139958" lon="2.575475">
        <ele>470.5</ele>
        <time>2022-01-02T12:41:33.741Z</time>
    </trkpt>
    <trkpt lat="42.140016" lon="2.575464">
        <ele>469.6</ele>
        <time>2022-01-02T12:41:36.741Z</time>
    </trkpt>
    <trkpt lat="42.14007" lon="2.575444">
        <ele>468.8</ele>
        <time>2022-01-02T12:41:38.741Z</time>
    </trkpt>
    <trkpt lat="42.140124" lon="2.575426">
        <ele>468.1</ele>
        <time>2022-01-02T12:41:40.741Z</time>
    </trkpt>
    <trkpt lat="42.140173" lon="2.575423">
        <ele>467.6</ele>
        <time>2022-01-02T12:41:42.741Z</time>
    </trkpt>
    <trkpt lat="42.140224" lon="2.575406">
        <ele>466.9</ele>
        <time>2022-01-02T12:41:45.741Z</time>
    </trkpt>
    <trkpt lat="42.140276" lon="2.575372">
        <ele>466.0</ele>
        <time>2022-01-02T12:41:49.741Z</time>
    </trkpt>
    <trkpt lat="42.140321" lon="2.575325">
        <ele>465.5</ele>
        <time>2022-01-02T12:41:53.741Z</time>
    </trkpt>
    <trkpt lat="42.14036" lon="2.57527">
        <ele>465.1</ele>
        <time>2022-01-02T12:41:57.741Z</time>
    </trkpt>
    <trkpt lat="42.140397" lon="2.575211">
        <ele>464.7</ele>
        <time>2022-01-02T12:42:01.741Z</time>
    </trkpt>
    <trkpt lat="42.140429" lon="2.57514">
        <ele>464.5</ele>
        <time>2022-01-02T12:42:05.741Z</time>
    </trkpt>
    <trkpt lat="42.140443" lon="2.575074">
        <ele>464.4</ele>
        <time>2022-01-02T12:42:08.741Z</time>
    </trkpt>
    <trkpt lat="42.140467" lon="2.575023">
        <ele>464.4</ele>
        <time>2022-01-02T12:42:11.741Z</time>
    </trkpt>
    <trkpt lat="42.140494" lon="2.574966">
        <ele>464.3</ele>
        <time>2022-01-02T12:42:15.741Z</time>
    </trkpt>
    <trkpt lat="42.140529" lon="2.574907">
        <ele>463.6</ele>
        <time>2022-01-02T12:42:19.741Z</time>
    </trkpt>
    <trkpt lat="42.14055" lon="2.574853">
        <ele>462.9</ele>
        <time>2022-01-02T12:42:22.741Z</time>
    </trkpt>
    <trkpt lat="42.140569" lon="2.574796">
        <ele>462.2</ele>
        <time>2022-01-02T12:42:26.741Z</time>
    </trkpt>
    <trkpt lat="42.140612" lon="2.574749">
        <ele>461.9</ele>
        <time>2022-01-02T12:42:31.741Z</time>
    </trkpt>
    <trkpt lat="42.140658" lon="2.574719">
        <ele>462.2</ele>
        <time>2022-01-02T12:42:34.741Z</time>
    </trkpt>
    <trkpt lat="42.140691" lon="2.574675">
        <ele>462.0</ele>
        <time>2022-01-02T12:42:38.741Z</time>
    </trkpt>
    <trkpt lat="42.140725" lon="2.574621">
        <ele>461.4</ele>
        <time>2022-01-02T12:42:41.741Z</time>
    </trkpt>
    <trkpt lat="42.140767" lon="2.574571">
        <ele>460.8</ele>
        <time>2022-01-02T12:42:45.741Z</time>
    </trkpt>
    <trkpt lat="42.1408" lon="2.574527">
        <ele>459.8</ele>
        <time>2022-01-02T12:42:50.741Z</time>
    </trkpt>
    <trkpt lat="42.140843" lon="2.574489">
        <ele>458.9</ele>
        <time>2022-01-02T12:42:53.741Z</time>
    </trkpt>
    <trkpt lat="42.1409" lon="2.574457">
        <ele>458.0</ele>
        <time>2022-01-02T12:42:58.741Z</time>
    </trkpt>
    <trkpt lat="42.140949" lon="2.574421">
        <ele>457.4</ele>
        <time>2022-01-02T12:43:03.741Z</time>
    </trkpt>
    <trkpt lat="42.140995" lon="2.574401">
        <ele>456.9</ele>
        <time>2022-01-02T12:43:06.741Z</time>
    </trkpt>
    <trkpt lat="42.141042" lon="2.574411">
        <ele>457.0</ele>
        <time>2022-01-02T12:43:10.741Z</time>
    </trkpt>
    <trkpt lat="42.141092" lon="2.574429">
        <ele>457.0</ele>
        <time>2022-01-02T12:43:15.741Z</time>
    </trkpt>
    <trkpt lat="42.141142" lon="2.574434">
        <ele>456.5</ele>
        <time>2022-01-02T12:43:20.741Z</time>
    </trkpt>
    <trkpt lat="42.141204" lon="2.574423">
        <ele>455.7</ele>
        <time>2022-01-02T12:43:25.741Z</time>
    </trkpt>
    <trkpt lat="42.141252" lon="2.574439">
        <ele>455.0</ele>
        <time>2022-01-02T12:43:30.741Z</time>
    </trkpt>
    <trkpt lat="42.141303" lon="2.574483">
        <ele>454.9</ele>
        <time>2022-01-02T12:43:35.741Z</time>
    </trkpt>
    <trkpt lat="42.141355" lon="2.574511">
        <ele>454.8</ele>
        <time>2022-01-02T12:43:39.741Z</time>
    </trkpt>
    <trkpt lat="42.141409" lon="2.574535">
        <ele>454.5</ele>
        <time>2022-01-02T12:43:43.741Z</time>
    </trkpt>
    <trkpt lat="42.141469" lon="2.574533">
        <ele>454.2</ele>
        <time>2022-01-02T12:43:46.741Z</time>
    </trkpt>
    <trkpt lat="42.141524" lon="2.574548">
        <ele>454.2</ele>
        <time>2022-01-02T12:43:53.741Z</time>
    </trkpt>
    <trkpt lat="42.141569" lon="2.574572">
        <ele>453.9</ele>
        <time>2022-01-02T12:44:05.741Z</time>
    </trkpt>
    <trkpt lat="42.141617" lon="2.574601">
        <ele>453.5</ele>
        <time>2022-01-02T12:44:25.741Z</time>
    </trkpt>
    <trkpt lat="42.141664" lon="2.57459">
        <ele>453.0</ele>
        <time>2022-01-02T12:44:59.741Z</time>
    </trkpt>
    <trkpt lat="42.141716" lon="2.574588">
        <ele>453.3</ele>
        <time>2022-01-02T12:45:31.741Z</time>
    </trkpt>
    <trkpt lat="42.141761" lon="2.574573">
        <ele>453.6</ele>
        <time>2022-01-02T12:45:57.741Z</time>
    </trkpt>
    <trkpt lat="42.141803" lon="2.574544">
        <ele>454.0</ele>
        <time>2022-01-02T12:46:01.741Z</time>
    </trkpt>
    <trkpt lat="42.14183" lon="2.574491">
        <ele>454.5</ele>
        <time>2022-01-02T12:46:05.741Z</time>
    </trkpt>
    <trkpt lat="42.141854" lon="2.574434">
        <ele>454.7</ele>
        <time>2022-01-02T12:46:10.741Z</time>
    </trkpt>
    <trkpt lat="42.141888" lon="2.574384">
        <ele>455.3</ele>
        <time>2022-01-02T12:46:14.741Z</time>
    </trkpt>
    <trkpt lat="42.141916" lon="2.574328">
        <ele>455.7</ele>
        <time>2022-01-02T12:46:19.741Z</time>
    </trkpt>
    <trkpt lat="42.141951" lon="2.574261">
        <ele>456.4</ele>
        <time>2022-01-02T12:46:23.741Z</time>
    </trkpt>
    <trkpt lat="42.141982" lon="2.574205">
        <ele>457.1</ele>
        <time>2022-01-02T12:46:28.741Z</time>
    </trkpt>
    <trkpt lat="42.142003" lon="2.574142">
        <ele>457.8</ele>
        <time>2022-01-02T12:46:33.741Z</time>
    </trkpt>
    <trkpt lat="42.142026" lon="2.574089">
        <ele>458.3</ele>
        <time>2022-01-02T12:46:36.741Z</time>
    </trkpt>
    <trkpt lat="42.142045" lon="2.574028">
        <ele>458.8</ele>
        <time>2022-01-02T12:46:42.741Z</time>
    </trkpt>
    <trkpt lat="42.142071" lon="2.573976">
        <ele>459.4</ele>
        <time>2022-01-02T12:46:47.741Z</time>
    </trkpt>
    <trkpt lat="42.142095" lon="2.573919">
        <ele>460.1</ele>
        <time>2022-01-02T12:46:51.741Z</time>
    </trkpt>
    <trkpt lat="42.142126" lon="2.57386">
        <ele>460.7</ele>
        <time>2022-01-02T12:46:55.741Z</time>
    </trkpt>
    <trkpt lat="42.142151" lon="2.573806">
        <ele>461.1</ele>
        <time>2022-01-02T12:46:59.741Z</time>
    </trkpt>
    <trkpt lat="42.142179" lon="2.573747">
        <ele>461.5</ele>
        <time>2022-01-02T12:47:03.741Z</time>
    </trkpt>
    <trkpt lat="42.142207" lon="2.573683">
        <ele>461.9</ele>
        <time>2022-01-02T12:47:07.741Z</time>
    </trkpt>
    <trkpt lat="42.142226" lon="2.573616">
        <ele>462.0</ele>
        <time>2022-01-02T12:47:11.741Z</time>
    </trkpt>
    <trkpt lat="42.142245" lon="2.573549">
        <ele>462.4</ele>
        <time>2022-01-02T12:47:15.741Z</time>
    </trkpt>
    <trkpt lat="42.142261" lon="2.573485">
        <ele>462.8</ele>
        <time>2022-01-02T12:47:19.741Z</time>
    </trkpt>
    <trkpt lat="42.142268" lon="2.573414">
        <ele>463.3</ele>
        <time>2022-01-02T12:47:23.741Z</time>
    </trkpt>
    <trkpt lat="42.142284" lon="2.573351">
        <ele>463.7</ele>
        <time>2022-01-02T12:47:27.741Z</time>
    </trkpt>
    <trkpt lat="42.142291" lon="2.573286">
        <ele>464.2</ele>
        <time>2022-01-02T12:47:31.741Z</time>
    </trkpt>
    <trkpt lat="42.142302" lon="2.573221">
        <ele>464.5</ele>
        <time>2022-01-02T12:47:35.741Z</time>
    </trkpt>
    <trkpt lat="42.142324" lon="2.573156">
        <ele>465.0</ele>
        <time>2022-01-02T12:47:40.741Z</time>
    </trkpt>
    <trkpt lat="42.142347" lon="2.573099">
        <ele>465.2</ele>
        <time>2022-01-02T12:47:44.741Z</time>
    </trkpt>
    <trkpt lat="42.142373" lon="2.573044">
        <ele>465.6</ele>
        <time>2022-01-02T12:47:48.741Z</time>
    </trkpt>
    <trkpt lat="42.142413" lon="2.573003">
        <ele>465.8</ele>
        <time>2022-01-02T12:47:52.741Z</time>
    </trkpt>
    <trkpt lat="42.14245" lon="2.572959">
        <ele>466.3</ele>
        <time>2022-01-02T12:47:56.741Z</time>
    </trkpt>
    <trkpt lat="42.142475" lon="2.572889">
        <ele>466.8</ele>
        <time>2022-01-02T12:48:02.741Z</time>
    </trkpt>
    <trkpt lat="42.1425" lon="2.572836">
        <ele>467.4</ele>
        <time>2022-01-02T12:48:06.741Z</time>
    </trkpt>
    <trkpt lat="42.142522" lon="2.572776">
        <ele>468.0</ele>
        <time>2022-01-02T12:48:12.741Z</time>
    </trkpt>
    <trkpt lat="42.142572" lon="2.572753">
        <ele>468.1</ele>
        <time>2022-01-02T12:48:15.741Z</time>
    </trkpt>
    <trkpt lat="42.142618" lon="2.57271">
        <ele>468.5</ele>
        <time>2022-01-02T12:48:20.741Z</time>
    </trkpt>
    <trkpt lat="42.142664" lon="2.572703">
        <ele>468.5</ele>
        <time>2022-01-02T12:48:24.741Z</time>
    </trkpt>
    <trkpt lat="42.142719" lon="2.572708">
        <ele>468.3</ele>
        <time>2022-01-02T12:48:28.741Z</time>
    </trkpt>
    <trkpt lat="42.142768" lon="2.572689">
        <ele>468.3</ele>
        <time>2022-01-02T12:48:32.741Z</time>
    </trkpt>
    <trkpt lat="42.142822" lon="2.572685">
        <ele>468.3</ele>
        <time>2022-01-02T12:48:37.741Z</time>
    </trkpt>
    <trkpt lat="42.142872" lon="2.572665">
        <ele>468.4</ele>
        <time>2022-01-02T12:48:43.741Z</time>
    </trkpt>
    <trkpt lat="42.142918" lon="2.572664">
        <ele>468.3</ele>
        <time>2022-01-02T12:48:47.741Z</time>
    </trkpt>
    <trkpt lat="42.142965" lon="2.572687">
        <ele>467.9</ele>
        <time>2022-01-02T12:48:53.741Z</time>
    </trkpt>
    <trkpt lat="42.14302" lon="2.572708">
        <ele>467.4</ele>
        <time>2022-01-02T12:48:57.741Z</time>
    </trkpt>
    <trkpt lat="42.143073" lon="2.572717">
        <ele>467.1</ele>
        <time>2022-01-02T12:49:01.741Z</time>
    </trkpt>
    <trkpt lat="42.143119" lon="2.572723">
        <ele>466.9</ele>
        <time>2022-01-02T12:49:05.741Z</time>
    </trkpt>
    <trkpt lat="42.143175" lon="2.572729">
        <ele>466.8</ele>
        <time>2022-01-02T12:49:10.741Z</time>
    </trkpt>
    <trkpt lat="42.143223" lon="2.572737">
        <ele>466.7</ele>
        <time>2022-01-02T12:49:13.741Z</time>
    </trkpt>
    <trkpt lat="42.14327" lon="2.572711">
        <ele>467.1</ele>
        <time>2022-01-02T12:49:18.741Z</time>
    </trkpt>
    <trkpt lat="42.14332" lon="2.572687">
        <ele>467.4</ele>
        <time>2022-01-02T12:49:23.741Z</time>
    </trkpt>
    <trkpt lat="42.143373" lon="2.572686">
        <ele>467.3</ele>
        <time>2022-01-02T12:49:30.741Z</time>
    </trkpt>
    <trkpt lat="42.14342" lon="2.572683">
        <ele>467.3</ele>
        <time>2022-01-02T12:49:38.741Z</time>
    </trkpt>
    <trkpt lat="42.143465" lon="2.572658">
        <ele>467.5</ele>
        <time>2022-01-02T12:50:36.741Z</time>
    </trkpt>
    <trkpt lat="42.143508" lon="2.572636">
        <ele>467.8</ele>
        <time>2022-01-02T12:50:43.741Z</time>
    </trkpt>
    <trkpt lat="42.143556" lon="2.572623">
        <ele>468.0</ele>
        <time>2022-01-02T12:50:46.741Z</time>
    </trkpt>
    <trkpt lat="42.143607" lon="2.57262">
        <ele>467.8</ele>
        <time>2022-01-02T12:50:51.741Z</time>
    </trkpt>
    <trkpt lat="42.143652" lon="2.572622">
        <ele>467.8</ele>
        <time>2022-01-02T12:50:55.741Z</time>
    </trkpt>
    <trkpt lat="42.143698" lon="2.572626">
        <ele>467.8</ele>
        <time>2022-01-02T12:50:59.741Z</time>
    </trkpt>
    <trkpt lat="42.143748" lon="2.572609">
        <ele>468.0</ele>
        <time>2022-01-02T12:51:04.741Z</time>
    </trkpt>
    <trkpt lat="42.143789" lon="2.572583">
        <ele>468.3</ele>
        <time>2022-01-02T12:51:08.741Z</time>
    </trkpt>
    <trkpt lat="42.14381" lon="2.572529">
        <ele>468.9</ele>
        <time>2022-01-02T12:51:12.741Z</time>
    </trkpt>
    <trkpt lat="42.143827" lon="2.57247">
        <ele>469.6</ele>
        <time>2022-01-02T12:51:16.741Z</time>
    </trkpt>
    <trkpt lat="42.143857" lon="2.572405">
        <ele>470.2</ele>
        <time>2022-01-02T12:51:20.741Z</time>
    </trkpt>
    <trkpt lat="42.143877" lon="2.572346">
        <ele>470.7</ele>
        <time>2022-01-02T12:51:24.741Z</time>
    </trkpt>
    <trkpt lat="42.143901" lon="2.57228">
        <ele>471.7</ele>
        <time>2022-01-02T12:51:28.741Z</time>
    </trkpt>
    <trkpt lat="42.143924" lon="2.572223">
        <ele>472.7</ele>
        <time>2022-01-02T12:51:33.741Z</time>
    </trkpt>
    <trkpt lat="42.143936" lon="2.572157">
        <ele>474.5</ele>
        <time>2022-01-02T12:51:39.741Z</time>
    </trkpt>
    <trkpt lat="42.143972" lon="2.572116">
        <ele>476.4</ele>
        <time>2022-01-02T12:51:45.741Z</time>
    </trkpt>
    <trkpt lat="42.143986" lon="2.572058">
        <ele>478.3</ele>
        <time>2022-01-02T12:51:54.741Z</time>
    </trkpt>
    <trkpt lat="42.143986" lon="2.571995">
        <ele>480.0</ele>
        <time>2022-01-02T12:52:03.741Z</time>
    </trkpt>
    <trkpt lat="42.143983" lon="2.571928">
        <ele>481.3</ele>
        <time>2022-01-02T12:52:09.741Z</time>
    </trkpt>
    <trkpt lat="42.143969" lon="2.571857">
        <ele>482.1</ele>
        <time>2022-01-02T12:52:14.741Z</time>
    </trkpt>
    <trkpt lat="42.143958" lon="2.571791">
        <ele>482.8</ele>
        <time>2022-01-02T12:52:20.741Z</time>
    </trkpt>
    <trkpt lat="42.143953" lon="2.57172">
        <ele>483.7</ele>
        <time>2022-01-02T12:52:26.741Z</time>
    </trkpt>
    <trkpt lat="42.143956" lon="2.571652">
        <ele>484.8</ele>
        <time>2022-01-02T12:52:32.741Z</time>
    </trkpt>
    <trkpt lat="42.14396" lon="2.571588">
        <ele>485.5</ele>
        <time>2022-01-02T12:52:37.741Z</time>
    </trkpt>
    <trkpt lat="42.143973" lon="2.571521">
        <ele>486.5</ele>
        <time>2022-01-02T12:52:43.741Z</time>
    </trkpt>
    <trkpt lat="42.143959" lon="2.571454">
        <ele>486.8</ele>
        <time>2022-01-02T12:52:47.741Z</time>
    </trkpt>
    <trkpt lat="42.143944" lon="2.571389">
        <ele>487.0</ele>
        <time>2022-01-02T12:52:51.741Z</time>
    </trkpt>
    <trkpt lat="42.143925" lon="2.571326">
        <ele>487.0</ele>
        <time>2022-01-02T12:52:56.741Z</time>
    </trkpt>
    <trkpt lat="42.143937" lon="2.571255">
        <ele>487.5</ele>
        <time>2022-01-02T12:53:01.741Z</time>
    </trkpt>
    <trkpt lat="42.143937" lon="2.57119">
        <ele>487.8</ele>
        <time>2022-01-02T12:53:05.741Z</time>
    </trkpt>
    <trkpt lat="42.143926" lon="2.571117">
        <ele>488.2</ele>
        <time>2022-01-02T12:53:09.741Z</time>
    </trkpt>
    <trkpt lat="42.143943" lon="2.571055">
        <ele>488.0</ele>
        <time>2022-01-02T12:53:13.741Z</time>
    </trkpt>
    <trkpt lat="42.143969" lon="2.571002">
        <ele>487.7</ele>
        <time>2022-01-02T12:53:18.741Z</time>
    </trkpt>
    <trkpt lat="42.143968" lon="2.570932">
        <ele>487.3</ele>
        <time>2022-01-02T12:53:23.741Z</time>
    </trkpt>
    <trkpt lat="42.144012" lon="2.570971">
        <ele>487.5</ele>
        <time>2022-01-02T12:55:24.741Z</time>
    </trkpt>
    <trkpt lat="42.144032" lon="2.570894">
        <ele>487.0</ele>
        <time>2022-01-02T12:56:11.741Z</time>
    </trkpt>
    <trkpt lat="42.144049" lon="2.570834">
        <ele>486.4</ele>
        <time>2022-01-02T12:56:15.741Z</time>
    </trkpt>
    <trkpt lat="42.144079" lon="2.570782">
        <ele>486.0</ele>
        <time>2022-01-02T12:56:19.741Z</time>
    </trkpt>
    <trkpt lat="42.144075" lon="2.570707">
        <ele>485.3</ele>
        <time>2022-01-02T12:56:23.741Z</time>
    </trkpt>
    <trkpt lat="42.144088" lon="2.570634">
        <ele>484.5</ele>
        <time>2022-01-02T12:56:27.741Z</time>
    </trkpt>
    <trkpt lat="42.144104" lon="2.570576">
        <ele>483.9</ele>
        <time>2022-01-02T12:56:31.741Z</time>
    </trkpt>
    <trkpt lat="42.144117" lon="2.570514">
        <ele>483.2</ele>
        <time>2022-01-02T12:56:35.741Z</time>
    </trkpt>
    <trkpt lat="42.144088" lon="2.570462">
        <ele>482.8</ele>
        <time>2022-01-02T12:56:40.741Z</time>
    </trkpt>
    <trkpt lat="42.144049" lon="2.570429">
        <ele>483.0</ele>
        <time>2022-01-02T12:56:45.741Z</time>
    </trkpt>
    <trkpt lat="42.144026" lon="2.570372">
        <ele>482.6</ele>
        <time>2022-01-02T12:56:56.741Z</time>
    </trkpt>
    <trkpt lat="42.143999" lon="2.570322">
        <ele>482.3</ele>
        <time>2022-01-02T12:57:18.741Z</time>
    </trkpt>
    <trkpt lat="42.143978" lon="2.570258">
        <ele>481.9</ele>
        <time>2022-01-02T12:57:25.741Z</time>
    </trkpt>
    <trkpt lat="42.143964" lon="2.570194">
        <ele>481.0</ele>
        <time>2022-01-02T12:57:32.741Z</time>
    </trkpt>
    <trkpt lat="42.143949" lon="2.570135">
        <ele>480.4</ele>
        <time>2022-01-02T12:57:48.741Z</time>
    </trkpt>
    </trkseg>
</trk>
</gpx>