<?xml version="1.0" encoding="UTF-8"?>
<gpx xmlns:xsi="http://www.w3.org/2001/XMLSchema-instance" xmlns="http://www.topografix.com/GPX/1/1" xsi:schemaLocation="http://www.topografix.com/GPX/1/1 http://www.topografix.com/GPX/1/1/gpx.xsd http://www.garmin.com/xmlschemas/GpxExtensions/v3 http://www.garmin.com/xmlschemas/GpxExtensionsv3.xsd http://www.garmin.com/xmlschemas/TrackPointExtension/v1 http://www.garmin.com/xmlschemas/TrackPointExtensionv1.xsd http://www.topografix.com/GPX/gpx_style/0/2 http://www.topografix.com/GPX/gpx_style/0/2/gpx_style.xsd" xmlns:gpxtpx="http://www.garmin.com/xmlschemas/TrackPointExtension/v1" xmlns:gpxx="http://www.garmin.com/xmlschemas/GpxExtensions/v3" xmlns:gpx_style="http://www.topografix.com/GPX/gpx_style/0/2" version="1.1" creator="Wikiloc - https://www.wikiloc.com">
<metadata>
    <name>R19 - Sant Miquel Sacot - Colltort - Penya Peguera - Fontpobra</name>
    <author>
        <name>gpx.studio</name>
        <link href="https://gpx.studio"></link>
    </author>
</metadata>
<wpt lat="42.13919901297914" lon="2.532241955301555">
    <ele>641.5</ele>
    <name>Sant Miquel Sacot</name>
    <sym>Church</sym>
</wpt>
<wpt lat="42.139483530385064" lon="2.5343441963195805">
    <ele>603.8</ele>
    <name>Rec</name>
    <sym> </sym>
</wpt>
<wpt lat="42.13883216404396" lon="2.5325323641300206">
    <ele>632.2</ele>
    <name>Escòria volcànica</name>
    <sym>Geographic place name, land</sym>
</wpt>
<wpt lat="42.13765769879366" lon="2.5308237969875336">
    <ele>662.2</ele>
    <name>Capes geològiques</name>
    <sym>Geographic place name, land</sym>
</wpt>
<wpt lat="42.1272718" lon="2.5465109">
    <ele>855.5</ele>
    <name>Penya Peguera</name>
    <cmt>description: Penya Peguera, tourism: viewpoint</cmt>
    <sym>Scenic Area</sym>
</wpt>
<wpt lat="42.1322997" lon="2.5326945">
    <ele>819.4</ele>
    <name>Castell de Colltort</name>
    <cmt>tourism: viewpoint</cmt>
    <sym>Geographic place name, Man-made</sym>
</wpt>
<wpt lat="42.12792175679273" lon="2.5437600567968537">
    <ele>833.7</ele>
    <name>Font de Fontpobra</name>
    <sym>Water Source</sym>
</wpt>
<wpt lat="42.1322997" lon="2.5326945">
    <ele>819.4</ele>
    <name>Castell de Colltort</name>
    <cmt>tourism: viewpoint</cmt>
    <sym>Scenic Area</sym>
</wpt>
<wpt lat="42.1272718" lon="2.5465109">
    <ele>855.5</ele>
    <name>Penya Peguera</name>
    <cmt>description: Penya Peguera, tourism: viewpoint</cmt>
    <sym>Scenic Area</sym>
</wpt>
<wpt lat="42.1391991178144" lon="2.531007528305054">
    <ele>656.4</ele>
    <name>G120</name>
    <cmt>Sant Miquel Sacot</cmt>
    <desc>Sant Miquel Sacot</desc>
    <sym>Flag, Green</sym>
</wpt>
<wpt lat="42.13170050745748" lon="2.535433173179627">
    <ele>799.3</ele>
    <name>G89</name>
    <cmt>Collada de Colltort</cmt>
    <desc>Collada de Colltort</desc>
    <sym>Flag, Green</sym>
</wpt>
<wpt lat="42.12489152272717" lon="2.545096473200275">
    <ele>885.4</ele>
    <name>G88</name>
    <cmt>Fontpobra</cmt>
    <desc>Fontpobra</desc>
    <sym>Flag, Green</sym>
</wpt>
<wpt lat="42.12309687459206" lon="2.5475362036891895">
    <ele>895.4</ele>
    <name>G87</name>
    <cmt>Collada de Fontpobra</cmt>
    <desc>Collada de Fontpobra</desc>
    <sym>Flag, Green</sym>
</wpt>
<trk>
    <name>Sant Miquel Sacot- Penya Peguera</name>
    <type>Running</type>
    <extensions>
        <gpx_style:line>
        <color>0000ff</color>
        <opacity>0.7</opacity>
        <weight>3</weight>
        </gpx_style:line>
    </extensions>
    <trkseg>
    <trkpt lat="42.148165" lon="2.530621">
        <ele>619.8</ele>
        <time>2024-03-18T17:51:02.706Z</time>
    </trkpt>
    <trkpt lat="42.148137" lon="2.530606">
        <ele>619.8</ele>
        <time>2024-03-18T17:51:12.800Z</time>
    </trkpt>
    <trkpt lat="42.147953" lon="2.530925">
        <ele>620.3</ele>
        <time>2024-03-18T17:52:53.200Z</time>
    </trkpt>
    <trkpt lat="42.147083" lon="2.530762">
        <ele>625.0</ele>
        <time>2024-03-18T17:57:47.496Z</time>
    </trkpt>
    <trkpt lat="42.146663" lon="2.530653">
        <ele>627.8</ele>
        <time>2024-03-18T18:00:10.800Z</time>
    </trkpt>
    <trkpt lat="42.145899" lon="2.530412">
        <ele>631.3</ele>
        <time>2024-03-18T18:04:33.689Z</time>
    </trkpt>
    <trkpt lat="42.145443" lon="2.529895">
        <ele>634.5</ele>
        <time>2024-03-18T18:07:53.285Z</time>
    </trkpt>
    <trkpt lat="42.145362" lon="2.529799">
        <ele>637.0</ele>
        <time>2024-03-18T18:08:29.414Z</time>
    </trkpt>
    <trkpt lat="42.145211" lon="2.529655">
        <ele>642.5</ele>
        <time>2024-03-18T18:09:31.376Z</time>
    </trkpt>
    <trkpt lat="42.145095" lon="2.529578">
        <ele>646.8</ele>
        <time>2024-03-18T18:10:14.694Z</time>
    </trkpt>
    <trkpt lat="42.144906" lon="2.529527">
        <ele>652.3</ele>
        <time>2024-03-18T18:11:19.274Z</time>
    </trkpt>
    <trkpt lat="42.144552" lon="2.529659">
        <ele>656.0</ele>
        <time>2024-03-18T18:13:22.333Z</time>
    </trkpt>
    <trkpt lat="42.144039" lon="2.529985">
        <ele>654.8</ele>
        <time>2024-03-18T18:16:32.340Z</time>
    </trkpt>
    <trkpt lat="42.143627" lon="2.530467">
        <ele>651.5</ele>
        <time>2024-03-18T18:19:35.080Z</time>
    </trkpt>
    <trkpt lat="42.143325" lon="2.530653">
        <ele>651.8</ele>
        <time>2024-03-18T18:21:26.318Z</time>
    </trkpt>
    <trkpt lat="42.142728" lon="2.530847">
        <ele>650.5</ele>
        <time>2024-03-18T18:24:52.070Z</time>
    </trkpt>
    <trkpt lat="42.14234" lon="2.530883">
        <ele>651.0</ele>
        <time>2024-03-18T18:27:02.378Z</time>
    </trkpt>
    <trkpt lat="42.141829" lon="2.53081">
        <ele>652.8</ele>
        <time>2024-03-18T18:29:54.548Z</time>
    </trkpt>
    <trkpt lat="42.141357" lon="2.530932">
        <ele>651.5</ele>
        <time>2024-03-18T18:32:35.572Z</time>
    </trkpt>
    <trkpt lat="42.140598" lon="2.531247">
        <ele>649.0</ele>
        <time>2024-03-18T18:37:01.647Z</time>
    </trkpt>
    <trkpt lat="42.140274" lon="2.531296">
        <ele>651.3</ele>
        <time>2024-03-18T18:38:50.885Z</time>
    </trkpt>
    <trkpt lat="42.139776" lon="2.531723">
        <ele>645.8</ele>
        <time>2024-03-18T18:42:08.611Z</time>
    </trkpt>
    <trkpt lat="42.139611" lon="2.531897">
        <ele>643.3</ele>
        <time>2024-03-18T18:43:18.790Z</time>
    </trkpt>
    <trkpt lat="42.13955" lon="2.531961">
        <ele>642.5</ele>
        <time>2024-03-18T18:43:44.685Z</time>
    </trkpt>
    <trkpt lat="42.139123" lon="2.531841">
        <ele>647.0</ele>
        <time>2024-03-18T18:46:10.826Z</time>
    </trkpt>
    <trkpt lat="42.139143" lon="2.531785">
        <ele>648.0</ele>
        <time>2024-03-18T18:46:26.268Z</time>
    </trkpt>
    <trkpt lat="42.139157" lon="2.531705">
        <ele>649.3</ele>
        <time>2024-03-18T18:46:46.689Z</time>
    </trkpt>
    <trkpt lat="42.139165" lon="2.531524">
        <ele>651.0</ele>
        <time>2024-03-18T18:47:31.738Z</time>
    </trkpt>
    <trkpt lat="42.139151" lon="2.531343">
        <ele>652.5</ele>
        <time>2024-03-18T18:48:16.951Z</time>
    </trkpt>
    <trkpt lat="42.139151" lon="2.531241">
        <ele>653.5</ele>
        <time>2024-03-18T18:48:42.292Z</time>
    </trkpt>
    <trkpt lat="42.13919" lon="2.531022">
        <ele>655.5</ele>
        <time>2024-03-18T18:49:38.249Z</time>
    </trkpt>
    <trkpt lat="42.139177" lon="2.530897">
        <ele>656.5</ele>
        <time>2024-03-18T18:50:09.609Z</time>
    </trkpt>
    <trkpt lat="42.139133" lon="2.530856">
        <ele>656.8</ele>
        <time>2024-03-18T18:50:27.528Z</time>
    </trkpt>
    <trkpt lat="42.138914" lon="2.53083">
        <ele>650.0</ele>
        <time>2024-03-18T18:51:41.188Z</time>
    </trkpt>
    <trkpt lat="42.13869" lon="2.530862">
        <ele>651.9</ele>
        <time>2024-03-18T18:52:21.188Z</time>
    </trkpt>
    <trkpt lat="42.138475" lon="2.530908">
        <ele>654.3</ele>
        <time>2024-03-18T18:53:01.188Z</time>
    </trkpt>
    <trkpt lat="42.138417" lon="2.530926">
        <ele>654.9</ele>
        <time>2024-03-18T18:53:41.188Z</time>
    </trkpt>
    <trkpt lat="42.138248" lon="2.530989">
        <ele>655.9</ele>
        <time>2024-03-18T18:54:21.191Z</time>
    </trkpt>
    <trkpt lat="42.138085" lon="2.531014">
        <ele>658.3</ele>
        <time>2024-03-18T18:55:01.191Z</time>
    </trkpt>
    <trkpt lat="42.137843" lon="2.530953">
        <ele>659.1</ele>
        <time>2024-03-18T18:55:41.191Z</time>
    </trkpt>
    <trkpt lat="42.137721" lon="2.530978">
        <ele>658.2</ele>
        <time>2024-03-18T18:56:21.191Z</time>
    </trkpt>
    <trkpt lat="42.137679" lon="2.530987">
        <ele>658.3</ele>
        <time>2024-03-18T18:57:01.191Z</time>
    </trkpt>
    <trkpt lat="42.137642" lon="2.530963">
        <ele>658.2</ele>
        <time>2024-03-18T18:57:41.191Z</time>
    </trkpt>
    <trkpt lat="42.137633" lon="2.530923">
        <ele>661.1</ele>
        <time>2024-03-18T18:58:21.191Z</time>
    </trkpt>
    <trkpt lat="42.137652" lon="2.530886">
        <ele>659.1</ele>
        <time>2024-03-18T18:59:01.191Z</time>
    </trkpt>
    <trkpt lat="42.137657" lon="2.530835">
        <ele>658.6</ele>
        <time>2024-03-18T18:59:41.191Z</time>
    </trkpt>
    <trkpt lat="42.137658" lon="2.530832">
        <ele>658.7</ele>
        <time>2024-03-18T19:00:21.191Z</time>
    </trkpt>
    <trkpt lat="42.137654" lon="2.530863">
        <ele>659.6</ele>
        <time>2024-03-18T19:01:01.191Z</time>
    </trkpt>
    <trkpt lat="42.137655" lon="2.530871">
        <ele>659.6</ele>
        <time>2024-03-18T19:01:41.191Z</time>
    </trkpt>
    <trkpt lat="42.137651" lon="2.530871">
        <ele>659.1</ele>
        <time>2024-03-18T19:02:21.191Z</time>
    </trkpt>
    <trkpt lat="42.137652" lon="2.530882">
        <ele>659.7</ele>
        <time>2024-03-18T19:03:01.191Z</time>
    </trkpt>
    <trkpt lat="42.137645" lon="2.530888">
        <ele>659.2</ele>
        <time>2024-03-18T19:03:41.191Z</time>
    </trkpt>
    <trkpt lat="42.13764" lon="2.530923">
        <ele>659.6</ele>
        <time>2024-03-18T19:04:21.191Z</time>
    </trkpt>
    <trkpt lat="42.137576" lon="2.530943">
        <ele>660.6</ele>
        <time>2024-03-18T19:05:01.191Z</time>
    </trkpt>
    <trkpt lat="42.137493" lon="2.530925">
        <ele>663.9</ele>
        <time>2024-03-18T19:05:41.191Z</time>
    </trkpt>
    <trkpt lat="42.137357" lon="2.530893">
        <ele>664.4</ele>
        <time>2024-03-18T19:06:21.191Z</time>
    </trkpt>
    <trkpt lat="42.137188" lon="2.530885">
        <ele>667.4</ele>
        <time>2024-03-18T19:07:01.191Z</time>
    </trkpt>
    <trkpt lat="42.137047" lon="2.530872">
        <ele>669.3</ele>
        <time>2024-03-18T19:07:41.191Z</time>
    </trkpt>
    <trkpt lat="42.136887" lon="2.530876">
        <ele>670.7</ele>
        <time>2024-03-18T19:08:21.191Z</time>
    </trkpt>
    <trkpt lat="42.136717" lon="2.530837">
        <ele>673.1</ele>
        <time>2024-03-18T19:09:01.191Z</time>
    </trkpt>
    <trkpt lat="42.13655" lon="2.530842">
        <ele>675.9</ele>
        <time>2024-03-18T19:09:41.191Z</time>
    </trkpt>
    <trkpt lat="42.136482" lon="2.530832">
        <ele>676.0</ele>
        <time>2024-03-18T19:10:21.191Z</time>
    </trkpt>
    <trkpt lat="42.136251" lon="2.530761">
        <ele>675.5</ele>
        <time>2024-03-18T19:11:01.191Z</time>
    </trkpt>
    <trkpt lat="42.13606" lon="2.530754">
        <ele>674.5</ele>
        <time>2024-03-18T19:11:41.191Z</time>
    </trkpt>
    <trkpt lat="42.135983" lon="2.530739">
        <ele>675.0</ele>
        <time>2024-03-18T19:12:21.191Z</time>
    </trkpt>
    <trkpt lat="42.135803" lon="2.530643">
        <ele>675.5</ele>
        <time>2024-03-18T19:13:01.191Z</time>
    </trkpt>
    <trkpt lat="42.13557" lon="2.530719">
        <ele>675.1</ele>
        <time>2024-03-18T19:13:41.191Z</time>
    </trkpt>
    <trkpt lat="42.135417" lon="2.530752">
        <ele>674.5</ele>
        <time>2024-03-18T19:14:21.191Z</time>
    </trkpt>
    <trkpt lat="42.135268" lon="2.530774">
        <ele>672.7</ele>
        <time>2024-03-18T19:15:01.191Z</time>
    </trkpt>
    <trkpt lat="42.135146" lon="2.530877">
        <ele>672.6</ele>
        <time>2024-03-18T19:15:41.191Z</time>
    </trkpt>
    <trkpt lat="42.135086" lon="2.531037">
        <ele>672.1</ele>
        <time>2024-03-18T19:16:21.191Z</time>
    </trkpt>
    <trkpt lat="42.135037" lon="2.531187">
        <ele>672.2</ele>
        <time>2024-03-18T19:17:01.191Z</time>
    </trkpt>
    <trkpt lat="42.134999" lon="2.531385">
        <ele>672.7</ele>
        <time>2024-03-18T19:17:41.191Z</time>
    </trkpt>
    <trkpt lat="42.134953" lon="2.531623">
        <ele>673.1</ele>
        <time>2024-03-18T19:18:21.191Z</time>
    </trkpt>
    <trkpt lat="42.134835" lon="2.53175">
        <ele>673.1</ele>
        <time>2024-03-18T19:19:01.191Z</time>
    </trkpt>
    <trkpt lat="42.134742" lon="2.531887">
        <ele>673.5</ele>
        <time>2024-03-18T19:19:41.191Z</time>
    </trkpt>
    <trkpt lat="42.134653" lon="2.53203">
        <ele>673.2</ele>
        <time>2024-03-18T19:20:21.191Z</time>
    </trkpt>
    <trkpt lat="42.134517" lon="2.532224">
        <ele>674.1</ele>
        <time>2024-03-18T19:21:01.191Z</time>
    </trkpt>
    <trkpt lat="42.134465" lon="2.532375">
        <ele>675.6</ele>
        <time>2024-03-18T19:21:41.191Z</time>
    </trkpt>
    <trkpt lat="42.134512" lon="2.532494">
        <ele>676.4</ele>
        <time>2024-03-18T19:22:21.191Z</time>
    </trkpt>
    <trkpt lat="42.134454" lon="2.532603">
        <ele>678.4</ele>
        <time>2024-03-18T19:23:01.191Z</time>
    </trkpt>
    <trkpt lat="42.134326" lon="2.532748">
        <ele>680.9</ele>
        <time>2024-03-18T19:23:41.191Z</time>
    </trkpt>
    <trkpt lat="42.134237" lon="2.532906">
        <ele>682.2</ele>
        <time>2024-03-18T19:24:21.191Z</time>
    </trkpt>
    <trkpt lat="42.134109" lon="2.533001">
        <ele>683.2</ele>
        <time>2024-03-18T19:25:01.191Z</time>
    </trkpt>
    <trkpt lat="42.133968" lon="2.533123">
        <ele>684.1</ele>
        <time>2024-03-18T19:25:41.191Z</time>
    </trkpt>
    <trkpt lat="42.133992" lon="2.533245">
        <ele>685.6</ele>
        <time>2024-03-18T19:26:21.191Z</time>
    </trkpt>
    <trkpt lat="42.133994" lon="2.533348">
        <ele>686.0</ele>
        <time>2024-03-18T19:27:01.191Z</time>
    </trkpt>
    <trkpt lat="42.134053" lon="2.533443">
        <ele>686.6</ele>
        <time>2024-03-18T19:27:41.191Z</time>
    </trkpt>
    <trkpt lat="42.134077" lon="2.533506">
        <ele>689.0</ele>
        <time>2024-03-18T19:28:21.191Z</time>
    </trkpt>
    <trkpt lat="42.134053" lon="2.533608">
        <ele>689.9</ele>
        <time>2024-03-18T19:29:01.191Z</time>
    </trkpt>
    <trkpt lat="42.134062" lon="2.533684">
        <ele>691.9</ele>
        <time>2024-03-18T19:29:41.191Z</time>
    </trkpt>
    <trkpt lat="42.134049" lon="2.533777">
        <ele>693.2</ele>
        <time>2024-03-18T19:30:21.191Z</time>
    </trkpt>
    <trkpt lat="42.134002" lon="2.533869">
        <ele>695.3</ele>
        <time>2024-03-18T19:31:01.191Z</time>
    </trkpt>
    <trkpt lat="42.134018" lon="2.533982">
        <ele>698.1</ele>
        <time>2024-03-18T19:31:41.191Z</time>
    </trkpt>
    <trkpt lat="42.134036" lon="2.534058">
        <ele>700.0</ele>
        <time>2024-03-18T19:32:21.191Z</time>
    </trkpt>
    <trkpt lat="42.134017" lon="2.534136">
        <ele>702.9</ele>
        <time>2024-03-18T19:33:01.191Z</time>
    </trkpt>
    <trkpt lat="42.134025" lon="2.534215">
        <ele>704.4</ele>
        <time>2024-03-18T19:33:41.191Z</time>
    </trkpt>
    <trkpt lat="42.134035" lon="2.534287">
        <ele>706.7</ele>
        <time>2024-03-18T19:34:21.191Z</time>
    </trkpt>
    <trkpt lat="42.134028" lon="2.534391">
        <ele>708.6</ele>
        <time>2024-03-18T19:35:01.191Z</time>
    </trkpt>
    <trkpt lat="42.134027" lon="2.534417">
        <ele>711.5</ele>
        <time>2024-03-18T19:35:41.191Z</time>
    </trkpt>
    <trkpt lat="42.134056" lon="2.534467">
        <ele>713.0</ele>
        <time>2024-03-18T19:36:21.191Z</time>
    </trkpt>
    <trkpt lat="42.134076" lon="2.534541">
        <ele>714.5</ele>
        <time>2024-03-18T19:37:01.191Z</time>
    </trkpt>
    <trkpt lat="42.134119" lon="2.534544">
        <ele>715.8</ele>
        <time>2024-03-18T19:37:41.191Z</time>
    </trkpt>
    <trkpt lat="42.134122" lon="2.534632">
        <ele>718.2</ele>
        <time>2024-03-18T19:38:21.191Z</time>
    </trkpt>
    <trkpt lat="42.134063" lon="2.534624">
        <ele>718.7</ele>
        <time>2024-03-18T19:39:01.191Z</time>
    </trkpt>
    <trkpt lat="42.133969" lon="2.534634">
        <ele>719.7</ele>
        <time>2024-03-18T19:39:41.191Z</time>
    </trkpt>
    <trkpt lat="42.133818" lon="2.534647">
        <ele>722.6</ele>
        <time>2024-03-18T19:40:21.191Z</time>
    </trkpt>
    <trkpt lat="42.133802" lon="2.534673">
        <ele>725.5</ele>
        <time>2024-03-18T19:41:01.191Z</time>
    </trkpt>
    <trkpt lat="42.133736" lon="2.534725">
        <ele>726.5</ele>
        <time>2024-03-18T19:41:41.191Z</time>
    </trkpt>
    <trkpt lat="42.133681" lon="2.534791">
        <ele>729.4</ele>
        <time>2024-03-18T19:42:21.191Z</time>
    </trkpt>
    <trkpt lat="42.133703" lon="2.534829">
        <ele>732.2</ele>
        <time>2024-03-18T19:43:01.191Z</time>
    </trkpt>
    <trkpt lat="42.133704" lon="2.534903">
        <ele>734.7</ele>
        <time>2024-03-18T19:43:41.191Z</time>
    </trkpt>
    <trkpt lat="42.133691" lon="2.534968">
        <ele>735.2</ele>
        <time>2024-03-18T19:44:21.191Z</time>
    </trkpt>
    <trkpt lat="42.133691" lon="2.535015">
        <ele>736.1</ele>
        <time>2024-03-18T19:45:01.191Z</time>
    </trkpt>
    <trkpt lat="42.133653" lon="2.535015">
        <ele>735.5</ele>
        <time>2024-03-18T19:45:41.191Z</time>
    </trkpt>
    <trkpt lat="42.133683" lon="2.534967">
        <ele>736.0</ele>
        <time>2024-03-18T19:46:21.191Z</time>
    </trkpt>
    <trkpt lat="42.133599" lon="2.535052">
        <ele>736.5</ele>
        <time>2024-03-18T19:47:01.191Z</time>
    </trkpt>
    <trkpt lat="42.1336" lon="2.53505">
        <ele>736.5</ele>
        <time>2024-03-18T19:47:41.191Z</time>
    </trkpt>
    <trkpt lat="42.133591" lon="2.535048">
        <ele>740.0</ele>
        <time>2024-03-18T19:48:21.191Z</time>
    </trkpt>
    <trkpt lat="42.133537" lon="2.535103">
        <ele>743.2</ele>
        <time>2024-03-18T19:49:01.191Z</time>
    </trkpt>
    <trkpt lat="42.133479" lon="2.535148">
        <ele>745.3</ele>
        <time>2024-03-18T19:49:41.191Z</time>
    </trkpt>
    <trkpt lat="42.133423" lon="2.535066">
        <ele>747.1</ele>
        <time>2024-03-18T19:50:21.191Z</time>
    </trkpt>
    <trkpt lat="42.133344" lon="2.53508">
        <ele>750.4</ele>
        <time>2024-03-18T19:51:01.191Z</time>
    </trkpt>
    <trkpt lat="42.133306" lon="2.535117">
        <ele>751.4</ele>
        <time>2024-03-18T19:51:41.191Z</time>
    </trkpt>
    <trkpt lat="42.133223" lon="2.535107">
        <ele>754.3</ele>
        <time>2024-03-18T19:52:21.191Z</time>
    </trkpt>
    <trkpt lat="42.133126" lon="2.535063">
        <ele>757.2</ele>
        <time>2024-03-18T19:53:01.191Z</time>
    </trkpt>
    <trkpt lat="42.133117" lon="2.535106">
        <ele>757.7</ele>
        <time>2024-03-18T19:53:41.191Z</time>
    </trkpt>
    <trkpt lat="42.133067" lon="2.535165">
        <ele>760.2</ele>
        <time>2024-03-18T19:54:21.191Z</time>
    </trkpt>
    <trkpt lat="42.133048" lon="2.535206">
        <ele>761.0</ele>
        <time>2024-03-18T19:55:01.191Z</time>
    </trkpt>
    <trkpt lat="42.133049" lon="2.535249">
        <ele>763.4</ele>
        <time>2024-03-18T19:55:41.191Z</time>
    </trkpt>
    <trkpt lat="42.132967" lon="2.535249">
        <ele>764.0</ele>
        <time>2024-03-18T19:56:21.191Z</time>
    </trkpt>
    <trkpt lat="42.13282" lon="2.535298">
        <ele>766.9</ele>
        <time>2024-03-18T19:57:01.191Z</time>
    </trkpt>
    <trkpt lat="42.132757" lon="2.535307">
        <ele>767.9</ele>
        <time>2024-03-18T19:57:41.191Z</time>
    </trkpt>
    <trkpt lat="42.132668" lon="2.535357">
        <ele>768.8</ele>
        <time>2024-03-18T19:58:21.191Z</time>
    </trkpt>
    <trkpt lat="42.132594" lon="2.535354">
        <ele>771.1</ele>
        <time>2024-03-18T19:59:01.191Z</time>
    </trkpt>
    <trkpt lat="42.132519" lon="2.535345">
        <ele>773.0</ele>
        <time>2024-03-18T19:59:41.191Z</time>
    </trkpt>
    <trkpt lat="42.132449" lon="2.535353">
        <ele>776.5</ele>
        <time>2024-03-18T20:00:21.191Z</time>
    </trkpt>
    <trkpt lat="42.132358" lon="2.535346">
        <ele>778.3</ele>
        <time>2024-03-18T20:01:01.191Z</time>
    </trkpt>
    <trkpt lat="42.132346" lon="2.535341">
        <ele>779.8</ele>
        <time>2024-03-18T20:01:41.191Z</time>
    </trkpt>
    <trkpt lat="42.132296" lon="2.535399">
        <ele>780.8</ele>
        <time>2024-03-18T20:02:21.191Z</time>
    </trkpt>
    <trkpt lat="42.132104" lon="2.53551">
        <ele>782.8</ele>
        <time>2024-03-18T20:03:01.191Z</time>
    </trkpt>
    <trkpt lat="42.131928" lon="2.535475">
        <ele>784.1</ele>
        <time>2024-03-18T20:03:41.191Z</time>
    </trkpt>
    <trkpt lat="42.131864" lon="2.535467">
        <ele>787.6</ele>
        <time>2024-03-18T20:04:21.191Z</time>
    </trkpt>
    <trkpt lat="42.131826" lon="2.535468">
        <ele>789.9</ele>
        <time>2024-03-18T20:05:01.191Z</time>
    </trkpt>
    <trkpt lat="42.13179" lon="2.535501">
        <ele>791.8</ele>
        <time>2024-03-18T20:05:41.191Z</time>
    </trkpt>
    <trkpt lat="42.131742" lon="2.535417">
        <ele>792.7</ele>
        <time>2024-03-18T20:06:21.191Z</time>
    </trkpt>
    <trkpt lat="42.131635" lon="2.535407">
        <ele>796.1</ele>
        <time>2024-03-18T20:07:01.191Z</time>
    </trkpt>
    <trkpt lat="42.131599" lon="2.535407">
        <ele>799.0</ele>
        <time>2024-03-18T20:07:41.191Z</time>
    </trkpt>
    <trkpt lat="42.131562" lon="2.535377">
        <ele>796.6</ele>
        <time>2024-03-18T20:08:21.191Z</time>
    </trkpt>
    <trkpt lat="42.131548" lon="2.535354">
        <ele>797.7</ele>
        <time>2024-03-18T20:09:01.191Z</time>
    </trkpt>
    <trkpt lat="42.131547" lon="2.535335">
        <ele>797.1</ele>
        <time>2024-03-18T20:09:41.191Z</time>
    </trkpt>
    <trkpt lat="42.131539" lon="2.53534">
        <ele>800.4</ele>
        <time>2024-03-18T20:10:21.191Z</time>
    </trkpt>
    <trkpt lat="42.131539" lon="2.535341">
        <ele>797.2</ele>
        <time>2024-03-18T20:11:01.191Z</time>
    </trkpt>
    <trkpt lat="42.131538" lon="2.535355">
        <ele>800.0</ele>
        <time>2024-03-18T20:11:41.191Z</time>
    </trkpt>
    <trkpt lat="42.131539" lon="2.535355">
        <ele>799.0</ele>
        <time>2024-03-18T20:12:21.191Z</time>
    </trkpt>
    <trkpt lat="42.13153" lon="2.535352">
        <ele>799.0</ele>
        <time>2024-03-18T20:13:01.191Z</time>
    </trkpt>
    <trkpt lat="42.131534" lon="2.535336">
        <ele>796.1</ele>
        <time>2024-03-18T20:13:41.191Z</time>
    </trkpt>
    <trkpt lat="42.131536" lon="2.535337">
        <ele>799.5</ele>
        <time>2024-03-18T20:14:21.191Z</time>
    </trkpt>
    <trkpt lat="42.131546" lon="2.535349">
        <ele>799.1</ele>
        <time>2024-03-18T20:15:01.191Z</time>
    </trkpt>
    <trkpt lat="42.131553" lon="2.535358">
        <ele>798.5</ele>
        <time>2024-03-18T20:15:41.191Z</time>
    </trkpt>
    <trkpt lat="42.131555" lon="2.535283">
        <ele>799.1</ele>
        <time>2024-03-18T20:16:21.191Z</time>
    </trkpt>
    <trkpt lat="42.131598" lon="2.535225">
        <ele>799.1</ele>
        <time>2024-03-18T20:17:01.191Z</time>
    </trkpt>
    <trkpt lat="42.131657" lon="2.535173">
        <ele>800.0</ele>
        <time>2024-03-18T20:17:41.191Z</time>
    </trkpt>
    <trkpt lat="42.131748" lon="2.535128">
        <ele>800.4</ele>
        <time>2024-03-18T20:18:21.191Z</time>
    </trkpt>
    <trkpt lat="42.131808" lon="2.535125">
        <ele>801.4</ele>
        <time>2024-03-18T20:19:01.191Z</time>
    </trkpt>
    <trkpt lat="42.131883" lon="2.535098">
        <ele>802.8</ele>
        <time>2024-03-18T20:19:41.191Z</time>
    </trkpt>
    <trkpt lat="42.131963" lon="2.535038">
        <ele>804.8</ele>
        <time>2024-03-18T20:20:21.191Z</time>
    </trkpt>
    <trkpt lat="42.132018" lon="2.534995">
        <ele>805.7</ele>
        <time>2024-03-18T20:21:01.191Z</time>
    </trkpt>
    <trkpt lat="42.132065" lon="2.534935">
        <ele>805.7</ele>
        <time>2024-03-18T20:21:41.191Z</time>
    </trkpt>
    <trkpt lat="42.132115" lon="2.534779">
        <ele>806.8</ele>
        <time>2024-03-18T20:22:21.191Z</time>
    </trkpt>
    <trkpt lat="42.13211" lon="2.534676">
        <ele>810.1</ele>
        <time>2024-03-18T20:23:01.191Z</time>
    </trkpt>
    <trkpt lat="42.132128" lon="2.534604">
        <ele>812.1</ele>
        <time>2024-03-18T20:23:41.191Z</time>
    </trkpt>
    <trkpt lat="42.132139" lon="2.534536">
        <ele>813.5</ele>
        <time>2024-03-18T20:24:21.191Z</time>
    </trkpt>
    <trkpt lat="42.132135" lon="2.534448">
        <ele>816.9</ele>
        <time>2024-03-18T20:25:01.191Z</time>
    </trkpt>
    <trkpt lat="42.132138" lon="2.534378">
        <ele>818.7</ele>
        <time>2024-03-18T20:25:41.191Z</time>
    </trkpt>
    <trkpt lat="42.132116" lon="2.53431">
        <ele>820.1</ele>
        <time>2024-03-18T20:26:21.191Z</time>
    </trkpt>
    <trkpt lat="42.132113" lon="2.534246">
        <ele>822.5</ele>
        <time>2024-03-18T20:27:01.191Z</time>
    </trkpt>
    <trkpt lat="42.132111" lon="2.534189">
        <ele>824.6</ele>
        <time>2024-03-18T20:27:41.191Z</time>
    </trkpt>
    <trkpt lat="42.132101" lon="2.53412">
        <ele>827.5</ele>
        <time>2024-03-18T20:28:21.191Z</time>
    </trkpt>
    <trkpt lat="42.13211" lon="2.534067">
        <ele>828.3</ele>
        <time>2024-03-18T20:29:01.191Z</time>
    </trkpt>
    <trkpt lat="42.13212" lon="2.533977">
        <ele>829.8</ele>
        <time>2024-03-18T20:29:41.191Z</time>
    </trkpt>
    <trkpt lat="42.132156" lon="2.533852">
        <ele>829.8</ele>
        <time>2024-03-18T20:30:21.191Z</time>
    </trkpt>
    <trkpt lat="42.132184" lon="2.533675">
        <ele>829.4</ele>
        <time>2024-03-18T20:31:01.191Z</time>
    </trkpt>
    <trkpt lat="42.132189" lon="2.533593">
        <ele>828.8</ele>
        <time>2024-03-18T20:31:41.191Z</time>
    </trkpt>
    <trkpt lat="42.132204" lon="2.533479">
        <ele>828.8</ele>
        <time>2024-03-18T20:32:21.191Z</time>
    </trkpt>
    <trkpt lat="42.132194" lon="2.533416">
        <ele>829.3</ele>
        <time>2024-03-18T20:33:01.191Z</time>
    </trkpt>
    <trkpt lat="42.132195" lon="2.533367">
        <ele>828.8</ele>
        <time>2024-03-18T20:33:41.191Z</time>
    </trkpt>
    <trkpt lat="42.132195" lon="2.533326">
        <ele>828.9</ele>
        <time>2024-03-18T20:34:21.191Z</time>
    </trkpt>
    <trkpt lat="42.132247" lon="2.533313">
        <ele>828.3</ele>
        <time>2024-03-18T20:35:01.191Z</time>
    </trkpt>
    <trkpt lat="42.132212" lon="2.53324">
        <ele>827.8</ele>
        <time>2024-03-18T20:35:41.191Z</time>
    </trkpt>
    <trkpt lat="42.1322" lon="2.533159">
        <ele>828.4</ele>
        <time>2024-03-18T20:36:21.191Z</time>
    </trkpt>
    <trkpt lat="42.132193" lon="2.533099">
        <ele>828.4</ele>
        <time>2024-03-18T20:37:01.191Z</time>
    </trkpt>
    <trkpt lat="42.132164" lon="2.533069">
        <ele>827.4</ele>
        <time>2024-03-18T20:37:41.191Z</time>
    </trkpt>
    <trkpt lat="42.132175" lon="2.533062">
        <ele>828.8</ele>
        <time>2024-03-18T20:38:21.191Z</time>
    </trkpt>
    <trkpt lat="42.13218" lon="2.533018">
        <ele>830.2</ele>
        <time>2024-03-18T20:39:01.191Z</time>
    </trkpt>
    <trkpt lat="42.132177" lon="2.532967">
        <ele>831.7</ele>
        <time>2024-03-18T20:39:41.191Z</time>
    </trkpt>
    <trkpt lat="42.132175" lon="2.532893">
        <ele>831.8</ele>
        <time>2024-03-18T20:40:21.191Z</time>
    </trkpt>
    <trkpt lat="42.132186" lon="2.532884">
        <ele>832.7</ele>
        <time>2024-03-18T20:41:01.191Z</time>
    </trkpt>
    <trkpt lat="42.132188" lon="2.532865">
        <ele>831.8</ele>
        <time>2024-03-18T20:41:41.191Z</time>
    </trkpt>
    <trkpt lat="42.132161" lon="2.532867">
        <ele>829.9</ele>
        <time>2024-03-18T20:42:21.191Z</time>
    </trkpt>
    <trkpt lat="42.132163" lon="2.53284">
        <ele>831.8</ele>
        <time>2024-03-18T20:43:01.191Z</time>
    </trkpt>
    <trkpt lat="42.132182" lon="2.532817">
        <ele>834.1</ele>
        <time>2024-03-18T20:43:41.191Z</time>
    </trkpt>
    <trkpt lat="42.132194" lon="2.532743">
        <ele>835.5</ele>
        <time>2024-03-18T20:44:21.191Z</time>
    </trkpt>
    <trkpt lat="42.132219" lon="2.532747">
        <ele>838.4</ele>
        <time>2024-03-18T20:45:01.191Z</time>
    </trkpt>
    <trkpt lat="42.132251" lon="2.532715">
        <ele>840.8</ele>
        <time>2024-03-18T20:45:41.191Z</time>
    </trkpt>
    <trkpt lat="42.132273" lon="2.532702">
        <ele>841.8</ele>
        <time>2024-03-18T20:46:21.191Z</time>
    </trkpt>
    <trkpt lat="42.132305" lon="2.532674">
        <ele>841.8</ele>
        <time>2024-03-18T20:47:01.191Z</time>
    </trkpt>
    <trkpt lat="42.132296" lon="2.532663">
        <ele>841.9</ele>
        <time>2024-03-18T20:47:41.191Z</time>
    </trkpt>
    <trkpt lat="42.13228" lon="2.532656">
        <ele>842.7</ele>
        <time>2024-03-18T20:48:21.191Z</time>
    </trkpt>
    <trkpt lat="42.132275" lon="2.532654">
        <ele>842.3</ele>
        <time>2024-03-18T20:49:01.191Z</time>
    </trkpt>
    <trkpt lat="42.132303" lon="2.532664">
        <ele>841.3</ele>
        <time>2024-03-18T20:49:41.191Z</time>
    </trkpt>
    <trkpt lat="42.132306" lon="2.532663">
        <ele>840.3</ele>
        <time>2024-03-18T20:50:21.191Z</time>
    </trkpt>
    <trkpt lat="42.132308" lon="2.532665">
        <ele>841.4</ele>
        <time>2024-03-18T20:51:01.191Z</time>
    </trkpt>
    <trkpt lat="42.132322" lon="2.532666">
        <ele>841.4</ele>
        <time>2024-03-18T20:51:41.191Z</time>
    </trkpt>
    <trkpt lat="42.132309" lon="2.532661">
        <ele>840.3</ele>
        <time>2024-03-18T20:52:21.191Z</time>
    </trkpt>
    <trkpt lat="42.132288" lon="2.532656">
        <ele>840.8</ele>
        <time>2024-03-18T20:53:01.191Z</time>
    </trkpt>
    <trkpt lat="42.132286" lon="2.532644">
        <ele>841.9</ele>
        <time>2024-03-18T20:53:41.191Z</time>
    </trkpt>
    <trkpt lat="42.132313" lon="2.532663">
        <ele>834.7</ele>
        <time>2024-03-18T20:54:21.191Z</time>
    </trkpt>
    <trkpt lat="42.132313" lon="2.532667">
        <ele>841.9</ele>
        <time>2024-03-18T20:55:01.191Z</time>
    </trkpt>
    <trkpt lat="42.132312" lon="2.532673">
        <ele>838.5</ele>
        <time>2024-03-18T20:55:41.191Z</time>
    </trkpt>
    <trkpt lat="42.13231" lon="2.532681">
        <ele>838.9</ele>
        <time>2024-03-18T20:56:21.191Z</time>
    </trkpt>
    <trkpt lat="42.132292" lon="2.532683">
        <ele>838.4</ele>
        <time>2024-03-18T20:57:01.191Z</time>
    </trkpt>
    <trkpt lat="42.132288" lon="2.5327">
        <ele>839.8</ele>
        <time>2024-03-18T20:57:41.191Z</time>
    </trkpt>
    <trkpt lat="42.132266" lon="2.532653">
        <ele>838.4</ele>
        <time>2024-03-18T20:58:21.191Z</time>
    </trkpt>
    <trkpt lat="42.132268" lon="2.532624">
        <ele>838.9</ele>
        <time>2024-03-18T20:59:01.191Z</time>
    </trkpt>
    <trkpt lat="42.132262" lon="2.532593">
        <ele>836.0</ele>
        <time>2024-03-18T20:59:41.191Z</time>
    </trkpt>
    <trkpt lat="42.132236" lon="2.532606">
        <ele>833.1</ele>
        <time>2024-03-18T21:00:21.191Z</time>
    </trkpt>
    <trkpt lat="42.132177" lon="2.532651">
        <ele>830.8</ele>
        <time>2024-03-18T21:01:01.191Z</time>
    </trkpt>
    <trkpt lat="42.132119" lon="2.532721">
        <ele>829.9</ele>
        <time>2024-03-18T21:01:41.191Z</time>
    </trkpt>
    <trkpt lat="42.132102" lon="2.532761">
        <ele>828.9</ele>
        <time>2024-03-18T21:02:21.191Z</time>
    </trkpt>
    <trkpt lat="42.132101" lon="2.532799">
        <ele>830.7</ele>
        <time>2024-03-18T21:03:01.191Z</time>
    </trkpt>
    <trkpt lat="42.132114" lon="2.532828">
        <ele>831.2</ele>
        <time>2024-03-18T21:03:41.191Z</time>
    </trkpt>
    <trkpt lat="42.132153" lon="2.532874">
        <ele>831.8</ele>
        <time>2024-03-18T21:04:21.191Z</time>
    </trkpt>
    <trkpt lat="42.132197" lon="2.532915">
        <ele>832.2</ele>
        <time>2024-03-18T21:05:01.191Z</time>
    </trkpt>
    <trkpt lat="42.1322" lon="2.532973">
        <ele>831.7</ele>
        <time>2024-03-18T21:05:41.191Z</time>
    </trkpt>
    <trkpt lat="42.132198" lon="2.533017">
        <ele>831.2</ele>
        <time>2024-03-18T21:06:21.191Z</time>
    </trkpt>
    <trkpt lat="42.132195" lon="2.533061">
        <ele>829.9</ele>
        <time>2024-03-18T21:07:01.191Z</time>
    </trkpt>
    <trkpt lat="42.132185" lon="2.533136">
        <ele>828.9</ele>
        <time>2024-03-18T21:07:41.191Z</time>
    </trkpt>
    <trkpt lat="42.132172" lon="2.533244">
        <ele>827.0</ele>
        <time>2024-03-18T21:08:21.191Z</time>
    </trkpt>
    <trkpt lat="42.13218" lon="2.533287">
        <ele>827.4</ele>
        <time>2024-03-18T21:09:01.191Z</time>
    </trkpt>
    <trkpt lat="42.13218" lon="2.533289">
        <ele>826.9</ele>
        <time>2024-03-18T21:09:41.191Z</time>
    </trkpt>
    <trkpt lat="42.132179" lon="2.533332">
        <ele>828.8</ele>
        <time>2024-03-18T21:10:21.191Z</time>
    </trkpt>
    <trkpt lat="42.132195" lon="2.533415">
        <ele>826.9</ele>
        <time>2024-03-18T21:11:01.191Z</time>
    </trkpt>
    <trkpt lat="42.132158" lon="2.533523">
        <ele>827.8</ele>
        <time>2024-03-18T21:11:41.191Z</time>
    </trkpt>
    <trkpt lat="42.132143" lon="2.533668">
        <ele>829.3</ele>
        <time>2024-03-18T21:12:21.191Z</time>
    </trkpt>
    <trkpt lat="42.132146" lon="2.533679">
        <ele>829.8</ele>
        <time>2024-03-18T21:13:01.191Z</time>
    </trkpt>
    <trkpt lat="42.13215" lon="2.533861">
        <ele>829.9</ele>
        <time>2024-03-18T21:13:41.191Z</time>
    </trkpt>
    <trkpt lat="42.132145" lon="2.53395">
        <ele>828.9</ele>
        <time>2024-03-18T21:14:21.191Z</time>
    </trkpt>
    <trkpt lat="42.132147" lon="2.53399">
        <ele>826.4</ele>
        <time>2024-03-18T21:15:01.191Z</time>
    </trkpt>
    <trkpt lat="42.132128" lon="2.53404">
        <ele>825.0</ele>
        <time>2024-03-18T21:15:41.191Z</time>
    </trkpt>
    <trkpt lat="42.13212" lon="2.534094">
        <ele>824.6</ele>
        <time>2024-03-18T21:16:21.191Z</time>
    </trkpt>
    <trkpt lat="42.132134" lon="2.534158">
        <ele>822.1</ele>
        <time>2024-03-18T21:17:01.191Z</time>
    </trkpt>
    <trkpt lat="42.132122" lon="2.534213">
        <ele>820.6</ele>
        <time>2024-03-18T21:17:41.191Z</time>
    </trkpt>
    <trkpt lat="42.132142" lon="2.534288">
        <ele>818.3</ele>
        <time>2024-03-18T21:18:21.191Z</time>
    </trkpt>
    <trkpt lat="42.132148" lon="2.53438">
        <ele>815.3</ele>
        <time>2024-03-18T21:19:01.191Z</time>
    </trkpt>
    <trkpt lat="42.132136" lon="2.534455">
        <ele>812.5</ele>
        <time>2024-03-18T21:19:41.191Z</time>
    </trkpt>
    <trkpt lat="42.132153" lon="2.534558">
        <ele>810.5</ele>
        <time>2024-03-18T21:20:21.191Z</time>
    </trkpt>
    <trkpt lat="42.132142" lon="2.534637">
        <ele>808.2</ele>
        <time>2024-03-18T21:21:01.191Z</time>
    </trkpt>
    <trkpt lat="42.132146" lon="2.53466">
        <ele>806.7</ele>
        <time>2024-03-18T21:21:41.191Z</time>
    </trkpt>
    <trkpt lat="42.13215" lon="2.534759">
        <ele>805.3</ele>
        <time>2024-03-18T21:22:21.191Z</time>
    </trkpt>
    <trkpt lat="42.132155" lon="2.534811">
        <ele>805.2</ele>
        <time>2024-03-18T21:23:01.191Z</time>
    </trkpt>
    <trkpt lat="42.132124" lon="2.534894">
        <ele>805.8</ele>
        <time>2024-03-18T21:23:41.191Z</time>
    </trkpt>
    <trkpt lat="42.132072" lon="2.534969">
        <ele>803.4</ele>
        <time>2024-03-18T21:24:21.191Z</time>
    </trkpt>
    <trkpt lat="42.131998" lon="2.535043">
        <ele>802.9</ele>
        <time>2024-03-18T21:25:01.191Z</time>
    </trkpt>
    <trkpt lat="42.131953" lon="2.535084">
        <ele>801.9</ele>
        <time>2024-03-18T21:25:41.191Z</time>
    </trkpt>
    <trkpt lat="42.13188" lon="2.535096">
        <ele>800.4</ele>
        <time>2024-03-18T21:26:21.191Z</time>
    </trkpt>
    <trkpt lat="42.13181" lon="2.535124">
        <ele>797.7</ele>
        <time>2024-03-18T21:27:01.191Z</time>
    </trkpt>
    <trkpt lat="42.13173" lon="2.535179">
        <ele>797.1</ele>
        <time>2024-03-18T21:27:41.191Z</time>
    </trkpt>
    <trkpt lat="42.131622" lon="2.535233">
        <ele>794.8</ele>
        <time>2024-03-18T21:28:21.191Z</time>
    </trkpt>
    <trkpt lat="42.131549" lon="2.535324">
        <ele>795.2</ele>
        <time>2024-03-18T21:29:01.191Z</time>
    </trkpt>
    <trkpt lat="42.131478" lon="2.535329">
        <ele>796.2</ele>
        <time>2024-03-18T21:29:41.191Z</time>
    </trkpt>
    <trkpt lat="42.131443" lon="2.535361">
        <ele>797.2</ele>
        <time>2024-03-18T21:30:21.191Z</time>
    </trkpt>
    <trkpt lat="42.131451" lon="2.535431">
        <ele>798.6</ele>
        <time>2024-03-18T21:31:01.191Z</time>
    </trkpt>
    <trkpt lat="42.131485" lon="2.535468">
        <ele>800.4</ele>
        <time>2024-03-18T21:31:41.191Z</time>
    </trkpt>
    <trkpt lat="42.131505" lon="2.535568">
        <ele>802.8</ele>
        <time>2024-03-18T21:32:21.191Z</time>
    </trkpt>
    <trkpt lat="42.131481" lon="2.535667">
        <ele>805.2</ele>
        <time>2024-03-18T21:33:01.191Z</time>
    </trkpt>
    <trkpt lat="42.131428" lon="2.535794">
        <ele>808.7</ele>
        <time>2024-03-18T21:33:41.191Z</time>
    </trkpt>
    <trkpt lat="42.131405" lon="2.535884">
        <ele>809.2</ele>
        <time>2024-03-18T21:34:21.191Z</time>
    </trkpt>
    <trkpt lat="42.131347" lon="2.535987">
        <ele>810.6</ele>
        <time>2024-03-18T21:35:01.191Z</time>
    </trkpt>
    <trkpt lat="42.131319" lon="2.536065">
        <ele>812.0</ele>
        <time>2024-03-18T21:35:41.191Z</time>
    </trkpt>
    <trkpt lat="42.131256" lon="2.536204">
        <ele>813.4</ele>
        <time>2024-03-18T21:36:21.191Z</time>
    </trkpt>
    <trkpt lat="42.131282" lon="2.53631">
        <ele>815.9</ele>
        <time>2024-03-18T21:37:01.191Z</time>
    </trkpt>
    <trkpt lat="42.13128" lon="2.536371">
        <ele>817.8</ele>
        <time>2024-03-18T21:37:41.192Z</time>
    </trkpt>
    <trkpt lat="42.131271" lon="2.536466">
        <ele>820.6</ele>
        <time>2024-03-18T21:38:21.192Z</time>
    </trkpt>
    <trkpt lat="42.131287" lon="2.536531">
        <ele>821.1</ele>
        <time>2024-03-18T21:39:01.192Z</time>
    </trkpt>
    <trkpt lat="42.13131" lon="2.536623">
        <ele>823.0</ele>
        <time>2024-03-18T21:39:41.192Z</time>
    </trkpt>
    <trkpt lat="42.13127" lon="2.536702">
        <ele>825.9</ele>
        <time>2024-03-18T21:40:21.192Z</time>
    </trkpt>
    <trkpt lat="42.131238" lon="2.53672">
        <ele>827.0</ele>
        <time>2024-03-18T21:41:01.192Z</time>
    </trkpt>
    <trkpt lat="42.1312" lon="2.536794">
        <ele>829.8</ele>
        <time>2024-03-18T21:41:41.192Z</time>
    </trkpt>
    <trkpt lat="42.131166" lon="2.536866">
        <ele>830.8</ele>
        <time>2024-03-18T21:42:21.192Z</time>
    </trkpt>
    <trkpt lat="42.131182" lon="2.536917">
        <ele>831.8</ele>
        <time>2024-03-18T21:43:01.192Z</time>
    </trkpt>
    <trkpt lat="42.131215" lon="2.536985">
        <ele>833.7</ele>
        <time>2024-03-18T21:43:41.192Z</time>
    </trkpt>
    <trkpt lat="42.131235" lon="2.537052">
        <ele>836.6</ele>
        <time>2024-03-18T21:44:21.192Z</time>
    </trkpt>
    <trkpt lat="42.131229" lon="2.537122">
        <ele>839.5</ele>
        <time>2024-03-18T21:45:01.192Z</time>
    </trkpt>
    <trkpt lat="42.13121" lon="2.537216">
        <ele>842.7</ele>
        <time>2024-03-18T21:45:41.192Z</time>
    </trkpt>
    <trkpt lat="42.131194" lon="2.537282">
        <ele>843.7</ele>
        <time>2024-03-18T21:46:21.192Z</time>
    </trkpt>
    <trkpt lat="42.131217" lon="2.537351">
        <ele>845.7</ele>
        <time>2024-03-18T21:47:01.192Z</time>
    </trkpt>
    <trkpt lat="42.131235" lon="2.537419">
        <ele>848.0</ele>
        <time>2024-03-18T21:47:41.192Z</time>
    </trkpt>
    <trkpt lat="42.131228" lon="2.537476">
        <ele>849.6</ele>
        <time>2024-03-18T21:48:21.192Z</time>
    </trkpt>
    <trkpt lat="42.131177" lon="2.537542">
        <ele>853.4</ele>
        <time>2024-03-18T21:49:01.192Z</time>
    </trkpt>
    <trkpt lat="42.13116" lon="2.537602">
        <ele>854.3</ele>
        <time>2024-03-18T21:49:41.192Z</time>
    </trkpt>
    <trkpt lat="42.131173" lon="2.537657">
        <ele>856.2</ele>
        <time>2024-03-18T21:50:21.192Z</time>
    </trkpt>
    <trkpt lat="42.131185" lon="2.537752">
        <ele>858.2</ele>
        <time>2024-03-18T21:51:01.192Z</time>
    </trkpt>
    <trkpt lat="42.131168" lon="2.537836">
        <ele>861.1</ele>
        <time>2024-03-18T21:51:41.192Z</time>
    </trkpt>
    <trkpt lat="42.131143" lon="2.537897">
        <ele>862.0</ele>
        <time>2024-03-18T21:52:21.192Z</time>
    </trkpt>
    <trkpt lat="42.131162" lon="2.537941">
        <ele>862.0</ele>
        <time>2024-03-18T21:53:01.192Z</time>
    </trkpt>
    <trkpt lat="42.131107" lon="2.537982">
        <ele>862.9</ele>
        <time>2024-03-18T21:53:41.192Z</time>
    </trkpt>
    <trkpt lat="42.13106" lon="2.538049">
        <ele>863.9</ele>
        <time>2024-03-18T21:54:21.192Z</time>
    </trkpt>
    <trkpt lat="42.131003" lon="2.538164">
        <ele>864.9</ele>
        <time>2024-03-18T21:55:01.192Z</time>
    </trkpt>
    <trkpt lat="42.130951" lon="2.538219">
        <ele>865.4</ele>
        <time>2024-03-18T21:55:41.192Z</time>
    </trkpt>
    <trkpt lat="42.130878" lon="2.538264">
        <ele>865.8</ele>
        <time>2024-03-18T21:56:21.192Z</time>
    </trkpt>
    <trkpt lat="42.1308" lon="2.538343">
        <ele>867.2</ele>
        <time>2024-03-18T21:57:01.192Z</time>
    </trkpt>
    <trkpt lat="42.13074" lon="2.538415">
        <ele>869.3</ele>
        <time>2024-03-18T21:57:41.192Z</time>
    </trkpt>
    <trkpt lat="42.130679" lon="2.53847">
        <ele>870.6</ele>
        <time>2024-03-18T21:58:21.192Z</time>
    </trkpt>
    <trkpt lat="42.130588" lon="2.538554">
        <ele>872.1</ele>
        <time>2024-03-18T21:59:01.192Z</time>
    </trkpt>
    <trkpt lat="42.130533" lon="2.538588">
        <ele>875.4</ele>
        <time>2024-03-18T21:59:41.192Z</time>
    </trkpt>
    <trkpt lat="42.130447" lon="2.538599">
        <ele>877.0</ele>
        <time>2024-03-18T22:00:21.192Z</time>
    </trkpt>
    <trkpt lat="42.130342" lon="2.53858">
        <ele>877.9</ele>
        <time>2024-03-18T22:01:01.192Z</time>
    </trkpt>
    <trkpt lat="42.130228" lon="2.538625">
        <ele>876.5</ele>
        <time>2024-03-18T22:01:41.192Z</time>
    </trkpt>
    <trkpt lat="42.130146" lon="2.53867">
        <ele>874.6</ele>
        <time>2024-03-18T22:02:21.192Z</time>
    </trkpt>
    <trkpt lat="42.130104" lon="2.538708">
        <ele>874.6</ele>
        <time>2024-03-18T22:03:01.192Z</time>
    </trkpt>
    <trkpt lat="42.130041" lon="2.538734">
        <ele>872.5</ele>
        <time>2024-03-18T22:03:41.192Z</time>
    </trkpt>
    <trkpt lat="42.129957" lon="2.538821">
        <ele>872.1</ele>
        <time>2024-03-18T22:04:21.192Z</time>
    </trkpt>
    <trkpt lat="42.129923" lon="2.538941">
        <ele>872.2</ele>
        <time>2024-03-18T22:05:01.192Z</time>
    </trkpt>
    <trkpt lat="42.129881" lon="2.539043">
        <ele>871.6</ele>
        <time>2024-03-18T22:05:41.192Z</time>
    </trkpt>
    <trkpt lat="42.129867" lon="2.539172">
        <ele>872.5</ele>
        <time>2024-03-18T22:06:21.192Z</time>
    </trkpt>
    <trkpt lat="42.129899" lon="2.539247">
        <ele>872.2</ele>
        <time>2024-03-18T22:07:01.192Z</time>
    </trkpt>
    <trkpt lat="42.129945" lon="2.539312">
        <ele>871.7</ele>
        <time>2024-03-18T22:07:41.192Z</time>
    </trkpt>
    <trkpt lat="42.129949" lon="2.539474">
        <ele>872.1</ele>
        <time>2024-03-18T22:08:21.192Z</time>
    </trkpt>
    <trkpt lat="42.129948" lon="2.539603">
        <ele>873.1</ele>
        <time>2024-03-18T22:09:01.192Z</time>
    </trkpt>
    <trkpt lat="42.129991" lon="2.539689">
        <ele>873.5</ele>
        <time>2024-03-18T22:09:41.192Z</time>
    </trkpt>
    <trkpt lat="42.129971" lon="2.539761">
        <ele>874.5</ele>
        <time>2024-03-18T22:10:21.192Z</time>
    </trkpt>
    <trkpt lat="42.129922" lon="2.539887">
        <ele>876.5</ele>
        <time>2024-03-18T22:11:01.192Z</time>
    </trkpt>
    <trkpt lat="42.129888" lon="2.539972">
        <ele>878.3</ele>
        <time>2024-03-18T22:11:41.192Z</time>
    </trkpt>
    <trkpt lat="42.129864" lon="2.540063">
        <ele>880.2</ele>
        <time>2024-03-18T22:12:21.192Z</time>
    </trkpt>
    <trkpt lat="42.129813" lon="2.540191">
        <ele>881.2</ele>
        <time>2024-03-18T22:13:01.192Z</time>
    </trkpt>
    <trkpt lat="42.129782" lon="2.540311">
        <ele>882.2</ele>
        <time>2024-03-18T22:13:41.192Z</time>
    </trkpt>
    <trkpt lat="42.129725" lon="2.540468">
        <ele>883.6</ele>
        <time>2024-03-18T22:14:21.192Z</time>
    </trkpt>
    <trkpt lat="42.129778" lon="2.540572">
        <ele>884.2</ele>
        <time>2024-03-18T22:15:01.192Z</time>
    </trkpt>
    <trkpt lat="42.12979" lon="2.540704">
        <ele>885.1</ele>
        <time>2024-03-18T22:15:41.192Z</time>
    </trkpt>
    <trkpt lat="42.129827" lon="2.540794">
        <ele>883.7</ele>
        <time>2024-03-18T22:16:21.192Z</time>
    </trkpt>
    <trkpt lat="42.12982" lon="2.540967">
        <ele>884.7</ele>
        <time>2024-03-18T22:17:01.192Z</time>
    </trkpt>
    <trkpt lat="42.129833" lon="2.541119">
        <ele>888.0</ele>
        <time>2024-03-18T22:17:41.192Z</time>
    </trkpt>
    <trkpt lat="42.129836" lon="2.541287">
        <ele>889.5</ele>
        <time>2024-03-18T22:18:21.192Z</time>
    </trkpt>
    <trkpt lat="42.12963" lon="2.541312">
        <ele>878.8</ele>
        <time>2024-03-18T22:19:42.517Z</time>
        <extensions>
        <gpxtpx:TrackPointExtension>
        <gpxtpx:Extensions>
            <surface>ground</surface>
        </gpxtpx:Extensions>
        </gpxtpx:TrackPointExtension>
        </extensions>
    </trkpt>
    <trkpt lat="42.129524" lon="2.541547">
        <ele>878.5</ele>
        <time>2024-03-18T22:21:02.723Z</time>
        <extensions>
        <gpxtpx:TrackPointExtension>
        <gpxtpx:Extensions>
            <surface>ground</surface>
        </gpxtpx:Extensions>
        </gpxtpx:TrackPointExtension>
        </extensions>
    </trkpt>
    <trkpt lat="42.12947" lon="2.541598">
        <ele>879.5</ele>
        <time>2024-03-18T22:21:28.645Z</time>
        <extensions>
        <gpxtpx:TrackPointExtension>
        <gpxtpx:Extensions>
            <surface>ground</surface>
        </gpxtpx:Extensions>
        </gpxtpx:TrackPointExtension>
        </extensions>
    </trkpt>
    <trkpt lat="42.129398" lon="2.541632">
        <ele>881.0</ele>
        <time>2024-03-18T22:21:58.641Z</time>
        <extensions>
        <gpxtpx:TrackPointExtension>
        <gpxtpx:Extensions>
            <surface>ground</surface>
        </gpxtpx:Extensions>
        </gpxtpx:TrackPointExtension>
        </extensions>
    </trkpt>
    <trkpt lat="42.129186" lon="2.541672">
        <ele>885.3</ele>
        <time>2024-03-18T22:23:22.810Z</time>
        <extensions>
        <gpxtpx:TrackPointExtension>
        <gpxtpx:Extensions>
            <surface>ground</surface>
        </gpxtpx:Extensions>
        </gpxtpx:TrackPointExtension>
        </extensions>
    </trkpt>
    <trkpt lat="42.129093" lon="2.541707">
        <ele>884.0</ele>
        <time>2024-03-18T22:24:00.774Z</time>
        <extensions>
        <gpxtpx:TrackPointExtension>
        <gpxtpx:Extensions>
            <surface>ground</surface>
        </gpxtpx:Extensions>
        </gpxtpx:TrackPointExtension>
        </extensions>
    </trkpt>
    <trkpt lat="42.128946" lon="2.541801">
        <ele>880.5</ele>
        <time>2024-03-18T22:25:04.744Z</time>
        <extensions>
        <gpxtpx:TrackPointExtension>
        <gpxtpx:Extensions>
            <surface>ground</surface>
        </gpxtpx:Extensions>
        </gpxtpx:TrackPointExtension>
        </extensions>
    </trkpt>
    <trkpt lat="42.128171" lon="2.54214">
        <ele>871.5</ele>
        <time>2024-03-18T22:30:25.104Z</time>
        <extensions>
        <gpxtpx:TrackPointExtension>
        <gpxtpx:Extensions>
            <surface>ground</surface>
        </gpxtpx:Extensions>
        </gpxtpx:TrackPointExtension>
        </extensions>
    </trkpt>
    <trkpt lat="42.128016" lon="2.542296">
        <ele>868.3</ele>
        <time>2024-03-18T22:31:41.155Z</time>
        <extensions>
        <gpxtpx:TrackPointExtension>
        <gpxtpx:Extensions>
            <surface>ground</surface>
        </gpxtpx:Extensions>
        </gpxtpx:TrackPointExtension>
        </extensions>
    </trkpt>
    <trkpt lat="42.127666" lon="2.542567">
        <ele>864.8</ele>
        <time>2024-03-18T22:34:05.337Z</time>
        <extensions>
        <gpxtpx:TrackPointExtension>
        <gpxtpx:Extensions>
            <surface>ground</surface>
        </gpxtpx:Extensions>
        </gpxtpx:TrackPointExtension>
        </extensions>
    </trkpt>
    <trkpt lat="42.127634" lon="2.542593">
        <ele>864.5</ele>
        <time>2024-03-18T22:34:18.683Z</time>
    </trkpt>
    <trkpt lat="42.127581" lon="2.542617">
        <ele>864.3</ele>
        <time>2024-03-18T22:34:38.655Z</time>
    </trkpt>
    <trkpt lat="42.127494" lon="2.542682">
        <ele>863.8</ele>
        <time>2024-03-18T22:35:14.187Z</time>
    </trkpt>
    <trkpt lat="42.12723" lon="2.542943">
        <ele>866.0</ele>
        <time>2024-03-18T22:37:11.133Z</time>
    </trkpt>
    <trkpt lat="42.127056" lon="2.543083">
        <ele>869.8</ele>
        <time>2024-03-18T22:38:23.518Z</time>
    </trkpt>
    <trkpt lat="42.126803" lon="2.543234">
        <ele>877.3</ele>
        <time>2024-03-18T22:40:02.358Z</time>
    </trkpt>
    <trkpt lat="42.126662" lon="2.543298">
        <ele>882.0</ele>
        <time>2024-03-18T22:40:55.506Z</time>
    </trkpt>
    <trkpt lat="42.126549" lon="2.543325">
        <ele>883.5</ele>
        <time>2024-03-18T22:41:35.401Z</time>
    </trkpt>
    <trkpt lat="42.126444" lon="2.543352">
        <ele>885.0</ele>
        <time>2024-03-18T22:42:12.561Z</time>
    </trkpt>
    <trkpt lat="42.126316" lon="2.543435">
        <ele>886.0</ele>
        <time>2024-03-18T22:43:01.938Z</time>
    </trkpt>
    <trkpt lat="42.126001" lon="2.543729">
        <ele>888.5</ele>
        <time>2024-03-18T22:45:15.123Z</time>
    </trkpt>
    <trkpt lat="42.125794" lon="2.543975">
        <ele>890.3</ele>
        <time>2024-03-18T22:46:51.048Z</time>
    </trkpt>
    <trkpt lat="42.125633" lon="2.544123">
        <ele>890.3</ele>
        <time>2024-03-18T22:47:58.789Z</time>
    </trkpt>
    <trkpt lat="42.125423" lon="2.544423">
        <ele>887.3</ele>
        <time>2024-03-18T22:49:45.152Z</time>
    </trkpt>
    <trkpt lat="42.125167" lon="2.544555">
        <ele>888.0</ele>
        <time>2024-03-18T22:51:20.435Z</time>
    </trkpt>
    <trkpt lat="42.125123" lon="2.544578">
        <ele>888.0</ele>
        <time>2024-03-18T22:51:36.840Z</time>
    </trkpt>
    <trkpt lat="42.12503" lon="2.544658">
        <ele>888.3</ele>
        <time>2024-03-18T22:52:15.190Z</time>
    </trkpt>
    <trkpt lat="42.124993" lon="2.544729">
        <ele>888.0</ele>
        <time>2024-03-18T22:52:37.563Z</time>
    </trkpt>
    <trkpt lat="42.124926" lon="2.544997">
        <ele>885.3</ele>
        <time>2024-03-18T22:53:50.484Z</time>
    </trkpt>
    <trkpt lat="42.124951" lon="2.545004">
        <ele>885.8</ele>
        <time>2024-03-18T22:53:59.360Z</time>
    </trkpt>
    <trkpt lat="42.125075" lon="2.545032">
        <ele>885.8</ele>
        <time>2024-03-18T22:54:43.068Z</time>
    </trkpt>
    <trkpt lat="42.125176" lon="2.545102">
        <ele>884.5</ele>
        <time>2024-03-18T22:55:22.547Z</time>
    </trkpt>
    <trkpt lat="42.125424" lon="2.545067">
        <ele>880.5</ele>
        <time>2024-03-18T22:56:49.233Z</time>
    </trkpt>
    <trkpt lat="42.12538" lon="2.545113">
        <ele>882.0</ele>
        <time>2024-03-18T22:57:08.588Z</time>
    </trkpt>
    <trkpt lat="42.125369" lon="2.545115">
        <ele>867.7</ele>
        <time>2024-03-18T22:57:12.446Z</time>
    </trkpt>
    <trkpt lat="42.125347" lon="2.545211">
        <ele>866.9</ele>
        <time>2024-03-18T22:57:52.446Z</time>
    </trkpt>
    <trkpt lat="42.125385" lon="2.545301">
        <ele>864.5</ele>
        <time>2024-03-18T22:58:32.446Z</time>
    </trkpt>
    <trkpt lat="42.125489" lon="2.54539">
        <ele>864.8</ele>
        <time>2024-03-18T22:59:12.446Z</time>
    </trkpt>
    <trkpt lat="42.125496" lon="2.54541">
        <ele>865.4</ele>
        <time>2024-03-18T22:59:52.446Z</time>
    </trkpt>
    <trkpt lat="42.125508" lon="2.545478">
        <ele>867.8</ele>
        <time>2024-03-18T23:00:32.446Z</time>
    </trkpt>
    <trkpt lat="42.125519" lon="2.545559">
        <ele>868.3</ele>
        <time>2024-03-18T23:01:12.446Z</time>
    </trkpt>
    <trkpt lat="42.125523" lon="2.545696">
        <ele>869.7</ele>
        <time>2024-03-18T23:01:52.446Z</time>
    </trkpt>
    <trkpt lat="42.125549" lon="2.545825">
        <ele>872.1</ele>
        <time>2024-03-18T23:02:32.446Z</time>
    </trkpt>
    <trkpt lat="42.125573" lon="2.545944">
        <ele>873.0</ele>
        <time>2024-03-18T23:03:12.446Z</time>
    </trkpt>
    <trkpt lat="42.125622" lon="2.546061">
        <ele>876.9</ele>
        <time>2024-03-18T23:03:52.446Z</time>
    </trkpt>
    <trkpt lat="42.125737" lon="2.546188">
        <ele>877.3</ele>
        <time>2024-03-18T23:04:32.446Z</time>
    </trkpt>
    <trkpt lat="42.125801" lon="2.54626">
        <ele>875.4</ele>
        <time>2024-03-18T23:05:12.446Z</time>
    </trkpt>
    <trkpt lat="42.125836" lon="2.546284">
        <ele>874.6</ele>
        <time>2024-03-18T23:05:52.446Z</time>
    </trkpt>
    <trkpt lat="42.125949" lon="2.546386">
        <ele>873.6</ele>
        <time>2024-03-18T23:06:32.446Z</time>
    </trkpt>
    <trkpt lat="42.126026" lon="2.546441">
        <ele>873.1</ele>
        <time>2024-03-18T23:07:12.446Z</time>
    </trkpt>
    <trkpt lat="42.126115" lon="2.546482">
        <ele>873.6</ele>
        <time>2024-03-18T23:07:52.446Z</time>
    </trkpt>
    <trkpt lat="42.126295" lon="2.546568">
        <ele>873.6</ele>
        <time>2024-03-18T23:08:32.446Z</time>
    </trkpt>
    <trkpt lat="42.126489" lon="2.546618">
        <ele>871.6</ele>
        <time>2024-03-18T23:09:12.446Z</time>
    </trkpt>
    <trkpt lat="42.126616" lon="2.546665">
        <ele>871.1</ele>
        <time>2024-03-18T23:09:52.446Z</time>
    </trkpt>
    <trkpt lat="42.126776" lon="2.546741">
        <ele>869.6</ele>
        <time>2024-03-18T23:10:32.446Z</time>
    </trkpt>
    <trkpt lat="42.126844" lon="2.546763">
        <ele>870.1</ele>
        <time>2024-03-18T23:11:12.446Z</time>
    </trkpt>
    <trkpt lat="42.12692" lon="2.546734">
        <ele>870.7</ele>
        <time>2024-03-18T23:11:52.446Z</time>
    </trkpt>
    <trkpt lat="42.127001" lon="2.546673">
        <ele>871.2</ele>
        <time>2024-03-18T23:12:32.446Z</time>
    </trkpt>
    <trkpt lat="42.127128" lon="2.546581">
        <ele>873.0</ele>
        <time>2024-03-18T23:13:12.446Z</time>
    </trkpt>
    <trkpt lat="42.127216" lon="2.546538">
        <ele>874.0</ele>
        <time>2024-03-18T23:13:52.446Z</time>
    </trkpt>
    <trkpt lat="42.127238" lon="2.546541">
        <ele>846.5</ele>
        <time>2024-03-18T23:13:59.892Z</time>
    </trkpt>
    <trkpt lat="42.12722" lon="2.54655">
        <ele>857.3</ele>
        <time>2024-03-18T23:14:06.356Z</time>
    </trkpt>
    <trkpt lat="42.127217" lon="2.546541">
        <ele>870.6</ele>
        <time>2024-03-18T23:14:08.820Z</time>
    </trkpt>
    <trkpt lat="42.127202" lon="2.546521">
        <ele>871.7</ele>
        <time>2024-03-18T23:14:48.820Z</time>
    </trkpt>
    <trkpt lat="42.127203" lon="2.54652">
        <ele>872.2</ele>
        <time>2024-03-18T23:15:28.820Z</time>
    </trkpt>
    <trkpt lat="42.127199" lon="2.546517">
        <ele>871.1</ele>
        <time>2024-03-18T23:16:08.820Z</time>
    </trkpt>
    <trkpt lat="42.127114" lon="2.546549">
        <ele>868.7</ele>
        <time>2024-03-18T23:16:48.820Z</time>
    </trkpt>
    <trkpt lat="42.127041" lon="2.546613">
        <ele>869.3</ele>
        <time>2024-03-18T23:17:28.820Z</time>
    </trkpt>
    <trkpt lat="42.126962" lon="2.546695">
        <ele>869.2</ele>
        <time>2024-03-18T23:18:08.820Z</time>
    </trkpt>
    <trkpt lat="42.126933" lon="2.546821">
        <ele>869.2</ele>
        <time>2024-03-18T23:18:48.820Z</time>
    </trkpt>
    <trkpt lat="42.126906" lon="2.546965">
        <ele>867.2</ele>
        <time>2024-03-18T23:19:28.820Z</time>
    </trkpt>
    <trkpt lat="42.126888" lon="2.547043">
        <ele>866.3</ele>
        <time>2024-03-18T23:20:08.820Z</time>
    </trkpt>
    <trkpt lat="42.126852" lon="2.547073">
        <ele>866.3</ele>
        <time>2024-03-18T23:20:48.820Z</time>
    </trkpt>
    <trkpt lat="42.126776" lon="2.547113">
        <ele>865.8</ele>
        <time>2024-03-18T23:21:28.820Z</time>
    </trkpt>
    <trkpt lat="42.126683" lon="2.54721">
        <ele>863.9</ele>
        <time>2024-03-18T23:22:08.820Z</time>
    </trkpt>
    <trkpt lat="42.126575" lon="2.547368">
        <ele>862.9</ele>
        <time>2024-03-18T23:22:48.820Z</time>
    </trkpt>
    <trkpt lat="42.126554" lon="2.547612">
        <ele>862.5</ele>
        <time>2024-03-18T23:23:28.820Z</time>
    </trkpt>
    <trkpt lat="42.126532" lon="2.547761">
        <ele>862.5</ele>
        <time>2024-03-18T23:24:08.820Z</time>
    </trkpt>
    <trkpt lat="42.12649" lon="2.547812">
        <ele>861.1</ele>
        <time>2024-03-18T23:24:48.820Z</time>
    </trkpt>
    <trkpt lat="42.126391" lon="2.547824">
        <ele>858.7</ele>
        <time>2024-03-18T23:25:28.820Z</time>
    </trkpt>
    <trkpt lat="42.126377" lon="2.547836">
        <ele>859.1</ele>
        <time>2024-03-18T23:26:08.820Z</time>
    </trkpt>
    <trkpt lat="42.126345" lon="2.547921">
        <ele>857.6</ele>
        <time>2024-03-18T23:26:48.820Z</time>
    </trkpt>
    <trkpt lat="42.126262" lon="2.548064">
        <ele>854.3</ele>
        <time>2024-03-18T23:27:28.820Z</time>
    </trkpt>
    <trkpt lat="42.126197" lon="2.548031">
        <ele>852.8</ele>
        <time>2024-03-18T23:28:08.820Z</time>
    </trkpt>
    <trkpt lat="42.126103" lon="2.548059">
        <ele>850.4</ele>
        <time>2024-03-18T23:28:48.820Z</time>
    </trkpt>
    <trkpt lat="42.12599" lon="2.548173">
        <ele>847.5</ele>
        <time>2024-03-18T23:29:28.820Z</time>
    </trkpt>
    <trkpt lat="42.125902" lon="2.548261">
        <ele>846.1</ele>
        <time>2024-03-18T23:30:08.820Z</time>
    </trkpt>
    <trkpt lat="42.125852" lon="2.548324">
        <ele>845.6</ele>
        <time>2024-03-18T23:30:48.820Z</time>
    </trkpt>
    <trkpt lat="42.125827" lon="2.548383">
        <ele>844.2</ele>
        <time>2024-03-18T23:31:28.820Z</time>
    </trkpt>
    <trkpt lat="42.125741" lon="2.54846">
        <ele>845.2</ele>
        <time>2024-03-18T23:32:08.820Z</time>
    </trkpt>
    <trkpt lat="42.125668" lon="2.548743">
        <ele>846.2</ele>
        <time>2024-03-18T23:32:48.820Z</time>
    </trkpt>
    <trkpt lat="42.125658" lon="2.548795">
        <ele>847.5</ele>
        <time>2024-03-18T23:33:28.820Z</time>
    </trkpt>
    <trkpt lat="42.125651" lon="2.548941">
        <ele>848.0</ele>
        <time>2024-03-18T23:34:08.820Z</time>
    </trkpt>
    <trkpt lat="42.125676" lon="2.549094">
        <ele>847.6</ele>
        <time>2024-03-18T23:34:48.820Z</time>
    </trkpt>
    <trkpt lat="42.125689" lon="2.54927">
        <ele>846.1</ele>
        <time>2024-03-18T23:35:28.820Z</time>
    </trkpt>
    <trkpt lat="42.125626" lon="2.54934">
        <ele>845.1</ele>
        <time>2024-03-18T23:36:08.820Z</time>
    </trkpt>
    <trkpt lat="42.125531" lon="2.549321">
        <ele>843.2</ele>
        <time>2024-03-18T23:36:48.820Z</time>
    </trkpt>
    <trkpt lat="42.125493" lon="2.549348">
        <ele>843.2</ele>
        <time>2024-03-18T23:37:28.820Z</time>
    </trkpt>
    <trkpt lat="42.125435" lon="2.549434">
        <ele>842.7</ele>
        <time>2024-03-18T23:38:08.820Z</time>
    </trkpt>
    <trkpt lat="42.125351" lon="2.549443">
        <ele>840.9</ele>
        <time>2024-03-18T23:38:48.820Z</time>
    </trkpt>
    <trkpt lat="42.125313" lon="2.549541">
        <ele>839.4</ele>
        <time>2024-03-18T23:39:28.820Z</time>
    </trkpt>
    <trkpt lat="42.125274" lon="2.549622">
        <ele>838.4</ele>
        <time>2024-03-18T23:40:08.820Z</time>
    </trkpt>
    <trkpt lat="42.125222" lon="2.549729">
        <ele>837.9</ele>
        <time>2024-03-18T23:40:48.820Z</time>
    </trkpt>
    <trkpt lat="42.125152" lon="2.549808">
        <ele>837.4</ele>
        <time>2024-03-18T23:41:28.820Z</time>
    </trkpt>
    <trkpt lat="42.125069" lon="2.549817">
        <ele>837.0</ele>
        <time>2024-03-18T23:42:08.820Z</time>
    </trkpt>
    <trkpt lat="42.124951" lon="2.549844">
        <ele>836.5</ele>
        <time>2024-03-18T23:42:48.820Z</time>
    </trkpt>
    <trkpt lat="42.124884" lon="2.549875">
        <ele>835.6</ele>
        <time>2024-03-18T23:43:28.820Z</time>
    </trkpt>
    <trkpt lat="42.124801" lon="2.549868">
        <ele>836.0</ele>
        <time>2024-03-18T23:44:08.820Z</time>
    </trkpt>
    <trkpt lat="42.124694" lon="2.549915">
        <ele>835.5</ele>
        <time>2024-03-18T23:44:48.820Z</time>
    </trkpt>
    <trkpt lat="42.124647" lon="2.550106">
        <ele>836.1</ele>
        <time>2024-03-18T23:45:28.820Z</time>
    </trkpt>
    <trkpt lat="42.124577" lon="2.550353">
        <ele>836.0</ele>
        <time>2024-03-18T23:46:08.820Z</time>
    </trkpt>
    <trkpt lat="42.124575" lon="2.550376">
        <ele>836.0</ele>
        <time>2024-03-18T23:46:48.820Z</time>
    </trkpt>
    <trkpt lat="42.124482" lon="2.550508">
        <ele>835.5</ele>
        <time>2024-03-18T23:47:28.820Z</time>
    </trkpt>
    <trkpt lat="42.124363" lon="2.550539">
        <ele>835.5</ele>
        <time>2024-03-18T23:48:08.820Z</time>
    </trkpt>
    <trkpt lat="42.12426" lon="2.550607">
        <ele>835.0</ele>
        <time>2024-03-18T23:48:48.820Z</time>
    </trkpt>
    <trkpt lat="42.124174" lon="2.550692">
        <ele>835.6</ele>
        <time>2024-03-18T23:49:28.820Z</time>
    </trkpt>
    <trkpt lat="42.124121" lon="2.550781">
        <ele>835.1</ele>
        <time>2024-03-18T23:50:08.820Z</time>
    </trkpt>
    <trkpt lat="42.124025" lon="2.550905">
        <ele>834.6</ele>
        <time>2024-03-18T23:50:48.820Z</time>
    </trkpt>
    <trkpt lat="42.123929" lon="2.551015">
        <ele>834.2</ele>
        <time>2024-03-18T23:51:28.820Z</time>
    </trkpt>
    <trkpt lat="42.123871" lon="2.551184">
        <ele>833.1</ele>
        <time>2024-03-18T23:52:08.820Z</time>
    </trkpt>
    <trkpt lat="42.123788" lon="2.551293">
        <ele>831.7</ele>
        <time>2024-03-18T23:52:48.820Z</time>
    </trkpt>
    <trkpt lat="42.123763" lon="2.551378">
        <ele>832.6</ele>
        <time>2024-03-18T23:53:28.820Z</time>
    </trkpt>
    <trkpt lat="42.123679" lon="2.551539">
        <ele>832.2</ele>
        <time>2024-03-18T23:54:08.820Z</time>
    </trkpt>
    <trkpt lat="42.123646" lon="2.55161">
        <ele>832.2</ele>
        <time>2024-03-18T23:54:48.820Z</time>
    </trkpt>
    <trkpt lat="42.123568" lon="2.551694">
        <ele>832.2</ele>
        <time>2024-03-18T23:55:28.820Z</time>
    </trkpt>
    <trkpt lat="42.123512" lon="2.551814">
        <ele>832.7</ele>
        <time>2024-03-18T23:56:08.820Z</time>
    </trkpt>
    <trkpt lat="42.123525" lon="2.551856">
        <ele>832.7</ele>
        <time>2024-03-18T23:56:48.820Z</time>
    </trkpt>
    <trkpt lat="42.123457" lon="2.552061">
        <ele>834.6</ele>
        <time>2024-03-18T23:57:28.820Z</time>
    </trkpt>
    <trkpt lat="42.123538" lon="2.552206">
        <ele>836.0</ele>
        <time>2024-03-18T23:58:08.820Z</time>
    </trkpt>
    <trkpt lat="42.123584" lon="2.552303">
        <ele>837.4</ele>
        <time>2024-03-18T23:58:48.820Z</time>
    </trkpt>
    <trkpt lat="42.123634" lon="2.552376">
        <ele>839.9</ele>
        <time>2024-03-18T23:59:28.820Z</time>
    </trkpt>
    <trkpt lat="42.123712" lon="2.552483">
        <ele>840.8</ele>
        <time>2024-03-19T00:00:08.820Z</time>
    </trkpt>
    <trkpt lat="42.123755" lon="2.552597">
        <ele>842.3</ele>
        <time>2024-03-19T00:00:48.820Z</time>
    </trkpt>
    <trkpt lat="42.123782" lon="2.552702">
        <ele>843.8</ele>
        <time>2024-03-19T00:01:28.820Z</time>
    </trkpt>
    <trkpt lat="42.123818" lon="2.552826">
        <ele>846.6</ele>
        <time>2024-03-19T00:02:08.820Z</time>
    </trkpt>
    <trkpt lat="42.123876" lon="2.55292">
        <ele>847.1</ele>
        <time>2024-03-19T00:02:48.820Z</time>
    </trkpt>
    <trkpt lat="42.12394" lon="2.553026">
        <ele>849.5</ele>
        <time>2024-03-19T00:03:28.820Z</time>
    </trkpt>
    <trkpt lat="42.124026" lon="2.553128">
        <ele>850.4</ele>
        <time>2024-03-19T00:04:08.820Z</time>
    </trkpt>
    <trkpt lat="42.124088" lon="2.55321">
        <ele>851.0</ele>
        <time>2024-03-19T00:04:48.820Z</time>
    </trkpt>
    <trkpt lat="42.124172" lon="2.553292">
        <ele>853.9</ele>
        <time>2024-03-19T00:05:28.820Z</time>
    </trkpt>
    <trkpt lat="42.124289" lon="2.553381">
        <ele>854.7</ele>
        <time>2024-03-19T00:06:08.820Z</time>
    </trkpt>
    <trkpt lat="42.12434" lon="2.553504">
        <ele>855.7</ele>
        <time>2024-03-19T00:06:48.820Z</time>
    </trkpt>
    <trkpt lat="42.124275" lon="2.553484">
        <ele>857.6</ele>
        <time>2024-03-19T00:07:28.820Z</time>
    </trkpt>
    <trkpt lat="42.124183" lon="2.553458">
        <ele>860.6</ele>
        <time>2024-03-19T00:08:08.820Z</time>
    </trkpt>
    <trkpt lat="42.124071" lon="2.553447">
        <ele>860.5</ele>
        <time>2024-03-19T00:08:48.820Z</time>
    </trkpt>
    <trkpt lat="42.123944" lon="2.55346">
        <ele>861.5</ele>
        <time>2024-03-19T00:09:28.820Z</time>
    </trkpt>
    <trkpt lat="42.123868" lon="2.553584">
        <ele>861.5</ele>
        <time>2024-03-19T00:10:08.820Z</time>
    </trkpt>
    <trkpt lat="42.123832" lon="2.553579">
        <ele>861.5</ele>
        <time>2024-03-19T00:10:48.820Z</time>
    </trkpt>
    <trkpt lat="42.123772" lon="2.553526">
        <ele>860.6</ele>
        <time>2024-03-19T00:11:28.820Z</time>
    </trkpt>
    <trkpt lat="42.123737" lon="2.553495">
        <ele>861.0</ele>
        <time>2024-03-19T00:12:08.820Z</time>
    </trkpt>
    <trkpt lat="42.123668" lon="2.553456">
        <ele>860.1</ele>
        <time>2024-03-19T00:12:48.820Z</time>
    </trkpt>
    <trkpt lat="42.123712" lon="2.553458">
        <ele>859.1</ele>
        <time>2024-03-19T00:13:28.820Z</time>
    </trkpt>
    <trkpt lat="42.123648" lon="2.553444">
        <ele>859.6</ele>
        <time>2024-03-19T00:14:08.820Z</time>
    </trkpt>
    <trkpt lat="42.123627" lon="2.553433">
        <ele>860.6</ele>
        <time>2024-03-19T00:14:48.820Z</time>
    </trkpt>
    <trkpt lat="42.123631" lon="2.553406">
        <ele>864.0</ele>
        <time>2024-03-19T00:15:28.820Z</time>
    </trkpt>
    <trkpt lat="42.123632" lon="2.553405">
        <ele>860.6</ele>
        <time>2024-03-19T00:16:08.820Z</time>
    </trkpt>
    <trkpt lat="42.123536" lon="2.553448">
        <ele>862.0</ele>
        <time>2024-03-19T00:16:48.820Z</time>
    </trkpt>
    <trkpt lat="42.123375" lon="2.553462">
        <ele>862.4</ele>
        <time>2024-03-19T00:17:28.820Z</time>
    </trkpt>
    <trkpt lat="42.123219" lon="2.553461">
        <ele>864.0</ele>
        <time>2024-03-19T00:18:08.820Z</time>
    </trkpt>
    <trkpt lat="42.12309" lon="2.553484">
        <ele>863.5</ele>
        <time>2024-03-19T00:18:48.820Z</time>
    </trkpt>
    <trkpt lat="42.123013" lon="2.553501">
        <ele>863.4</ele>
        <time>2024-03-19T00:19:28.820Z</time>
    </trkpt>
    <trkpt lat="42.122817" lon="2.553541">
        <ele>862.4</ele>
        <time>2024-03-19T00:20:08.820Z</time>
    </trkpt>
    <trkpt lat="42.122736" lon="2.553534">
        <ele>862.9</ele>
        <time>2024-03-19T00:20:48.820Z</time>
    </trkpt>
    <trkpt lat="42.122613" lon="2.553384">
        <ele>862.1</ele>
        <time>2024-03-19T00:21:28.820Z</time>
    </trkpt>
    <trkpt lat="42.122508" lon="2.553292">
        <ele>861.5</ele>
        <time>2024-03-19T00:22:08.820Z</time>
    </trkpt>
    <trkpt lat="42.12236" lon="2.553126">
        <ele>862.1</ele>
        <time>2024-03-19T00:22:48.820Z</time>
    </trkpt>
    <trkpt lat="42.122236" lon="2.552942">
        <ele>862.1</ele>
        <time>2024-03-19T00:23:28.820Z</time>
    </trkpt>
    <trkpt lat="42.122077" lon="2.552741">
        <ele>861.5</ele>
        <time>2024-03-19T00:24:08.820Z</time>
    </trkpt>
    <trkpt lat="42.12196" lon="2.552596">
        <ele>862.1</ele>
        <time>2024-03-19T00:24:48.820Z</time>
    </trkpt>
    <trkpt lat="42.121865" lon="2.552692">
        <ele>861.6</ele>
        <time>2024-03-19T00:25:28.820Z</time>
    </trkpt>
    <trkpt lat="42.12174" lon="2.552854">
        <ele>862.4</ele>
        <time>2024-03-19T00:26:08.820Z</time>
    </trkpt>
    <trkpt lat="42.121637" lon="2.553013">
        <ele>864.4</ele>
        <time>2024-03-19T00:26:48.820Z</time>
    </trkpt>
    <trkpt lat="42.121589" lon="2.553199">
        <ele>867.2</ele>
        <time>2024-03-19T00:27:28.820Z</time>
    </trkpt>
    <trkpt lat="42.121585" lon="2.553338">
        <ele>871.2</ele>
        <time>2024-03-19T00:28:08.820Z</time>
    </trkpt>
    <trkpt lat="42.121634" lon="2.553514">
        <ele>871.1</ele>
        <time>2024-03-19T00:28:48.820Z</time>
    </trkpt>
    <trkpt lat="42.121639" lon="2.553713">
        <ele>872.1</ele>
        <time>2024-03-19T00:29:28.820Z</time>
    </trkpt>
    <trkpt lat="42.121588" lon="2.553842">
        <ele>873.5</ele>
        <time>2024-03-19T00:30:08.820Z</time>
    </trkpt>
    <trkpt lat="42.121572" lon="2.553842">
        <ele>873.6</ele>
        <time>2024-03-19T00:30:48.820Z</time>
    </trkpt>
    <trkpt lat="42.121452" lon="2.553756">
        <ele>874.0</ele>
        <time>2024-03-19T00:31:28.820Z</time>
    </trkpt>
    <trkpt lat="42.121342" lon="2.553625">
        <ele>873.6</ele>
        <time>2024-03-19T00:32:08.820Z</time>
    </trkpt>
    <trkpt lat="42.121132" lon="2.553419">
        <ele>873.1</ele>
        <time>2024-03-19T00:32:48.820Z</time>
    </trkpt>
    <trkpt lat="42.120978" lon="2.553263">
        <ele>873.0</ele>
        <time>2024-03-19T00:33:28.820Z</time>
    </trkpt>
    <trkpt lat="42.120838" lon="2.553162">
        <ele>873.5</ele>
        <time>2024-03-19T00:34:08.820Z</time>
    </trkpt>
    <trkpt lat="42.120641" lon="2.553265">
        <ele>873.5</ele>
        <time>2024-03-19T00:34:48.820Z</time>
    </trkpt>
    <trkpt lat="42.120505" lon="2.553441">
        <ele>874.5</ele>
        <time>2024-03-19T00:35:28.820Z</time>
    </trkpt>
    <trkpt lat="42.120403" lon="2.553609">
        <ele>875.4</ele>
        <time>2024-03-19T00:36:08.820Z</time>
    </trkpt>
    <trkpt lat="42.120314" lon="2.553821">
        <ele>878.8</ele>
        <time>2024-03-19T00:36:48.820Z</time>
    </trkpt>
    <trkpt lat="42.120225" lon="2.553967">
        <ele>878.8</ele>
        <time>2024-03-19T00:37:28.820Z</time>
    </trkpt>
    <trkpt lat="42.120127" lon="2.553918">
        <ele>878.8</ele>
        <time>2024-03-19T00:38:08.820Z</time>
    </trkpt>
    <trkpt lat="42.11993" lon="2.553687">
        <ele>877.9</ele>
        <time>2024-03-19T00:38:48.820Z</time>
    </trkpt>
    <trkpt lat="42.119795" lon="2.55344">
        <ele>877.8</ele>
        <time>2024-03-19T00:39:28.820Z</time>
    </trkpt>
    <trkpt lat="42.119668" lon="2.553239">
        <ele>877.8</ele>
        <time>2024-03-19T00:40:08.820Z</time>
    </trkpt>
    <trkpt lat="42.119514" lon="2.553051">
        <ele>876.4</ele>
        <time>2024-03-19T00:40:48.820Z</time>
    </trkpt>
    <trkpt lat="42.119565" lon="2.552963">
        <ele>876.5</ele>
        <time>2024-03-19T00:41:28.820Z</time>
    </trkpt>
    <trkpt lat="42.119572" lon="2.552962">
        <ele>878.3</ele>
        <time>2024-03-19T00:42:08.820Z</time>
    </trkpt>
    <trkpt lat="42.119565" lon="2.552973">
        <ele>874.6</ele>
        <time>2024-03-19T00:42:48.820Z</time>
    </trkpt>
    <trkpt lat="42.119563" lon="2.55297">
        <ele>878.3</ele>
        <time>2024-03-19T00:43:28.820Z</time>
    </trkpt>
    <trkpt lat="42.119563" lon="2.55297">
        <ele>877.9</ele>
        <time>2024-03-19T00:44:08.820Z</time>
    </trkpt>
    <trkpt lat="42.119581" lon="2.552964">
        <ele>877.9</ele>
        <time>2024-03-19T00:44:48.820Z</time>
    </trkpt>
    <trkpt lat="42.119672" lon="2.552814">
        <ele>878.4</ele>
        <time>2024-03-19T00:45:28.820Z</time>
    </trkpt>
    <trkpt lat="42.119784" lon="2.552588">
        <ele>877.9</ele>
        <time>2024-03-19T00:46:08.820Z</time>
    </trkpt>
    <trkpt lat="42.119904" lon="2.55238">
        <ele>878.8</ele>
        <time>2024-03-19T00:46:48.820Z</time>
    </trkpt>
    <trkpt lat="42.120061" lon="2.552183">
        <ele>881.7</ele>
        <time>2024-03-19T00:47:28.820Z</time>
    </trkpt>
    <trkpt lat="42.120118" lon="2.552113">
        <ele>884.2</ele>
        <time>2024-03-19T00:48:08.820Z</time>
    </trkpt>
    <trkpt lat="42.12029" lon="2.551946">
        <ele>884.2</ele>
        <time>2024-03-19T00:48:48.820Z</time>
    </trkpt>
    <trkpt lat="42.120436" lon="2.551844">
        <ele>886.1</ele>
        <time>2024-03-19T00:49:28.820Z</time>
    </trkpt>
    <trkpt lat="42.12057" lon="2.551686">
        <ele>886.5</ele>
        <time>2024-03-19T00:50:08.820Z</time>
    </trkpt>
    <trkpt lat="42.120664" lon="2.55152">
        <ele>887.5</ele>
        <time>2024-03-19T00:50:48.820Z</time>
    </trkpt>
    <trkpt lat="42.120682" lon="2.55145">
        <ele>888.5</ele>
        <time>2024-03-19T00:51:28.820Z</time>
    </trkpt>
    <trkpt lat="42.120788" lon="2.551191">
        <ele>890.8</ele>
        <time>2024-03-19T00:52:08.820Z</time>
    </trkpt>
    <trkpt lat="42.120924" lon="2.551069">
        <ele>892.7</ele>
        <time>2024-03-19T00:52:48.820Z</time>
    </trkpt>
    <trkpt lat="42.121082" lon="2.550855">
        <ele>892.7</ele>
        <time>2024-03-19T00:53:28.820Z</time>
    </trkpt>
    <trkpt lat="42.121218" lon="2.550748">
        <ele>895.1</ele>
        <time>2024-03-19T00:54:08.820Z</time>
    </trkpt>
    <trkpt lat="42.121411" lon="2.550678">
        <ele>897.6</ele>
        <time>2024-03-19T00:54:48.820Z</time>
    </trkpt>
    <trkpt lat="42.121592" lon="2.550632">
        <ele>898.0</ele>
        <time>2024-03-19T00:55:28.820Z</time>
    </trkpt>
    <trkpt lat="42.121787" lon="2.550627">
        <ele>897.6</ele>
        <time>2024-03-19T00:56:08.820Z</time>
    </trkpt>
    <trkpt lat="42.121988" lon="2.550518">
        <ele>898.6</ele>
        <time>2024-03-19T00:56:48.820Z</time>
    </trkpt>
    <trkpt lat="42.122064" lon="2.550421">
        <ele>897.0</ele>
        <time>2024-03-19T00:57:28.820Z</time>
    </trkpt>
    <trkpt lat="42.122242" lon="2.550444">
        <ele>896.6</ele>
        <time>2024-03-19T00:58:08.820Z</time>
    </trkpt>
    <trkpt lat="42.12243" lon="2.550509">
        <ele>895.7</ele>
        <time>2024-03-19T00:58:48.820Z</time>
    </trkpt>
    <trkpt lat="42.122538" lon="2.550437">
        <ele>895.6</ele>
        <time>2024-03-19T00:59:28.820Z</time>
    </trkpt>
    <trkpt lat="42.122607" lon="2.550285">
        <ele>895.6</ele>
        <time>2024-03-19T01:00:08.820Z</time>
    </trkpt>
    <trkpt lat="42.122694" lon="2.55011">
        <ele>895.6</ele>
        <time>2024-03-19T01:00:48.820Z</time>
    </trkpt>
    <trkpt lat="42.122803" lon="2.549971">
        <ele>894.6</ele>
        <time>2024-03-19T01:01:28.820Z</time>
    </trkpt>
    <trkpt lat="42.122923" lon="2.549722">
        <ele>892.7</ele>
        <time>2024-03-19T01:02:08.820Z</time>
    </trkpt>
    <trkpt lat="42.123031" lon="2.54942">
        <ele>892.3</ele>
        <time>2024-03-19T01:02:48.820Z</time>
    </trkpt>
    <trkpt lat="42.123194" lon="2.549209">
        <ele>892.7</ele>
        <time>2024-03-19T01:03:28.820Z</time>
    </trkpt>
    <trkpt lat="42.123289" lon="2.549032">
        <ele>893.8</ele>
        <time>2024-03-19T01:04:08.820Z</time>
    </trkpt>
    <trkpt lat="42.123304" lon="2.548706">
        <ele>894.3</ele>
        <time>2024-03-19T01:04:48.820Z</time>
    </trkpt>
    <trkpt lat="42.123247" lon="2.548331">
        <ele>894.7</ele>
        <time>2024-03-19T01:05:28.820Z</time>
    </trkpt>
    <trkpt lat="42.123186" lon="2.548107">
        <ele>894.6</ele>
        <time>2024-03-19T01:06:08.820Z</time>
    </trkpt>
    <trkpt lat="42.123125" lon="2.547873">
        <ele>895.1</ele>
        <time>2024-03-19T01:06:48.820Z</time>
    </trkpt>
    <trkpt lat="42.123027" lon="2.547676">
        <ele>895.6</ele>
        <time>2024-03-19T01:07:28.820Z</time>
    </trkpt>
    <trkpt lat="42.123046" lon="2.547612">
        <ele>895.7</ele>
        <time>2024-03-19T01:08:08.820Z</time>
    </trkpt>
    <trkpt lat="42.12311" lon="2.547636">
        <ele>895.2</ele>
        <time>2024-03-19T01:08:48.820Z</time>
    </trkpt>
    <trkpt lat="42.123111" lon="2.547625">
        <ele>895.6</ele>
        <time>2024-03-19T01:09:28.820Z</time>
    </trkpt>
    <trkpt lat="42.123124" lon="2.54759">
        <ele>896.1</ele>
        <time>2024-03-19T01:10:08.820Z</time>
    </trkpt>
    <trkpt lat="42.123123" lon="2.547538">
        <ele>897.0</ele>
        <time>2024-03-19T01:10:48.820Z</time>
    </trkpt>
    <trkpt lat="42.123223" lon="2.547469">
        <ele>895.7</ele>
        <time>2024-03-19T01:11:28.820Z</time>
    </trkpt>
    <trkpt lat="42.123348" lon="2.54744">
        <ele>894.3</ele>
        <time>2024-03-19T01:12:08.820Z</time>
    </trkpt>
    <trkpt lat="42.123497" lon="2.547355">
        <ele>892.2</ele>
        <time>2024-03-19T01:12:48.820Z</time>
    </trkpt>
    <trkpt lat="42.123537" lon="2.547337">
        <ele>891.8</ele>
        <time>2024-03-19T01:13:28.820Z</time>
    </trkpt>
    <trkpt lat="42.123662" lon="2.547233">
        <ele>890.8</ele>
        <time>2024-03-19T01:14:08.820Z</time>
    </trkpt>
    <trkpt lat="42.123726" lon="2.547136">
        <ele>888.0</ele>
        <time>2024-03-19T01:14:48.820Z</time>
    </trkpt>
    <trkpt lat="42.123741" lon="2.547043">
        <ele>886.0</ele>
        <time>2024-03-19T01:15:28.820Z</time>
    </trkpt>
    <trkpt lat="42.12377" lon="2.546831">
        <ele>882.7</ele>
        <time>2024-03-19T01:16:08.820Z</time>
    </trkpt>
    <trkpt lat="42.123849" lon="2.546612">
        <ele>881.3</ele>
        <time>2024-03-19T01:16:48.820Z</time>
    </trkpt>
    <trkpt lat="42.123922" lon="2.546365">
        <ele>879.8</ele>
        <time>2024-03-19T01:17:28.820Z</time>
    </trkpt>
    <trkpt lat="42.12403" lon="2.546089">
        <ele>878.8</ele>
        <time>2024-03-19T01:18:08.820Z</time>
    </trkpt>
    <trkpt lat="42.124155" lon="2.545842">
        <ele>877.3</ele>
        <time>2024-03-19T01:18:48.820Z</time>
    </trkpt>
    <trkpt lat="42.124271" lon="2.545593">
        <ele>877.3</ele>
        <time>2024-03-19T01:19:28.820Z</time>
    </trkpt>
    <trkpt lat="42.124411" lon="2.545428">
        <ele>877.3</ele>
        <time>2024-03-19T01:20:08.820Z</time>
    </trkpt>
    <trkpt lat="42.124556" lon="2.545257">
        <ele>879.3</ele>
        <time>2024-03-19T01:20:48.820Z</time>
    </trkpt>
    <trkpt lat="42.124583" lon="2.545229">
        <ele>878.8</ele>
        <time>2024-03-19T01:21:28.820Z</time>
    </trkpt>
    <trkpt lat="42.124676" lon="2.545166">
        <ele>878.8</ele>
        <time>2024-03-19T01:22:08.820Z</time>
    </trkpt>
    <trkpt lat="42.124698" lon="2.545151">
        <ele>877.4</ele>
        <time>2024-03-19T01:22:48.820Z</time>
    </trkpt>
    <trkpt lat="42.124873" lon="2.545095">
        <ele>878.3</ele>
        <time>2024-03-19T01:23:28.820Z</time>
    </trkpt>
    <trkpt lat="42.12498" lon="2.54509">
        <ele>876.5</ele>
        <time>2024-03-19T01:24:08.820Z</time>
    </trkpt>
    <trkpt lat="42.1251" lon="2.545056">
        <ele>873.1</ele>
        <time>2024-03-19T01:24:48.820Z</time>
    </trkpt>
    <trkpt lat="42.12525" lon="2.545024">
        <ele>872.2</ele>
        <time>2024-03-19T01:25:28.820Z</time>
    </trkpt>
    <trkpt lat="42.125365" lon="2.545073">
        <ele>871.2</ele>
        <time>2024-03-19T01:26:08.820Z</time>
    </trkpt>
    <trkpt lat="42.125447" lon="2.545071">
        <ele>868.2</ele>
        <time>2024-03-19T01:26:48.820Z</time>
    </trkpt>
    <trkpt lat="42.125456" lon="2.54507">
        <ele>868.7</ele>
        <time>2024-03-19T01:27:28.820Z</time>
    </trkpt>
    <trkpt lat="42.125507" lon="2.545054">
        <ele>866.9</ele>
        <time>2024-03-19T01:28:08.820Z</time>
    </trkpt>
    <trkpt lat="42.125565" lon="2.545033">
        <ele>862.9</ele>
        <time>2024-03-19T01:28:48.820Z</time>
    </trkpt>
    <trkpt lat="42.125571" lon="2.545034">
        <ele>862.9</ele>
        <time>2024-03-19T01:29:28.820Z</time>
    </trkpt>
    <trkpt lat="42.125632" lon="2.545036">
        <ele>860.1</ele>
        <time>2024-03-19T01:30:08.820Z</time>
    </trkpt>
    <trkpt lat="42.125642" lon="2.545034">
        <ele>860.5</ele>
        <time>2024-03-19T01:30:48.820Z</time>
    </trkpt>
    <trkpt lat="42.125778" lon="2.545029">
        <ele>858.2</ele>
        <time>2024-03-19T01:31:28.820Z</time>
    </trkpt>
    <trkpt lat="42.125954" lon="2.545069">
        <ele>856.3</ele>
        <time>2024-03-19T01:32:08.820Z</time>
    </trkpt>
    <trkpt lat="42.126158" lon="2.545074">
        <ele>853.3</ele>
        <time>2024-03-19T01:32:48.820Z</time>
    </trkpt>
    <trkpt lat="42.126227" lon="2.545028">
        <ele>852.3</ele>
        <time>2024-03-19T01:33:28.820Z</time>
    </trkpt>
    <trkpt lat="42.126368" lon="2.54498">
        <ele>850.4</ele>
        <time>2024-03-19T01:34:08.820Z</time>
    </trkpt>
    <trkpt lat="42.126487" lon="2.544924">
        <ele>848.5</ele>
        <time>2024-03-19T01:34:48.820Z</time>
    </trkpt>
    <trkpt lat="42.126697" lon="2.544873">
        <ele>846.1</ele>
        <time>2024-03-19T01:35:28.820Z</time>
    </trkpt>
    <trkpt lat="42.126817" lon="2.544838">
        <ele>844.3</ele>
        <time>2024-03-19T01:36:08.820Z</time>
    </trkpt>
    <trkpt lat="42.12685" lon="2.544831">
        <ele>842.7</ele>
        <time>2024-03-19T01:36:48.820Z</time>
    </trkpt>
    <trkpt lat="42.127024" lon="2.544782">
        <ele>840.9</ele>
        <time>2024-03-19T01:37:28.820Z</time>
    </trkpt>
    <trkpt lat="42.12719" lon="2.544648">
        <ele>838.4</ele>
        <time>2024-03-19T01:38:08.820Z</time>
    </trkpt>
    <trkpt lat="42.127289" lon="2.544478">
        <ele>847.0</ele>
        <time>2024-03-19T01:38:40.271Z</time>
    </trkpt>
    <trkpt lat="42.127406" lon="2.544292">
        <ele>845.5</ele>
        <time>2024-03-19T01:39:15.760Z</time>
    </trkpt>
    <trkpt lat="42.127602" lon="2.543998">
        <ele>831.3</ele>
        <time>2024-03-19T01:40:13.283Z</time>
    </trkpt>
    <trkpt lat="42.127704" lon="2.543904">
        <ele>830.3</ele>
        <time>2024-03-19T01:40:53.283Z</time>
    </trkpt>
    <trkpt lat="42.127831" lon="2.543808">
        <ele>830.3</ele>
        <time>2024-03-19T01:41:33.283Z</time>
    </trkpt>
    <trkpt lat="42.127944" lon="2.543763">
        <ele>834.8</ele>
        <time>2024-03-19T01:42:13.660Z</time>
    </trkpt>
    <trkpt lat="42.127945" lon="2.543763">
        <ele>834.8</ele>
        <time>2024-03-19T01:42:14.002Z</time>
    </trkpt>
    <trkpt lat="42.127968" lon="2.543759">
        <ele>832.3</ele>
        <time>2024-03-19T01:42:21.949Z</time>
    </trkpt>
    <trkpt lat="42.128014" lon="2.543753">
        <ele>832.3</ele>
        <time>2024-03-19T01:42:37.786Z</time>
    </trkpt>
    <trkpt lat="42.128256" lon="2.543602">
        <ele>828.3</ele>
        <time>2024-03-19T01:44:09.165Z</time>
    </trkpt>
    <trkpt lat="42.128337" lon="2.543562">
        <ele>823.8</ele>
        <time>2024-03-19T01:44:38.725Z</time>
    </trkpt>
    <trkpt lat="42.128459" lon="2.543417">
        <ele>817.8</ele>
        <time>2024-03-19T01:45:34.456Z</time>
    </trkpt>
    <trkpt lat="42.128529" lon="2.543391">
        <ele>817.3</ele>
        <time>2024-03-19T01:46:14.456Z</time>
    </trkpt>
    <trkpt lat="42.128752" lon="2.543337">
        <ele>815.4</ele>
        <time>2024-03-19T01:46:54.456Z</time>
    </trkpt>
    <trkpt lat="42.128849" lon="2.543329">
        <ele>814.4</ele>
        <time>2024-03-19T01:47:34.456Z</time>
    </trkpt>
    <trkpt lat="42.128952" lon="2.543263">
        <ele>812.9</ele>
        <time>2024-03-19T01:48:14.456Z</time>
    </trkpt>
    <trkpt lat="42.12899" lon="2.54325">
        <ele>811.1</ele>
        <time>2024-03-19T01:48:54.456Z</time>
    </trkpt>
    <trkpt lat="42.129127" lon="2.543228">
        <ele>808.7</ele>
        <time>2024-03-19T01:49:34.457Z</time>
    </trkpt>
    <trkpt lat="42.129305" lon="2.543187">
        <ele>805.2</ele>
        <time>2024-03-19T01:50:14.457Z</time>
    </trkpt>
    <trkpt lat="42.129434" lon="2.543115">
        <ele>802.8</ele>
        <time>2024-03-19T01:50:54.457Z</time>
    </trkpt>
    <trkpt lat="42.129608" lon="2.543109">
        <ele>800.4</ele>
        <time>2024-03-19T01:51:34.457Z</time>
    </trkpt>
    <trkpt lat="42.129701" lon="2.543096">
        <ele>799.0</ele>
        <time>2024-03-19T01:52:14.457Z</time>
    </trkpt>
    <trkpt lat="42.129789" lon="2.543066">
        <ele>798.0</ele>
        <time>2024-03-19T01:52:54.457Z</time>
    </trkpt>
    <trkpt lat="42.129913" lon="2.543052">
        <ele>795.6</ele>
        <time>2024-03-19T01:53:34.457Z</time>
    </trkpt>
    <trkpt lat="42.130059" lon="2.543012">
        <ele>793.8</ele>
        <time>2024-03-19T01:54:14.457Z</time>
    </trkpt>
    <trkpt lat="42.130097" lon="2.543008">
        <ele>793.3</ele>
        <time>2024-03-19T01:54:54.457Z</time>
    </trkpt>
    <trkpt lat="42.130143" lon="2.542924">
        <ele>799.8</ele>
        <time>2024-03-19T01:55:20.066Z</time>
    </trkpt>
    <trkpt lat="42.130367" lon="2.542829">
        <ele>796.5</ele>
        <time>2024-03-19T01:56:37.720Z</time>
    </trkpt>
    <trkpt lat="42.130398" lon="2.542829">
        <ele>795.3</ele>
        <time>2024-03-19T01:56:47.971Z</time>
    </trkpt>
    <trkpt lat="42.130428" lon="2.54286">
        <ele>792.5</ele>
        <time>2024-03-19T01:57:00.470Z</time>
    </trkpt>
    <trkpt lat="42.130423" lon="2.542875">
        <ele>791.3</ele>
        <time>2024-03-19T01:57:04.503Z</time>
    </trkpt>
    <trkpt lat="42.130419" lon="2.542894">
        <ele>791.3</ele>
        <time>2024-03-19T01:57:09.346Z</time>
    </trkpt>
    <trkpt lat="42.130403" lon="2.542913">
        <ele>790.8</ele>
        <time>2024-03-19T01:57:16.396Z</time>
    </trkpt>
    <trkpt lat="42.130323" lon="2.542987">
        <ele>788.3</ele>
        <time>2024-03-19T01:57:48.478Z</time>
    </trkpt>
    <trkpt lat="42.130201" lon="2.543125">
        <ele>777.0</ele>
        <time>2024-03-19T01:58:41.139Z</time>
    </trkpt>
    <trkpt lat="42.130177" lon="2.543142">
        <ele>776.0</ele>
        <time>2024-03-19T01:59:21.139Z</time>
    </trkpt>
    <trkpt lat="42.130062" lon="2.543231">
        <ele>773.1</ele>
        <time>2024-03-19T02:00:01.139Z</time>
    </trkpt>
    <trkpt lat="42.12994" lon="2.543339">
        <ele>770.7</ele>
        <time>2024-03-19T02:00:41.139Z</time>
    </trkpt>
    <trkpt lat="42.129907" lon="2.54338">
        <ele>773.5</ele>
        <time>2024-03-19T02:01:21.139Z</time>
    </trkpt>
    <trkpt lat="42.129986" lon="2.543447">
        <ele>771.6</ele>
        <time>2024-03-19T02:02:01.139Z</time>
    </trkpt>
    <trkpt lat="42.13" lon="2.543445">
        <ele>771.2</ele>
        <time>2024-03-19T02:02:41.139Z</time>
    </trkpt>
    <trkpt lat="42.130133" lon="2.543406">
        <ele>768.3</ele>
        <time>2024-03-19T02:03:21.139Z</time>
    </trkpt>
    <trkpt lat="42.130233" lon="2.543389">
        <ele>766.9</ele>
        <time>2024-03-19T02:04:01.139Z</time>
    </trkpt>
    <trkpt lat="42.130338" lon="2.543354">
        <ele>764.0</ele>
        <time>2024-03-19T02:04:41.139Z</time>
    </trkpt>
    <trkpt lat="42.130532" lon="2.543318">
        <ele>761.6</ele>
        <time>2024-03-19T02:05:21.139Z</time>
    </trkpt>
    <trkpt lat="42.130515" lon="2.543305">
        <ele>760.6</ele>
        <time>2024-03-19T02:06:01.139Z</time>
    </trkpt>
    <trkpt lat="42.130497" lon="2.543306">
        <ele>760.1</ele>
        <time>2024-03-19T02:06:41.139Z</time>
    </trkpt>
    <trkpt lat="42.130637" lon="2.543296">
        <ele>758.7</ele>
        <time>2024-03-19T02:07:21.139Z</time>
    </trkpt>
    <trkpt lat="42.130712" lon="2.543308">
        <ele>758.6</ele>
        <time>2024-03-19T02:08:01.139Z</time>
    </trkpt>
    <trkpt lat="42.130748" lon="2.54332">
        <ele>757.7</ele>
        <time>2024-03-19T02:08:41.139Z</time>
    </trkpt>
    <trkpt lat="42.130901" lon="2.543286">
        <ele>754.3</ele>
        <time>2024-03-19T02:09:21.139Z</time>
    </trkpt>
    <trkpt lat="42.131023" lon="2.543281">
        <ele>752.8</ele>
        <time>2024-03-19T02:10:01.139Z</time>
    </trkpt>
    <trkpt lat="42.131123" lon="2.543282">
        <ele>749.6</ele>
        <time>2024-03-19T02:10:41.139Z</time>
    </trkpt>
    <trkpt lat="42.131263" lon="2.543262">
        <ele>747.2</ele>
        <time>2024-03-19T02:11:21.139Z</time>
    </trkpt>
    <trkpt lat="42.131335" lon="2.543262">
        <ele>744.3</ele>
        <time>2024-03-19T02:12:01.139Z</time>
    </trkpt>
    <trkpt lat="42.131439" lon="2.543329">
        <ele>742.8</ele>
        <time>2024-03-19T02:12:41.139Z</time>
    </trkpt>
    <trkpt lat="42.131566" lon="2.543485">
        <ele>740.4</ele>
        <time>2024-03-19T02:13:21.139Z</time>
    </trkpt>
    <trkpt lat="42.131629" lon="2.543571">
        <ele>740.5</ele>
        <time>2024-03-19T02:14:01.139Z</time>
    </trkpt>
    <trkpt lat="42.131767" lon="2.543682">
        <ele>739.4</ele>
        <time>2024-03-19T02:14:41.139Z</time>
    </trkpt>
    <trkpt lat="42.131919" lon="2.543761">
        <ele>735.1</ele>
        <time>2024-03-19T02:15:21.139Z</time>
    </trkpt>
    <trkpt lat="42.13207" lon="2.543839">
        <ele>732.2</ele>
        <time>2024-03-19T02:16:01.139Z</time>
    </trkpt>
    <trkpt lat="42.132155" lon="2.543909">
        <ele>730.7</ele>
        <time>2024-03-19T02:16:41.139Z</time>
    </trkpt>
    <trkpt lat="42.132259" lon="2.543912">
        <ele>729.3</ele>
        <time>2024-03-19T02:17:21.139Z</time>
    </trkpt>
    <trkpt lat="42.132296" lon="2.543909">
        <ele>729.3</ele>
        <time>2024-03-19T02:18:01.139Z</time>
    </trkpt>
    <trkpt lat="42.132441" lon="2.543883">
        <ele>728.9</ele>
        <time>2024-03-19T02:18:41.139Z</time>
    </trkpt>
    <trkpt lat="42.132552" lon="2.543804">
        <ele>727.9</ele>
        <time>2024-03-19T02:19:21.139Z</time>
    </trkpt>
    <trkpt lat="42.13262" lon="2.543684">
        <ele>726.9</ele>
        <time>2024-03-19T02:20:01.139Z</time>
    </trkpt>
    <trkpt lat="42.132636" lon="2.543489">
        <ele>723.5</ele>
        <time>2024-03-19T02:20:41.139Z</time>
    </trkpt>
    <trkpt lat="42.132684" lon="2.543376">
        <ele>720.6</ele>
        <time>2024-03-19T02:21:21.139Z</time>
    </trkpt>
    <trkpt lat="42.132718" lon="2.543223">
        <ele>719.7</ele>
        <time>2024-03-19T02:22:01.139Z</time>
    </trkpt>
    <trkpt lat="42.132801" lon="2.543107">
        <ele>718.3</ele>
        <time>2024-03-19T02:22:41.139Z</time>
    </trkpt>
    <trkpt lat="42.133056" lon="2.542963">
        <ele>715.5</ele>
        <time>2024-03-19T02:23:21.139Z</time>
    </trkpt>
    <trkpt lat="42.133061" lon="2.542953">
        <ele>715.5</ele>
        <time>2024-03-19T02:24:01.139Z</time>
    </trkpt>
    <trkpt lat="42.133395" lon="2.542506">
        <ele>713.1</ele>
        <time>2024-03-19T02:24:41.139Z</time>
    </trkpt>
    <trkpt lat="42.133524" lon="2.542413">
        <ele>710.7</ele>
        <time>2024-03-19T02:25:21.139Z</time>
    </trkpt>
    <trkpt lat="42.133641" lon="2.542354">
        <ele>710.6</ele>
        <time>2024-03-19T02:26:01.139Z</time>
    </trkpt>
    <trkpt lat="42.133763" lon="2.542319">
        <ele>710.7</ele>
        <time>2024-03-19T02:26:41.139Z</time>
    </trkpt>
    <trkpt lat="42.133714" lon="2.542275">
        <ele>710.2</ele>
        <time>2024-03-19T02:27:21.139Z</time>
    </trkpt>
    <trkpt lat="42.133794" lon="2.542303">
        <ele>709.6</ele>
        <time>2024-03-19T02:28:01.139Z</time>
    </trkpt>
    <trkpt lat="42.133892" lon="2.542271">
        <ele>708.1</ele>
        <time>2024-03-19T02:28:41.139Z</time>
    </trkpt>
    <trkpt lat="42.133964" lon="2.542196">
        <ele>706.3</ele>
        <time>2024-03-19T02:29:21.139Z</time>
    </trkpt>
    <trkpt lat="42.133998" lon="2.542146">
        <ele>704.4</ele>
        <time>2024-03-19T02:30:01.139Z</time>
    </trkpt>
    <trkpt lat="42.134029" lon="2.542061">
        <ele>702.5</ele>
        <time>2024-03-19T02:30:41.139Z</time>
    </trkpt>
    <trkpt lat="42.134155" lon="2.541948">
        <ele>700.5</ele>
        <time>2024-03-19T02:31:21.139Z</time>
    </trkpt>
    <trkpt lat="42.134231" lon="2.541913">
        <ele>700.1</ele>
        <time>2024-03-19T02:32:01.139Z</time>
    </trkpt>
    <trkpt lat="42.134337" lon="2.541939">
        <ele>699.1</ele>
        <time>2024-03-19T02:32:41.139Z</time>
    </trkpt>
    <trkpt lat="42.134349" lon="2.541939">
        <ele>699.1</ele>
        <time>2024-03-19T02:33:21.139Z</time>
    </trkpt>
    <trkpt lat="42.134588" lon="2.541869">
        <ele>696.7</ele>
        <time>2024-03-19T02:34:01.139Z</time>
    </trkpt>
    <trkpt lat="42.134708" lon="2.541964">
        <ele>694.2</ele>
        <time>2024-03-19T02:34:41.139Z</time>
    </trkpt>
    <trkpt lat="42.134765" lon="2.542007">
        <ele>692.3</ele>
        <time>2024-03-19T02:35:21.139Z</time>
    </trkpt>
    <trkpt lat="42.134853" lon="2.542041">
        <ele>690.5</ele>
        <time>2024-03-19T02:36:01.139Z</time>
    </trkpt>
    <trkpt lat="42.135007" lon="2.542024">
        <ele>688.9</ele>
        <time>2024-03-19T02:36:41.139Z</time>
    </trkpt>
    <trkpt lat="42.135191" lon="2.541987">
        <ele>687.0</ele>
        <time>2024-03-19T02:37:21.139Z</time>
    </trkpt>
    <trkpt lat="42.135347" lon="2.54196">
        <ele>685.7</ele>
        <time>2024-03-19T02:38:01.139Z</time>
    </trkpt>
    <trkpt lat="42.135396" lon="2.541895">
        <ele>684.2</ele>
        <time>2024-03-19T02:38:41.139Z</time>
    </trkpt>
    <trkpt lat="42.135444" lon="2.54165">
        <ele>680.8</ele>
        <time>2024-03-19T02:39:21.139Z</time>
    </trkpt>
    <trkpt lat="42.135445" lon="2.541631">
        <ele>680.9</ele>
        <time>2024-03-19T02:40:01.139Z</time>
    </trkpt>
    <trkpt lat="42.135462" lon="2.541557">
        <ele>681.2</ele>
        <time>2024-03-19T02:40:41.139Z</time>
    </trkpt>
    <trkpt lat="42.135526" lon="2.541342">
        <ele>680.8</ele>
        <time>2024-03-19T02:41:21.139Z</time>
    </trkpt>
    <trkpt lat="42.135523" lon="2.541239">
        <ele>679.8</ele>
        <time>2024-03-19T02:42:01.139Z</time>
    </trkpt>
    <trkpt lat="42.135583" lon="2.541097">
        <ele>679.4</ele>
        <time>2024-03-19T02:42:41.139Z</time>
    </trkpt>
    <trkpt lat="42.135601" lon="2.541078">
        <ele>679.3</ele>
        <time>2024-03-19T02:43:21.139Z</time>
    </trkpt>
    <trkpt lat="42.135836" lon="2.541029">
        <ele>679.4</ele>
        <time>2024-03-19T02:44:01.139Z</time>
    </trkpt>
    <trkpt lat="42.135876" lon="2.541026">
        <ele>680.9</ele>
        <time>2024-03-19T02:44:41.139Z</time>
    </trkpt>
    <trkpt lat="42.13592" lon="2.541027">
        <ele>681.3</ele>
        <time>2024-03-19T02:45:21.139Z</time>
    </trkpt>
    <trkpt lat="42.13605" lon="2.541058">
        <ele>677.0</ele>
        <time>2024-03-19T02:46:01.139Z</time>
    </trkpt>
    <trkpt lat="42.136163" lon="2.541155">
        <ele>675.6</ele>
        <time>2024-03-19T02:46:41.139Z</time>
    </trkpt>
    <trkpt lat="42.13617" lon="2.541166">
        <ele>675.6</ele>
        <time>2024-03-19T02:47:21.139Z</time>
    </trkpt>
    <trkpt lat="42.136177" lon="2.541247">
        <ele>675.5</ele>
        <time>2024-03-19T02:48:01.139Z</time>
    </trkpt>
    <trkpt lat="42.136195" lon="2.541485">
        <ele>674.5</ele>
        <time>2024-03-19T02:48:41.139Z</time>
    </trkpt>
    <trkpt lat="42.136266" lon="2.541627">
        <ele>675.6</ele>
        <time>2024-03-19T02:49:21.139Z</time>
    </trkpt>
    <trkpt lat="42.136305" lon="2.541635">
        <ele>674.6</ele>
        <time>2024-03-19T02:50:01.139Z</time>
    </trkpt>
    <trkpt lat="42.136408" lon="2.541691">
        <ele>676.0</ele>
        <time>2024-03-19T02:50:41.139Z</time>
    </trkpt>
    <trkpt lat="42.136444" lon="2.541696">
        <ele>674.0</ele>
        <time>2024-03-19T02:51:21.139Z</time>
    </trkpt>
    <trkpt lat="42.136525" lon="2.541729">
        <ele>674.6</ele>
        <time>2024-03-19T02:52:01.139Z</time>
    </trkpt>
    <trkpt lat="42.136545" lon="2.54173">
        <ele>675.1</ele>
        <time>2024-03-19T02:52:41.139Z</time>
    </trkpt>
    <trkpt lat="42.136764" lon="2.541581">
        <ele>675.6</ele>
        <time>2024-03-19T02:53:21.139Z</time>
    </trkpt>
    <trkpt lat="42.136804" lon="2.541429">
        <ele>675.5</ele>
        <time>2024-03-19T02:54:01.139Z</time>
    </trkpt>
    <trkpt lat="42.136896" lon="2.541129">
        <ele>675.5</ele>
        <time>2024-03-19T02:54:41.139Z</time>
    </trkpt>
    <trkpt lat="42.137005" lon="2.540889">
        <ele>675.0</ele>
        <time>2024-03-19T02:55:21.139Z</time>
    </trkpt>
    <trkpt lat="42.137196" lon="2.540859">
        <ele>675.0</ele>
        <time>2024-03-19T02:56:01.139Z</time>
    </trkpt>
    <trkpt lat="42.137371" lon="2.540982">
        <ele>674.6</ele>
        <time>2024-03-19T02:56:41.139Z</time>
    </trkpt>
    <trkpt lat="42.137539" lon="2.541031">
        <ele>674.5</ele>
        <time>2024-03-19T02:57:21.139Z</time>
    </trkpt>
    <trkpt lat="42.137579" lon="2.541034">
        <ele>674.1</ele>
        <time>2024-03-19T02:58:01.139Z</time>
    </trkpt>
    <trkpt lat="42.137641" lon="2.541025">
        <ele>674.6</ele>
        <time>2024-03-19T02:58:41.139Z</time>
    </trkpt>
    <trkpt lat="42.137803" lon="2.540895">
        <ele>674.1</ele>
        <time>2024-03-19T02:59:21.139Z</time>
    </trkpt>
    <trkpt lat="42.137877" lon="2.540743">
        <ele>673.5</ele>
        <time>2024-03-19T03:00:01.139Z</time>
    </trkpt>
    <trkpt lat="42.137885" lon="2.540716">
        <ele>673.5</ele>
        <time>2024-03-19T03:00:41.139Z</time>
    </trkpt>
    <trkpt lat="42.137993" lon="2.540458">
        <ele>672.6</ele>
        <time>2024-03-19T03:01:21.139Z</time>
    </trkpt>
    <trkpt lat="42.138076" lon="2.540359">
        <ele>672.6</ele>
        <time>2024-03-19T03:02:01.139Z</time>
    </trkpt>
    <trkpt lat="42.138188" lon="2.540233">
        <ele>671.6</ele>
        <time>2024-03-19T03:02:41.139Z</time>
    </trkpt>
    <trkpt lat="42.138271" lon="2.539965">
        <ele>669.7</ele>
        <time>2024-03-19T03:03:21.139Z</time>
    </trkpt>
    <trkpt lat="42.138312" lon="2.539817">
        <ele>666.4</ele>
        <time>2024-03-19T03:04:01.139Z</time>
    </trkpt>
    <trkpt lat="42.138314" lon="2.539774">
        <ele>667.3</ele>
        <time>2024-03-19T03:04:41.139Z</time>
    </trkpt>
    <trkpt lat="42.138338" lon="2.539615">
        <ele>665.4</ele>
        <time>2024-03-19T03:05:21.139Z</time>
    </trkpt>
    <trkpt lat="42.138471" lon="2.539302">
        <ele>664.4</ele>
        <time>2024-03-19T03:06:01.139Z</time>
    </trkpt>
    <trkpt lat="42.138541" lon="2.539112">
        <ele>663.4</ele>
        <time>2024-03-19T03:06:41.139Z</time>
    </trkpt>
    <trkpt lat="42.138627" lon="2.538894">
        <ele>661.6</ele>
        <time>2024-03-19T03:07:21.139Z</time>
    </trkpt>
    <trkpt lat="42.13874" lon="2.538729">
        <ele>661.0</ele>
        <time>2024-03-19T03:08:01.139Z</time>
    </trkpt>
    <trkpt lat="42.138859" lon="2.53855">
        <ele>659.1</ele>
        <time>2024-03-19T03:08:41.139Z</time>
    </trkpt>
    <trkpt lat="42.138995" lon="2.538468">
        <ele>657.2</ele>
        <time>2024-03-19T03:09:21.139Z</time>
    </trkpt>
    <trkpt lat="42.139125" lon="2.538275">
        <ele>655.4</ele>
        <time>2024-03-19T03:10:01.139Z</time>
    </trkpt>
    <trkpt lat="42.139257" lon="2.538129">
        <ele>653.4</ele>
        <time>2024-03-19T03:10:41.139Z</time>
    </trkpt>
    <trkpt lat="42.139397" lon="2.538024">
        <ele>652.0</ele>
        <time>2024-03-19T03:11:21.139Z</time>
    </trkpt>
    <trkpt lat="42.139541" lon="2.537935">
        <ele>651.4</ele>
        <time>2024-03-19T03:12:01.139Z</time>
    </trkpt>
    <trkpt lat="42.139648" lon="2.53782">
        <ele>649.6</ele>
        <time>2024-03-19T03:12:41.139Z</time>
    </trkpt>
    <trkpt lat="42.139729" lon="2.537738">
        <ele>646.1</ele>
        <time>2024-03-19T03:13:21.139Z</time>
    </trkpt>
    <trkpt lat="42.139716" lon="2.537554">
        <ele>644.7</ele>
        <time>2024-03-19T03:14:01.139Z</time>
    </trkpt>
    <trkpt lat="42.13975" lon="2.537255">
        <ele>643.7</ele>
        <time>2024-03-19T03:14:41.139Z</time>
    </trkpt>
    <trkpt lat="42.139777" lon="2.53715">
        <ele>641.8</ele>
        <time>2024-03-19T03:15:21.139Z</time>
    </trkpt>
    <trkpt lat="42.139798" lon="2.537059">
        <ele>638.0</ele>
        <time>2024-03-19T03:15:45.129Z</time>
    </trkpt>
    <trkpt lat="42.139841" lon="2.536968">
        <ele>637.3</ele>
        <time>2024-03-19T03:16:12.292Z</time>
    </trkpt>
    <trkpt lat="42.13985" lon="2.5368">
        <ele>634.5</ele>
        <time>2024-03-19T03:16:54.692Z</time>
    </trkpt>
    <trkpt lat="42.139828" lon="2.53659">
        <ele>631.0</ele>
        <time>2024-03-19T03:17:48.079Z</time>
    </trkpt>
    <trkpt lat="42.139843" lon="2.536405">
        <ele>628.3</ele>
        <time>2024-03-19T03:18:34.926Z</time>
    </trkpt>
    <trkpt lat="42.139855" lon="2.536283">
        <ele>626.5</ele>
        <time>2024-03-19T03:19:05.905Z</time>
    </trkpt>
    <trkpt lat="42.139852" lon="2.536157">
        <ele>624.5</ele>
        <time>2024-03-19T03:19:37.639Z</time>
    </trkpt>
    <trkpt lat="42.139825" lon="2.536045">
        <ele>622.8</ele>
        <time>2024-03-19T03:20:07.285Z</time>
    </trkpt>
    <trkpt lat="42.139768" lon="2.536027">
        <ele>622.3</ele>
        <time>2024-03-19T03:20:27.158Z</time>
    </trkpt>
    <trkpt lat="42.139539" lon="2.53566">
        <ele>616.5</ele>
        <time>2024-03-19T03:22:27.899Z</time>
        <extensions>
        <gpxtpx:TrackPointExtension>
        <gpxtpx:Extensions>
            <surface>asphalt</surface>
        </gpxtpx:Extensions>
        </gpxtpx:TrackPointExtension>
        </extensions>
    </trkpt>
    <trkpt lat="42.139526" lon="2.535598">
        <ele>615.5</ele>
        <time>2024-03-19T03:22:44.118Z</time>
        <extensions>
        <gpxtpx:TrackPointExtension>
        <gpxtpx:Extensions>
            <surface>asphalt</surface>
        </gpxtpx:Extensions>
        </gpxtpx:TrackPointExtension>
        </extensions>
    </trkpt>
    <trkpt lat="42.139518" lon="2.53542">
        <ele>613.3</ele>
        <time>2024-03-19T03:23:29.008Z</time>
        <extensions>
        <gpxtpx:TrackPointExtension>
        <gpxtpx:Extensions>
            <surface>asphalt</surface>
        </gpxtpx:Extensions>
        </gpxtpx:TrackPointExtension>
        </extensions>
    </trkpt>
    <trkpt lat="42.139525" lon="2.535203">
        <ele>610.3</ele>
        <time>2024-03-19T03:24:23.684Z</time>
        <extensions>
        <gpxtpx:TrackPointExtension>
        <gpxtpx:Extensions>
            <surface>asphalt</surface>
        </gpxtpx:Extensions>
        </gpxtpx:TrackPointExtension>
        </extensions>
    </trkpt>
    <trkpt lat="42.139539" lon="2.535066">
        <ele>608.3</ele>
        <time>2024-03-19T03:24:58.496Z</time>
        <extensions>
        <gpxtpx:TrackPointExtension>
        <gpxtpx:Extensions>
            <surface>asphalt</surface>
        </gpxtpx:Extensions>
        </gpxtpx:TrackPointExtension>
        </extensions>
    </trkpt>
    <trkpt lat="42.139542" lon="2.534862">
        <ele>607.0</ele>
        <time>2024-03-19T03:25:49.858Z</time>
        <extensions>
        <gpxtpx:TrackPointExtension>
        <gpxtpx:Extensions>
            <surface>asphalt</surface>
        </gpxtpx:Extensions>
        </gpxtpx:TrackPointExtension>
        </extensions>
    </trkpt>
    <trkpt lat="42.139504" lon="2.534543">
        <ele>605.8</ele>
        <time>2024-03-19T03:27:11.189Z</time>
        <extensions>
        <gpxtpx:TrackPointExtension>
        <gpxtpx:Extensions>
            <surface>asphalt</surface>
        </gpxtpx:Extensions>
        </gpxtpx:TrackPointExtension>
        </extensions>
    </trkpt>
    <trkpt lat="42.139511" lon="2.534445">
        <ele>605.5</ele>
        <time>2024-03-19T03:27:35.972Z</time>
        <extensions>
        <gpxtpx:TrackPointExtension>
        <gpxtpx:Extensions>
            <surface>asphalt</surface>
        </gpxtpx:Extensions>
        </gpxtpx:TrackPointExtension>
        </extensions>
    </trkpt>
    <trkpt lat="42.139558" lon="2.534365">
        <ele>604.8</ele>
        <time>2024-03-19T03:28:01.665Z</time>
        <extensions>
        <gpxtpx:TrackPointExtension>
        <gpxtpx:Extensions>
            <surface>asphalt</surface>
        </gpxtpx:Extensions>
        </gpxtpx:TrackPointExtension>
        </extensions>
    </trkpt>
    <trkpt lat="42.139656" lon="2.534238">
        <ele>603.8</ele>
        <time>2024-03-19T03:28:47.804Z</time>
        <extensions>
        <gpxtpx:TrackPointExtension>
        <gpxtpx:Extensions>
            <surface>asphalt</surface>
        </gpxtpx:Extensions>
        </gpxtpx:TrackPointExtension>
        </extensions>
    </trkpt>
    <trkpt lat="42.13984" lon="2.534097">
        <ele>602.5</ele>
        <time>2024-03-19T03:29:59.648Z</time>
        <extensions>
        <gpxtpx:TrackPointExtension>
        <gpxtpx:Extensions>
            <surface>asphalt</surface>
        </gpxtpx:Extensions>
        </gpxtpx:TrackPointExtension>
        </extensions>
    </trkpt>
    <trkpt lat="42.140139" lon="2.533997">
        <ele>601.5</ele>
        <time>2024-03-19T03:31:44.227Z</time>
        <extensions>
        <gpxtpx:TrackPointExtension>
        <gpxtpx:Extensions>
            <surface>asphalt</surface>
        </gpxtpx:Extensions>
        </gpxtpx:TrackPointExtension>
        </extensions>
    </trkpt>
    <trkpt lat="42.14038" lon="2.533962">
        <ele>601.3</ele>
        <time>2024-03-19T03:33:06.514Z</time>
        <extensions>
        <gpxtpx:TrackPointExtension>
        <gpxtpx:Extensions>
            <surface>asphalt</surface>
        </gpxtpx:Extensions>
        </gpxtpx:TrackPointExtension>
        </extensions>
    </trkpt>
    <trkpt lat="42.141183" lon="2.534005">
        <ele>599.3</ele>
        <time>2024-03-19T03:37:39.331Z</time>
        <extensions>
        <gpxtpx:TrackPointExtension>
        <gpxtpx:Extensions>
            <surface>asphalt</surface>
        </gpxtpx:Extensions>
        </gpxtpx:TrackPointExtension>
        </extensions>
    </trkpt>
    <trkpt lat="42.141414" lon="2.533909">
        <ele>598.5</ele>
        <time>2024-03-19T03:39:01.389Z</time>
        <extensions>
        <gpxtpx:TrackPointExtension>
        <gpxtpx:Extensions>
            <surface>asphalt</surface>
        </gpxtpx:Extensions>
        </gpxtpx:TrackPointExtension>
        </extensions>
    </trkpt>
    <trkpt lat="42.141797" lon="2.533813">
        <ele>597.3</ele>
        <time>2024-03-19T03:41:13.636Z</time>
        <extensions>
        <gpxtpx:TrackPointExtension>
        <gpxtpx:Extensions>
            <surface>asphalt</surface>
        </gpxtpx:Extensions>
        </gpxtpx:TrackPointExtension>
        </extensions>
    </trkpt>
    <trkpt lat="42.141986" lon="2.533743">
        <ele>597.0</ele>
        <time>2024-03-19T03:42:20.173Z</time>
        <extensions>
        <gpxtpx:TrackPointExtension>
        <gpxtpx:Extensions>
            <surface>asphalt</surface>
        </gpxtpx:Extensions>
        </gpxtpx:TrackPointExtension>
        </extensions>
    </trkpt>
    <trkpt lat="42.142178" lon="2.533711">
        <ele>596.8</ele>
        <time>2024-03-19T03:43:25.849Z</time>
        <extensions>
        <gpxtpx:TrackPointExtension>
        <gpxtpx:Extensions>
            <surface>asphalt</surface>
        </gpxtpx:Extensions>
        </gpxtpx:TrackPointExtension>
        </extensions>
    </trkpt>
    <trkpt lat="42.142401" lon="2.533753">
        <ele>596.5</ele>
        <time>2024-03-19T03:44:42.287Z</time>
        <extensions>
        <gpxtpx:TrackPointExtension>
        <gpxtpx:Extensions>
            <surface>asphalt</surface>
        </gpxtpx:Extensions>
        </gpxtpx:TrackPointExtension>
        </extensions>
    </trkpt>
    <trkpt lat="42.144065" lon="2.53369">
        <ele>594.3</ele>
        <time>2024-03-19T03:54:07.405Z</time>
        <extensions>
        <gpxtpx:TrackPointExtension>
        <gpxtpx:Extensions>
            <surface>asphalt</surface>
        </gpxtpx:Extensions>
        </gpxtpx:TrackPointExtension>
        </extensions>
    </trkpt>
    <trkpt lat="42.144684" lon="2.53375">
        <ele>593.3</ele>
        <time>2024-03-19T03:57:38.085Z</time>
        <extensions>
        <gpxtpx:TrackPointExtension>
        <gpxtpx:Extensions>
            <surface>asphalt</surface>
        </gpxtpx:Extensions>
        </gpxtpx:TrackPointExtension>
        </extensions>
    </trkpt>
    <trkpt lat="42.145117" lon="2.53375">
        <ele>593.3</ele>
        <time>2024-03-19T04:00:05.080Z</time>
        <extensions>
        <gpxtpx:TrackPointExtension>
        <gpxtpx:Extensions>
            <surface>asphalt</surface>
        </gpxtpx:Extensions>
        </gpxtpx:TrackPointExtension>
        </extensions>
    </trkpt>
    <trkpt lat="42.145266" lon="2.533778">
        <ele>593.8</ele>
        <time>2024-03-19T04:00:56.151Z</time>
        <extensions>
        <gpxtpx:TrackPointExtension>
        <gpxtpx:Extensions>
            <surface>asphalt</surface>
        </gpxtpx:Extensions>
        </gpxtpx:TrackPointExtension>
        </extensions>
    </trkpt>
    <trkpt lat="42.145579" lon="2.533859">
        <ele>594.3</ele>
        <time>2024-03-19T04:02:44.346Z</time>
        <extensions>
        <gpxtpx:TrackPointExtension>
        <gpxtpx:Extensions>
            <surface>asphalt</surface>
        </gpxtpx:Extensions>
        </gpxtpx:TrackPointExtension>
        </extensions>
    </trkpt>
    <trkpt lat="42.145684" lon="2.533863">
        <ele>594.5</ele>
        <time>2024-03-19T04:03:20.005Z</time>
        <extensions>
        <gpxtpx:TrackPointExtension>
        <gpxtpx:Extensions>
            <surface>asphalt</surface>
        </gpxtpx:Extensions>
        </gpxtpx:TrackPointExtension>
        </extensions>
    </trkpt>
    <trkpt lat="42.145781" lon="2.533806">
        <ele>595.0</ele>
        <time>2024-03-19T04:03:55.924Z</time>
        <extensions>
        <gpxtpx:TrackPointExtension>
        <gpxtpx:Extensions>
            <surface>asphalt</surface>
        </gpxtpx:Extensions>
        </gpxtpx:TrackPointExtension>
        </extensions>
    </trkpt>
    <trkpt lat="42.146132" lon="2.533353">
        <ele>598.5</ele>
        <time>2024-03-19T04:06:40.846Z</time>
        <extensions>
        <gpxtpx:TrackPointExtension>
        <gpxtpx:Extensions>
            <surface>asphalt</surface>
        </gpxtpx:Extensions>
        </gpxtpx:TrackPointExtension>
        </extensions>
    </trkpt>
    <trkpt lat="42.146342" lon="2.533183">
        <ele>602.0</ele>
        <time>2024-03-19T04:08:03.992Z</time>
        <extensions>
        <gpxtpx:TrackPointExtension>
        <gpxtpx:Extensions>
            <surface>asphalt</surface>
        </gpxtpx:Extensions>
        </gpxtpx:TrackPointExtension>
        </extensions>
    </trkpt>
    <trkpt lat="42.146718" lon="2.532968">
        <ele>606.8</ele>
        <time>2024-03-19T04:10:22.634Z</time>
        <extensions>
        <gpxtpx:TrackPointExtension>
        <gpxtpx:Extensions>
            <surface>asphalt</surface>
        </gpxtpx:Extensions>
        </gpxtpx:TrackPointExtension>
        </extensions>
    </trkpt>
    <trkpt lat="42.147429" lon="2.532338">
        <ele>613.0</ele>
        <time>2024-03-19T04:15:11.432Z</time>
        <extensions>
        <gpxtpx:TrackPointExtension>
        <gpxtpx:Extensions>
            <surface>asphalt</surface>
        </gpxtpx:Extensions>
        </gpxtpx:TrackPointExtension>
        </extensions>
    </trkpt>
    <trkpt lat="42.147531" lon="2.5322">
        <ele>614.3</ele>
        <time>2024-03-19T04:16:00.477Z</time>
        <extensions>
        <gpxtpx:TrackPointExtension>
        <gpxtpx:Extensions>
            <surface>asphalt</surface>
        </gpxtpx:Extensions>
        </gpxtpx:TrackPointExtension>
        </extensions>
    </trkpt>
    <trkpt lat="42.147741" lon="2.531789">
        <ele>619.3</ele>
        <time>2024-03-19T04:18:06.110Z</time>
        <extensions>
        <gpxtpx:TrackPointExtension>
        <gpxtpx:Extensions>
            <surface>asphalt</surface>
        </gpxtpx:Extensions>
        </gpxtpx:TrackPointExtension>
        </extensions>
    </trkpt>
    <trkpt lat="42.14778" lon="2.531435">
        <ele>620.3</ele>
        <time>2024-03-19T04:19:36.188Z</time>
        <extensions>
        <gpxtpx:TrackPointExtension>
        <gpxtpx:Extensions>
            <surface>asphalt</surface>
        </gpxtpx:Extensions>
        </gpxtpx:TrackPointExtension>
        </extensions>
    </trkpt>
    <trkpt lat="42.147851" lon="2.53111">
        <ele>620.5</ele>
        <time>2024-03-19T04:21:01.466Z</time>
        <extensions>
        <gpxtpx:TrackPointExtension>
        <gpxtpx:Extensions>
            <surface>asphalt</surface>
        </gpxtpx:Extensions>
        </gpxtpx:TrackPointExtension>
        </extensions>
    </trkpt>
    <trkpt lat="42.147953" lon="2.530925">
        <ele>620.3</ele>
        <time>2024-03-19T04:21:59.493Z</time>
    </trkpt>
    <trkpt lat="42.148137" lon="2.530606">
        <ele>619.8</ele>
        <time>2024-03-19T04:23:41.220Z</time>
    </trkpt>
    <trkpt lat="42.148151" lon="2.53058">
        <ele>619.5</ele>
        <time>2024-03-19T04:23:49.246Z</time>
    </trkpt>
    <trkpt lat="42.148137" lon="2.530606">
        <ele>619.8</ele>
        <time>2024-03-19T04:23:57.272Z</time>
    </trkpt>
    <trkpt lat="42.147953" lon="2.530925">
        <ele>620.3</ele>
        <time>2024-03-19T04:25:38.231Z</time>
    </trkpt>
    <trkpt lat="42.147565" lon="2.530852">
        <ele>625.0</ele>
        <time>2024-03-19T04:27:50.221Z</time>
    </trkpt>
    </trkseg>
</trk>
</gpx>